COLLEGE ID,COLLEGE NAME,CAMPUS ID,CAMPUS,CITY/TOWN,POSTAL CODE,PROGRAM NAME,PROGRAM TYPE,PROGRAM CATEGORY,AUDIT,"GRADUATION RATE
(%)","GRADUATE EMPLOYMENT RATE
(%)","GRADUATE EMPLOYMENT RATE IN THE FIELD OF STUDY
(%)","GRADUATE SATISFACTION RATE
(% Satisfied)","EMPLOYER SATISFACTION RATE
(% Satisfied)","OSAP DEFAULT RATE
(%)"
PROVINCE-WIDE,ALL CAREER COLLEGES COMBINED,+,All Campuses Combined,,,,,,,75.2%,80.4%,62.6%,79.8%,93.5%,6.1%
200002,ROBAR CENTRE FOR TRANSPORT TRAINING INC.,+,+,,,+,,,Y,95.5%,77.1%,60.0%,94.3%,100.0%,ND
200002,ROBAR CENTRE FOR TRANSPORT TRAINING INC.,101148,"ROBAR CENTRE FOR TRANSPORT TRAINING, HANNON",HANNON,L0R 1P0,+,,,Y,95.5%,77.1%,60.0%,94.3%,100.0%,ND
200002,ROBAR CENTRE FOR TRANSPORT TRAINING INC.,101148,"ROBAR CENTRE FOR TRANSPORT TRAINING, HANNON",HANNON,L0R 1P0,HEAVY EQUIPMENT OPERATOR,Construction Trade,Heavy Equipment Operator,Y,95.5%,77.1%,60.0%,94.3%,100.0%,ND
200024,ADVANCED FINANCIAL SOLUTIONS INC.,+,+,,,+,,,Y,97.8%,50.0%,33.3%,81.3%,ND,ND
200024,ADVANCED FINANCIAL SOLUTIONS INC.,101173,"LOOKS AESTHETIC ACADEMY, MISSISSAUGA",MISSISSAUGA,L4Z 2Z1,+,,,Y,97.8%,50.0%,33.3%,81.3%,ND,2.9%
200024,ADVANCED FINANCIAL SOLUTIONS INC.,101173,"LOOKS AESTHETIC ACADEMY, MISSISSAUGA",MISSISSAUGA,L4Z 2Z1,ADVANCED MEDICAL LASER TECHNICIAN ONLINE,Human Services,Esthetics/Medical Esthetics,Y,94.7%,45.5%,18.2%,64.3%,ND,ND
200024,ADVANCED FINANCIAL SOLUTIONS INC.,101173,"LOOKS AESTHETIC ACADEMY, MISSISSAUGA",MISSISSAUGA,L4Z 2Z1,ADVANCED MEDICAL LASER TECHNICIAN,Human Services,Esthetics/Medical Esthetics,Y,100.0%,52.6%,42.1%,94.4%,ND,ND
200024,ADVANCED FINANCIAL SOLUTIONS INC.,101173,"LOOKS AESTHETIC ACADEMY, MISSISSAUGA",MISSISSAUGA,L4Z 2Z1,ESTHETICS PROGRAM,Human Services,Esthetics/Medical Esthetics,Y,ND,ND,ND,ND,ND,ND
200024,ADVANCED FINANCIAL SOLUTIONS INC.,101173,"LOOKS AESTHETIC ACADEMY, MISSISSAUGA",MISSISSAUGA,L4Z 2Z1,MEDICAL AESTHETIC DIPLOMA,Human Services,Esthetics/Medical Esthetics,Y,SS,ND,ND,ND,ND,ND
200024,ADVANCED FINANCIAL SOLUTIONS INC.,101173,"LOOKS AESTHETIC ACADEMY, MISSISSAUGA",MISSISSAUGA,L4Z 2Z1,SPA MANAGEMENT ONLINE,Human Services,Esthetics/Medical Esthetics,Y,ND,ND,ND,ND,ND,ND
200024,ADVANCED FINANCIAL SOLUTIONS INC.,101173,"LOOKS AESTHETIC ACADEMY, MISSISSAUGA",MISSISSAUGA,L4Z 2Z1,SPA MANAGEMENT,Human Services,Esthetics/Medical Esthetics,Y,SS,ND,ND,ND,ND,ND
200033,1327913 ONTARIO INC.,+,+,,,+,,,Y,75.6%,90.9%,78.4%,80.2%,100.0%,ND
200033,1327913 ONTARIO INC.,101186,"GATES COLLEGE OF BUSINESS, CULINARY & HEALTHCARE, COBOURG",COBOURG,K9A 5H7,+,,,Y,77.6%,91.8%,85.7%,82.7%,100.0%,4.7%
200033,1327913 ONTARIO INC.,101186,"GATES COLLEGE OF BUSINESS, CULINARY & HEALTHCARE, COBOURG",COBOURG,K9A 5H7,ACCOUNTING & PAYROLL ADMINISTRATOR,Business,Accounting and Payroll Administration,Y,57.1%,SS,SS,SS,ND,ND
200033,1327913 ONTARIO INC.,101186,"GATES COLLEGE OF BUSINESS, CULINARY & HEALTHCARE, COBOURG",COBOURG,K9A 5H7,ADVANCED BUSINESS MANAGEMENT,Business,Business Management,Y,50.0%,ND,ND,ND,ND,ND
200033,1327913 ONTARIO INC.,101186,"GATES COLLEGE OF BUSINESS, CULINARY & HEALTHCARE, COBOURG",COBOURG,K9A 5H7,CHILD AND YOUTH WORKER,Community and Social Services,Community Services Worker,Y,40.0%,SS,SS,SS,ND,ND
200033,1327913 ONTARIO INC.,101186,"GATES COLLEGE OF BUSINESS, CULINARY & HEALTHCARE, COBOURG",COBOURG,K9A 5H7,COMMUNITY SERVICES WORKER,Community and Social Services,Community Services Worker,Y,40.0%,SS,SS,SS,ND,ND
200033,1327913 ONTARIO INC.,101186,"GATES COLLEGE OF BUSINESS, CULINARY & HEALTHCARE, COBOURG",COBOURG,K9A 5H7,DEVELOPMENTAL SERVICE WORKER,Community and Social Services,Community Services Worker,Y,SS,ND,ND,ND,ND,ND
200033,1327913 ONTARIO INC.,101186,"GATES COLLEGE OF BUSINESS, CULINARY & HEALTHCARE, COBOURG",COBOURG,K9A 5H7,ESTHETICS,Human Services,Esthetics/Medical Esthetics,Y,SS,SS,SS,SS,ND,ND
200033,1327913 ONTARIO INC.,101186,"GATES COLLEGE OF BUSINESS, CULINARY & HEALTHCARE, COBOURG",COBOURG,K9A 5H7,LAW & SECURITY,Law and Public Safety,Law Enforcement/Police Foundations,Y,SS,ND,ND,ND,ND,ND
200033,1327913 ONTARIO INC.,101186,"GATES COLLEGE OF BUSINESS, CULINARY & HEALTHCARE, COBOURG",COBOURG,K9A 5H7,MEDICAL OFFICE ASSISTANT,Health Services,Medical Office Administration/Management,Y,100.0%,100.0%,100.0%,33.3%,ND,ND
200033,1327913 ONTARIO INC.,101186,"GATES COLLEGE OF BUSINESS, CULINARY & HEALTHCARE, COBOURG",COBOURG,K9A 5H7,PERSONAL SUPPORT WORKER,Health Services,Personal Support Worker/Personal Attendant,Y,82.3%,95.0%,92.5%,95.1%,100.0%,ND
200033,1327913 ONTARIO INC.,143494,"GATES COLLEGE OF BUSINESS, CULINARY & HEALTHCARE, SAULT STE MARIE, ON",SAULT STE. MARIE,P6A 1Z2,+,,,Y,63.8%,75.0%,50.0%,75.0%,100.0%,35.3%
200033,1327913 ONTARIO INC.,143494,"GATES COLLEGE OF BUSINESS, CULINARY & HEALTHCARE, SAULT STE MARIE, ON",SAULT STE. MARIE,P6A 1Z2,ADVANCED BUSINESS MANAGEMENT,Business,Business Management,Y,SS,ND,ND,ND,ND,ND
200033,1327913 ONTARIO INC.,143494,"GATES COLLEGE OF BUSINESS, CULINARY & HEALTHCARE, SAULT STE MARIE, ON",SAULT STE. MARIE,P6A 1Z2,LAW & SECURITY,Law and Public Safety,Law Enforcement/Police Foundations,Y,SS,SS,SS,SS,ND,ND
200033,1327913 ONTARIO INC.,143494,"GATES COLLEGE OF BUSINESS, CULINARY & HEALTHCARE, SAULT STE MARIE, ON",SAULT STE. MARIE,P6A 1Z2,MEDICAL OFFICE ASSISTANT,Health Services,Medical Office Administration/Management,Y,90.0%,75.0%,0.0%,50.0%,ND,ND
200033,1327913 ONTARIO INC.,143494,"GATES COLLEGE OF BUSINESS, CULINARY & HEALTHCARE, SAULT STE MARIE, ON",SAULT STE. MARIE,P6A 1Z2,PERSONAL SUPPORT WORKER,Health Services,Personal Support Worker/Personal Attendant,Y,64.5%,85.7%,85.7%,85.7%,100.0%,ND
200033,1327913 ONTARIO INC.,162255,"GATES COLLEGE OF BUSINESS, CULINARY & HEALTHCARE, PETERBOROUGH",PETERBOROUGH,K9J 7M2,+,,,Y,79.3%,96.3%,77.8%,77.8%,100.0%,ND
200033,1327913 ONTARIO INC.,162255,"GATES COLLEGE OF BUSINESS, CULINARY & HEALTHCARE, PETERBOROUGH",PETERBOROUGH,K9J 7M2,ADVANCED BUSINESS MANAGEMENT,Business,Business Management,Y,ND,SS,SS,SS,ND,ND
200033,1327913 ONTARIO INC.,162255,"GATES COLLEGE OF BUSINESS, CULINARY & HEALTHCARE, PETERBOROUGH",PETERBOROUGH,K9J 7M2,LAW & SECURITY,Law and Public Safety,Law Enforcement/Police Foundations,Y,SS,ND,ND,ND,ND,ND
200033,1327913 ONTARIO INC.,162255,"GATES COLLEGE OF BUSINESS, CULINARY & HEALTHCARE, PETERBOROUGH",PETERBOROUGH,K9J 7M2,MEDICAL OFFICE ASSISTANT,Health Services,Medical Office Administration/Management,Y,83.3%,100.0%,25.0%,25.0%,ND,ND
200033,1327913 ONTARIO INC.,162255,"GATES COLLEGE OF BUSINESS, CULINARY & HEALTHCARE, PETERBOROUGH",PETERBOROUGH,K9J 7M2,PERSONAL SUPPORT WORKER,Health Services,Personal Support Worker/Personal Attendant,Y,80.4%,100.0%,90.9%,90.9%,100.0%,ND
200034,2027927 ONTARIO INC.,+,+,,,+,,,Y,61.5%,78.8%,67.3%,87.0%,100.0%,ND
200034,2027927 ONTARIO INC.,101190,"EVERGREEN COLLEGE, TORONTO",TORONTO,M5E 1J8,+,,,Y,63.2%,77.6%,67.3%,86.3%,100.0%,ND
200034,2027927 ONTARIO INC.,101190,"EVERGREEN COLLEGE, TORONTO",TORONTO,M5E 1J8,BUSINESS ADMINISTRATION IN INTERNATIONAL TRADING,Business,Business Administration,Y,70.0%,0.0%,0.0%,0.0%,ND,ND
200034,2027927 ONTARIO INC.,101190,"EVERGREEN COLLEGE, TORONTO",TORONTO,M5E 1J8,COMMUNITY SERVICE WORKER,Community and Social Services,Community Services Worker,Y,ND,SS,SS,SS,ND,ND
200034,2027927 ONTARIO INC.,101190,"EVERGREEN COLLEGE, TORONTO",TORONTO,M5E 1J8,COMPUTER SYSTEM AND NETWORK SPECIALIST,Computer and Information Technology,Information Technology,Y,60.0%,ND,ND,ND,ND,ND
200034,2027927 ONTARIO INC.,101190,"EVERGREEN COLLEGE, TORONTO",TORONTO,M5E 1J8,COMPUTERIZED ACCOUNTING AND PAYROLL,Business,Accounting,Y,ND,SS,SS,SS,ND,ND
200034,2027927 ONTARIO INC.,101190,"EVERGREEN COLLEGE, TORONTO",TORONTO,M5E 1J8,COMPUTERIZEDACCOUNTING AND PAYROLL,Business,Accounting,Y,ND,ND,ND,ND,ND,ND
200034,2027927 ONTARIO INC.,101190,"EVERGREEN COLLEGE, TORONTO",TORONTO,M5E 1J8,DEVELOPMENTAL SERVICE WORKER,Community and Social Services,Community Services Worker,Y,53.8%,100.0%,100.0%,100.0%,ND,ND
200034,2027927 ONTARIO INC.,101190,"EVERGREEN COLLEGE, TORONTO",TORONTO,M5E 1J8,EARLY CHILDCARE ASSISTANT,Human Services,Early Childhood Assistant,Y,SS,ND,ND,ND,ND,ND
200034,2027927 ONTARIO INC.,101190,"EVERGREEN COLLEGE, TORONTO",TORONTO,M5E 1J8,EARLY CHILDHOOD ASSISTANT,Human Services,Early Childhood Assistant,Y,80.0%,83.3%,66.7%,50.0%,ND,ND
200034,2027927 ONTARIO INC.,101190,"EVERGREEN COLLEGE, TORONTO",TORONTO,M5E 1J8,HOSPITALITY MANAGEMENT,Business,Hospitality Administration/Management,Y,75.0%,50.0%,50.0%,75.0%,100.0%,ND
200034,2027927 ONTARIO INC.,101190,"EVERGREEN COLLEGE, TORONTO",TORONTO,M5E 1J8,HOSPITALITY OPERATIONS,Business,Hospitality Administration/Management,Y,SS,ND,ND,ND,ND,ND
200034,2027927 ONTARIO INC.,101190,"EVERGREEN COLLEGE, TORONTO",TORONTO,M5E 1J8,MEDICAL OFFICE ADMINISTRATOR,Health Services,Medical Office Administration/Management,Y,100.0%,ND,ND,ND,ND,ND
200034,2027927 ONTARIO INC.,101190,"EVERGREEN COLLEGE, TORONTO",TORONTO,M5E 1J8,PERSONAL SUPPORT WORKER,Health Services,Personal Support Worker/Personal Attendant,Y,58.9%,79.3%,72.4%,93.5%,100.0%,ND
200034,2027927 ONTARIO INC.,101190,"EVERGREEN COLLEGE, TORONTO",TORONTO,M5E 1J8,POSTGRADUATE DIPLOMA IN CLINICAL RESEARCH,Health Services,Other - Health Services,Y,SS,SS,SS,SS,ND,ND
200034,2027927 ONTARIO INC.,186835,"EVERGREEN COLLEGE, SCARBOROUGH, 186835",SCARBOROUGH,M1S 5K7,+,,,Y,50.0%,100.0%,66.7%,100.0%,ND,ND
200034,2027927 ONTARIO INC.,186835,"EVERGREEN COLLEGE, SCARBOROUGH, 186835",SCARBOROUGH,M1S 5K7,FOOD SERVICE WORKER,Services,Other - Services,Y,64.3%,100.0%,66.7%,100.0%,ND,ND
200034,2027927 ONTARIO INC.,186835,"EVERGREEN COLLEGE, SCARBOROUGH, 186835",SCARBOROUGH,M1S 5K7,POSTGRADUATE DIPLOMA - BUSINESS IN THE DIGITAL ERA,Business,Other - Business,Y,25.0%,ND,ND,ND,ND,ND
200042,1552200 ONTARIO INC.,+,+,,,+,,,Y,38.5%,87.5%,75.0%,100.0%,ND,ND
200042,1552200 ONTARIO INC.,101205,"LIAISON COLLEGE, BRAMPTON",BRAMPTON,L6W 3P6,+,,,Y,38.5%,87.5%,75.0%,100.0%,ND,ND
200042,1552200 ONTARIO INC.,101205,"LIAISON COLLEGE, BRAMPTON",BRAMPTON,L6W 3P6,BUSINESS ADMINISTRATION,Business,Business Administration,Y,37.5%,SS,SS,SS,ND,ND
200042,1552200 ONTARIO INC.,101205,"LIAISON COLLEGE, BRAMPTON",BRAMPTON,L6W 3P6,CERTIFICATE IN OFFICE ADMINISTRATION,Business,Office Administration,Y,60.0%,ND,ND,ND,ND,ND
200042,1552200 ONTARIO INC.,101205,"LIAISON COLLEGE, BRAMPTON",BRAMPTON,L6W 3P6,CHEF DE CUISINE,Service Trade,Chef,Y,SS,SS,SS,SS,ND,ND
200042,1552200 ONTARIO INC.,101205,"LIAISON COLLEGE, BRAMPTON",BRAMPTON,L6W 3P6,COOK BASIC - LEVEL I (P/T),Service Trade,Cook/Assistant Cook,Y,ND,SS,SS,SS,ND,ND
200042,1552200 ONTARIO INC.,101205,"LIAISON COLLEGE, BRAMPTON",BRAMPTON,L6W 3P6,COOK BASIC - LEVEL I,Service Trade,Cook/Assistant Cook,Y,SS,SS,SS,SS,ND,ND
200042,1552200 ONTARIO INC.,101205,"LIAISON COLLEGE, BRAMPTON",BRAMPTON,L6W 3P6,CULINARY & HOSPITALITY OPERATIONS MANAGEMENT,Service Trade,Chef,Y,0.0%,ND,ND,ND,ND,ND
200042,1552200 ONTARIO INC.,101205,"LIAISON COLLEGE, BRAMPTON",BRAMPTON,L6W 3P6,POST GRADUATE DIPLOMA IN PROJECT MANAGEMENT,Business,Project Administration/Management,Y,ND,ND,ND,ND,ND,ND
200044,THE ACADEMY OF LOCKSMITHING INC.,+,+,,,+,,,Y,94.4%,93.3%,73.3%,93.3%,100.0%,ND
200044,THE ACADEMY OF LOCKSMITHING INC.,101209,"ACADEMY OF LOCKSMITHING INC. (THE), TORONTO",TORONTO,M1P 3E6,+,,,Y,94.4%,93.3%,73.3%,93.3%,100.0%,ND
200044,THE ACADEMY OF LOCKSMITHING INC.,101209,"ACADEMY OF LOCKSMITHING INC. (THE), TORONTO",TORONTO,M1P 3E6,BASIC LOCKSMITHING,Industrial Trade,Locksmith,Y,94.4%,93.3%,73.3%,93.3%,100.0%,ND
200045,TRANSPORT TRAINING CENTRES OF CANADA INC.,+,+,,,+,,,Y,66.6%,79.3%,62.5%,68.3%,86.4%,ND
200045,TRANSPORT TRAINING CENTRES OF CANADA INC.,101202,"TRANSPORT TRAINING CENTRES OF CANADA INC, BELLEVILLE",BELLEVILLE,K8P 4Y7,+,,,Y,78.6%,80.5%,61.0%,61.0%,75.0%,ND
200045,TRANSPORT TRAINING CENTRES OF CANADA INC.,101202,"TRANSPORT TRAINING CENTRES OF CANADA INC, BELLEVILLE",BELLEVILLE,K8P 4Y7,AZ & EXCAVATOR PROGRAM,Tractor-Trailer / Driver Licensing,AZ Class Truck Driver Combined,Y,SS,SS,SS,SS,ND,ND
200045,TRANSPORT TRAINING CENTRES OF CANADA INC.,101202,"TRANSPORT TRAINING CENTRES OF CANADA INC, BELLEVILLE",BELLEVILLE,K8P 4Y7,BULLDOZER PROGRAM,Construction Trade,Heavy Equipment Operator,Y,SS,ND,ND,ND,ND,ND
200045,TRANSPORT TRAINING CENTRES OF CANADA INC.,101202,"TRANSPORT TRAINING CENTRES OF CANADA INC, BELLEVILLE",BELLEVILLE,K8P 4Y7,CONSTRUCTION PROGRAM - GOLD,Tractor-Trailer / Driver Licensing,AZ Class Truck Driver Combined,Y,SS,ND,ND,ND,ND,ND
200045,TRANSPORT TRAINING CENTRES OF CANADA INC.,101202,"TRANSPORT TRAINING CENTRES OF CANADA INC, BELLEVILLE",BELLEVILLE,K8P 4Y7,CONSTRUCTION PROGRAM - PLATINUM,Tractor-Trailer / Driver Licensing,AZ Class Truck Driver Combined,Y,ND,SS,SS,SS,ND,ND
200045,TRANSPORT TRAINING CENTRES OF CANADA INC.,101202,"TRANSPORT TRAINING CENTRES OF CANADA INC, BELLEVILLE",BELLEVILLE,K8P 4Y7,CONSTRUCTION PROGRAM - SILVER,Tractor-Trailer / Driver Licensing,AZ Class Truck Driver Combined,Y,ND,SS,SS,ND,ND,ND
200045,TRANSPORT TRAINING CENTRES OF CANADA INC.,101202,"TRANSPORT TRAINING CENTRES OF CANADA INC, BELLEVILLE",BELLEVILLE,K8P 4Y7,HEAVY EQUIPMENT PROGRAM - BRONZE,Construction Trade,Heavy Equipment Operator,Y,100.0%,75.0%,41.7%,61.5%,ND,ND
200045,TRANSPORT TRAINING CENTRES OF CANADA INC.,101202,"TRANSPORT TRAINING CENTRES OF CANADA INC, BELLEVILLE",BELLEVILLE,K8P 4Y7,HEAVY EQUIPMENT PROGRAM - GOLD,Construction Trade,Heavy Equipment Operator,Y,100.0%,66.7%,66.7%,66.7%,ND,ND
200045,TRANSPORT TRAINING CENTRES OF CANADA INC.,101202,"TRANSPORT TRAINING CENTRES OF CANADA INC, BELLEVILLE",BELLEVILLE,K8P 4Y7,HEAVY EQUIPMENT PROGRAM - PLATINUM,Construction Trade,Heavy Equipment Operator,Y,SS,SS,SS,SS,ND,ND
200045,TRANSPORT TRAINING CENTRES OF CANADA INC.,101202,"TRANSPORT TRAINING CENTRES OF CANADA INC, BELLEVILLE",BELLEVILLE,K8P 4Y7,STRAIGHT TRUCK PROGRAM (DZ),Tractor-Trailer / Driver Licensing,DZ Class Truck Driver,Y,82.5%,90.0%,80.0%,80.0%,66.7%,ND
200045,TRANSPORT TRAINING CENTRES OF CANADA INC.,101202,"TRANSPORT TRAINING CENTRES OF CANADA INC, BELLEVILLE",BELLEVILLE,K8P 4Y7,TRANSPORT TRAINING PROGRAM (AZ),Tractor-Trailer / Driver Licensing,AZ Class Truck Driver,Y,65.1%,90.9%,72.7%,36.4%,100.0%,ND
200045,TRANSPORT TRAINING CENTRES OF CANADA INC.,101210,"TRANSPORT TRAINING CENTRES OF CANADA INC., OWEN SOUND",OWEN SOUND,N4K 5P5,+,,,Y,70.6%,100.0%,33.3%,50.0%,ND,ND
200045,TRANSPORT TRAINING CENTRES OF CANADA INC.,101210,"TRANSPORT TRAINING CENTRES OF CANADA INC., OWEN SOUND",OWEN SOUND,N4K 5P5,CONSTRUCTION PROGRAM - GOLD,Tractor-Trailer / Driver Licensing,AZ Class Truck Driver Combined,Y,66.7%,SS,SS,SS,ND,ND
200045,TRANSPORT TRAINING CENTRES OF CANADA INC.,101210,"TRANSPORT TRAINING CENTRES OF CANADA INC., OWEN SOUND",OWEN SOUND,N4K 5P5,HEAVY EQUIPMENT PROGRAM - GOLD,Construction Trade,Heavy Equipment Operator,Y,SS,ND,ND,ND,ND,ND
200045,TRANSPORT TRAINING CENTRES OF CANADA INC.,101210,"TRANSPORT TRAINING CENTRES OF CANADA INC., OWEN SOUND",OWEN SOUND,N4K 5P5,STRAIGHT TRUCK PROGRAM (DZ),Tractor-Trailer / Driver Licensing,DZ Class Truck Driver,Y,SS,SS,SS,SS,ND,ND
200045,TRANSPORT TRAINING CENTRES OF CANADA INC.,101210,"TRANSPORT TRAINING CENTRES OF CANADA INC., OWEN SOUND",OWEN SOUND,N4K 5P5,TRANSPORT TRAINING PROGRAM (AZ),Tractor-Trailer / Driver Licensing,AZ Class Truck Driver,Y,85.7%,100.0%,33.3%,33.3%,ND,ND
200045,TRANSPORT TRAINING CENTRES OF CANADA INC.,101213,"TRANSPORT TRAINING CENTRES OF CANADA INC., BARRIE",BARRIE,L4M 5K3,+,,,Y,46.0%,70.4%,51.9%,70.4%,100.0%,ND
200045,TRANSPORT TRAINING CENTRES OF CANADA INC.,101213,"TRANSPORT TRAINING CENTRES OF CANADA INC., BARRIE",BARRIE,L4M 5K3,AZ & EXCAVATOR PROGRAM,Tractor-Trailer / Driver Licensing,AZ Class Truck Driver Combined,Y,SS,ND,ND,ND,ND,ND
200045,TRANSPORT TRAINING CENTRES OF CANADA INC.,101213,"TRANSPORT TRAINING CENTRES OF CANADA INC., BARRIE",BARRIE,L4M 5K3,BULLDOZER PROGRAM,Construction Trade,Heavy Equipment Operator,Y,SS,SS,SS,SS,ND,ND
200045,TRANSPORT TRAINING CENTRES OF CANADA INC.,101213,"TRANSPORT TRAINING CENTRES OF CANADA INC., BARRIE",BARRIE,L4M 5K3,CONSTRUCTION PROGRAM - GOLD,Tractor-Trailer / Driver Licensing,AZ Class Truck Driver Combined,Y,14.3%,SS,SS,SS,ND,ND
200045,TRANSPORT TRAINING CENTRES OF CANADA INC.,101213,"TRANSPORT TRAINING CENTRES OF CANADA INC., BARRIE",BARRIE,L4M 5K3,CONSTRUCTION PROGRAM - PLATINUM,Tractor-Trailer / Driver Licensing,AZ Class Truck Driver Combined,Y,SS,ND,ND,ND,ND,ND
200045,TRANSPORT TRAINING CENTRES OF CANADA INC.,101213,"TRANSPORT TRAINING CENTRES OF CANADA INC., BARRIE",BARRIE,L4M 5K3,EXCAVATOR PROGRAM,Construction Trade,Heavy Equipment Operator,Y,SS,ND,ND,ND,ND,ND
200045,TRANSPORT TRAINING CENTRES OF CANADA INC.,101213,"TRANSPORT TRAINING CENTRES OF CANADA INC., BARRIE",BARRIE,L4M 5K3,HEAVY EQUIPMENT PROGRAM - BRONZE,Construction Trade,Heavy Equipment Operator,Y,ND,ND,ND,ND,ND,ND
200045,TRANSPORT TRAINING CENTRES OF CANADA INC.,101213,"TRANSPORT TRAINING CENTRES OF CANADA INC., BARRIE",BARRIE,L4M 5K3,HEAVY EQUIPMENT PROGRAM - GOLD,Construction Trade,Heavy Equipment Operator,Y,52.9%,75.0%,75.0%,75.0%,100.0%,ND
200045,TRANSPORT TRAINING CENTRES OF CANADA INC.,101213,"TRANSPORT TRAINING CENTRES OF CANADA INC., BARRIE",BARRIE,L4M 5K3,HEAVY EQUIPMENT PROGRAM - PLATINUM,Construction Trade,Heavy Equipment Operator,Y,100.0%,0.0%,0.0%,50.0%,ND,ND
200045,TRANSPORT TRAINING CENTRES OF CANADA INC.,101213,"TRANSPORT TRAINING CENTRES OF CANADA INC., BARRIE",BARRIE,L4M 5K3,HEAVY EQUIPMENT PROGRAM - SILVER,Construction Trade,Heavy Equipment Operator,Y,80.0%,SS,SS,SS,ND,ND
200045,TRANSPORT TRAINING CENTRES OF CANADA INC.,101213,"TRANSPORT TRAINING CENTRES OF CANADA INC., BARRIE",BARRIE,L4M 5K3,LOADER PROGRAM,Construction Trade,Heavy Equipment Operator,Y,SS,SS,SS,SS,ND,ND
200045,TRANSPORT TRAINING CENTRES OF CANADA INC.,101213,"TRANSPORT TRAINING CENTRES OF CANADA INC., BARRIE",BARRIE,L4M 5K3,STRAIGHT TRUCK PROGRAM (DZ),Tractor-Trailer / Driver Licensing,DZ Class Truck Driver,Y,21.7%,100.0%,100.0%,100.0%,100.0%,ND
200045,TRANSPORT TRAINING CENTRES OF CANADA INC.,101213,"TRANSPORT TRAINING CENTRES OF CANADA INC., BARRIE",BARRIE,L4M 5K3,TRANSPORT TRAINING PROGRAM (AZ),Tractor-Trailer / Driver Licensing,AZ Class Truck Driver,Y,42.1%,81.8%,54.5%,63.6%,ND,ND
200045,TRANSPORT TRAINING CENTRES OF CANADA INC.,101388,"TRANSPORT TRAINING CENTRES OF CANADA INC., PETERBOROUGH",PETERBOROUGH,K9J 5T9,+,,,Y,79.3%,72.0%,48.0%,64.0%,100.0%,ND
200045,TRANSPORT TRAINING CENTRES OF CANADA INC.,101388,"TRANSPORT TRAINING CENTRES OF CANADA INC., PETERBOROUGH",PETERBOROUGH,K9J 5T9,CONSTRUCTION PROGRAM - GOLD,Tractor-Trailer / Driver Licensing,AZ Class Truck Driver Combined,Y,SS,ND,ND,ND,ND,ND
200045,TRANSPORT TRAINING CENTRES OF CANADA INC.,101388,"TRANSPORT TRAINING CENTRES OF CANADA INC., PETERBOROUGH",PETERBOROUGH,K9J 5T9,CONSTRUCTION PROGRAM - PLATINUM,Tractor-Trailer / Driver Licensing,AZ Class Truck Driver Combined,Y,SS,SS,SS,SS,ND,ND
200045,TRANSPORT TRAINING CENTRES OF CANADA INC.,101388,"TRANSPORT TRAINING CENTRES OF CANADA INC., PETERBOROUGH",PETERBOROUGH,K9J 5T9,CONSTRUCTION PROGRAM - SILVER,Tractor-Trailer / Driver Licensing,AZ Class Truck Driver Combined,Y,SS,ND,ND,ND,ND,ND
200045,TRANSPORT TRAINING CENTRES OF CANADA INC.,101388,"TRANSPORT TRAINING CENTRES OF CANADA INC., PETERBOROUGH",PETERBOROUGH,K9J 5T9,EXCAVATOR PROGRAM,Construction Trade,Heavy Equipment Operator,Y,SS,SS,SS,SS,ND,ND
200045,TRANSPORT TRAINING CENTRES OF CANADA INC.,101388,"TRANSPORT TRAINING CENTRES OF CANADA INC., PETERBOROUGH",PETERBOROUGH,K9J 5T9,HEAVY EQUIPMENT PROGRAM - GOLD,Construction Trade,Heavy Equipment Operator,Y,SS,ND,ND,ND,ND,ND
200045,TRANSPORT TRAINING CENTRES OF CANADA INC.,101388,"TRANSPORT TRAINING CENTRES OF CANADA INC., PETERBOROUGH",PETERBOROUGH,K9J 5T9,HEAVY EQUIPMENT PROGRAM - PLATINUM,Construction Trade,Heavy Equipment Operator,Y,SS,SS,SS,SS,ND,ND
200045,TRANSPORT TRAINING CENTRES OF CANADA INC.,101388,"TRANSPORT TRAINING CENTRES OF CANADA INC., PETERBOROUGH",PETERBOROUGH,K9J 5T9,HEAVY EQUIPMENT PROGRAM - SILVER,Construction Trade,Heavy Equipment Operator,Y,SS,ND,ND,ND,ND,ND
200045,TRANSPORT TRAINING CENTRES OF CANADA INC.,101388,"TRANSPORT TRAINING CENTRES OF CANADA INC., PETERBOROUGH",PETERBOROUGH,K9J 5T9,LOADER PROGRAM,Construction Trade,Heavy Equipment Operator,Y,SS,SS,SS,SS,ND,ND
200045,TRANSPORT TRAINING CENTRES OF CANADA INC.,101388,"TRANSPORT TRAINING CENTRES OF CANADA INC., PETERBOROUGH",PETERBOROUGH,K9J 5T9,STRAIGHT TRUCK PROGRAM (DZ),Tractor-Trailer / Driver Licensing,DZ Class Truck Driver,Y,76.3%,71.4%,42.9%,57.1%,ND,ND
200045,TRANSPORT TRAINING CENTRES OF CANADA INC.,101388,"TRANSPORT TRAINING CENTRES OF CANADA INC., PETERBOROUGH",PETERBOROUGH,K9J 5T9,TRANSPORT TRAINING PROGRAM (AZ),Tractor-Trailer / Driver Licensing,AZ Class Truck Driver,Y,92.3%,84.6%,61.5%,76.9%,100.0%,ND
200045,TRANSPORT TRAINING CENTRES OF CANADA INC.,101389,"TRANSPORT TRAINING CENTRES OF CANADA INC., SUDBURY",SUDBURY,P3B 2G1,+,,,Y,58.4%,80.0%,55.0%,73.7%,ND,ND
200045,TRANSPORT TRAINING CENTRES OF CANADA INC.,101389,"TRANSPORT TRAINING CENTRES OF CANADA INC., SUDBURY",SUDBURY,P3B 2G1,CONSTRUCTION PROGRAM - GOLD,Tractor-Trailer / Driver Licensing,AZ Class Truck Driver Combined,Y,SS,ND,ND,ND,ND,ND
200045,TRANSPORT TRAINING CENTRES OF CANADA INC.,101389,"TRANSPORT TRAINING CENTRES OF CANADA INC., SUDBURY",SUDBURY,P3B 2G1,CONSTRUCTION PROGRAM - PLATINUM,Tractor-Trailer / Driver Licensing,AZ Class Truck Driver Combined,Y,44.4%,SS,SS,SS,ND,ND
200045,TRANSPORT TRAINING CENTRES OF CANADA INC.,101389,"TRANSPORT TRAINING CENTRES OF CANADA INC., SUDBURY",SUDBURY,P3B 2G1,CONSTRUCTION PROGRAM - SILVER,Tractor-Trailer / Driver Licensing,AZ Class Truck Driver Combined,Y,SS,ND,ND,ND,ND,ND
200045,TRANSPORT TRAINING CENTRES OF CANADA INC.,101389,"TRANSPORT TRAINING CENTRES OF CANADA INC., SUDBURY",SUDBURY,P3B 2G1,EXCAVATOR PROGRAM,Construction Trade,Heavy Equipment Operator,Y,SS,SS,SS,SS,ND,ND
200045,TRANSPORT TRAINING CENTRES OF CANADA INC.,101389,"TRANSPORT TRAINING CENTRES OF CANADA INC., SUDBURY",SUDBURY,P3B 2G1,HEAVY EQUIPMENT PROGRAM - BRONZE,Construction Trade,Heavy Equipment Operator,Y,SS,ND,ND,ND,ND,ND
200045,TRANSPORT TRAINING CENTRES OF CANADA INC.,101389,"TRANSPORT TRAINING CENTRES OF CANADA INC., SUDBURY",SUDBURY,P3B 2G1,HEAVY EQUIPMENT PROGRAM - GOLD,Construction Trade,Heavy Equipment Operator,Y,50.0%,SS,SS,SS,ND,ND
200045,TRANSPORT TRAINING CENTRES OF CANADA INC.,101389,"TRANSPORT TRAINING CENTRES OF CANADA INC., SUDBURY",SUDBURY,P3B 2G1,HEAVY EQUIPMENT PROGRAM - PLATINUM,Construction Trade,Heavy Equipment Operator,Y,75.0%,0.0%,0.0%,100.0%,ND,ND
200045,TRANSPORT TRAINING CENTRES OF CANADA INC.,101389,"TRANSPORT TRAINING CENTRES OF CANADA INC., SUDBURY",SUDBURY,P3B 2G1,HEAVY EQUIPMENT PROGRAM - SILVER,Construction Trade,Heavy Equipment Operator,Y,SS,ND,ND,ND,ND,ND
200045,TRANSPORT TRAINING CENTRES OF CANADA INC.,101389,"TRANSPORT TRAINING CENTRES OF CANADA INC., SUDBURY",SUDBURY,P3B 2G1,LOADER PROGRAM,Construction Trade,Heavy Equipment Operator,Y,ND,ND,ND,ND,ND,ND
200045,TRANSPORT TRAINING CENTRES OF CANADA INC.,101389,"TRANSPORT TRAINING CENTRES OF CANADA INC., SUDBURY",SUDBURY,P3B 2G1,STRAIGHT TRUCK PROGRAM (DZ),Tractor-Trailer / Driver Licensing,DZ Class Truck Driver,Y,51.2%,75.0%,75.0%,50.0%,ND,ND
200045,TRANSPORT TRAINING CENTRES OF CANADA INC.,101389,"TRANSPORT TRAINING CENTRES OF CANADA INC., SUDBURY",SUDBURY,P3B 2G1,TRANSPORT TRAINING PROGRAM (AZ),Tractor-Trailer / Driver Licensing,AZ Class Truck Driver,Y,68.8%,83.3%,50.0%,81.8%,ND,ND
200045,TRANSPORT TRAINING CENTRES OF CANADA INC.,101390,"TRANSPORT TRAINING CENTRES OF CANADA INC., OTTAWA",OTTAWA,K1B 3W6,+,,,Y,66.0%,84.1%,70.5%,71.7%,100.0%,ND
200045,TRANSPORT TRAINING CENTRES OF CANADA INC.,101390,"TRANSPORT TRAINING CENTRES OF CANADA INC., OTTAWA",OTTAWA,K1B 3W6,CONSTRUCTION PROGRAM - BRONZE,Tractor-Trailer / Driver Licensing,AZ Class Truck Driver Combined,Y,50.0%,SS,SS,SS,ND,ND
200045,TRANSPORT TRAINING CENTRES OF CANADA INC.,101390,"TRANSPORT TRAINING CENTRES OF CANADA INC., OTTAWA",OTTAWA,K1B 3W6,CONSTRUCTION PROGRAM - GOLD,Tractor-Trailer / Driver Licensing,AZ Class Truck Driver Combined,Y,SS,ND,ND,ND,ND,ND
200045,TRANSPORT TRAINING CENTRES OF CANADA INC.,101390,"TRANSPORT TRAINING CENTRES OF CANADA INC., OTTAWA",OTTAWA,K1B 3W6,CONSTRUCTION PROGRAM - PLATINUM,Tractor-Trailer / Driver Licensing,AZ Class Truck Driver Combined,Y,85.7%,100.0%,100.0%,100.0%,ND,ND
200045,TRANSPORT TRAINING CENTRES OF CANADA INC.,101390,"TRANSPORT TRAINING CENTRES OF CANADA INC., OTTAWA",OTTAWA,K1B 3W6,CONSTRUCTION PROGRAM - SILVER,Tractor-Trailer / Driver Licensing,AZ Class Truck Driver Combined,Y,SS,ND,ND,ND,ND,ND
200045,TRANSPORT TRAINING CENTRES OF CANADA INC.,101390,"TRANSPORT TRAINING CENTRES OF CANADA INC., OTTAWA",OTTAWA,K1B 3W6,EXCAVATOR PROGRAM,Construction Trade,Heavy Equipment Operator,Y,SS,ND,ND,ND,ND,ND
200045,TRANSPORT TRAINING CENTRES OF CANADA INC.,101390,"TRANSPORT TRAINING CENTRES OF CANADA INC., OTTAWA",OTTAWA,K1B 3W6,HEAVY EQUIPMENT PROGRAM - BRONZE,Construction Trade,Heavy Equipment Operator,Y,SS,ND,ND,ND,ND,ND
200045,TRANSPORT TRAINING CENTRES OF CANADA INC.,101390,"TRANSPORT TRAINING CENTRES OF CANADA INC., OTTAWA",OTTAWA,K1B 3W6,HEAVY EQUIPMENT PROGRAM - GOLD,Construction Trade,Heavy Equipment Operator,Y,80.0%,SS,SS,SS,ND,ND
200045,TRANSPORT TRAINING CENTRES OF CANADA INC.,101390,"TRANSPORT TRAINING CENTRES OF CANADA INC., OTTAWA",OTTAWA,K1B 3W6,HEAVY EQUIPMENT PROGRAM - PLATINUM,Construction Trade,Heavy Equipment Operator,Y,75.0%,100.0%,100.0%,60.0%,ND,ND
200045,TRANSPORT TRAINING CENTRES OF CANADA INC.,101390,"TRANSPORT TRAINING CENTRES OF CANADA INC., OTTAWA",OTTAWA,K1B 3W6,HEAVY EQUIPMENT PROGRAM - SILVER,Construction Trade,Heavy Equipment Operator,Y,57.1%,ND,ND,ND,ND,ND
200045,TRANSPORT TRAINING CENTRES OF CANADA INC.,101390,"TRANSPORT TRAINING CENTRES OF CANADA INC., OTTAWA",OTTAWA,K1B 3W6,LOADER PROGRAM,Construction Trade,Heavy Equipment Operator,Y,60.0%,SS,SS,SS,ND,ND
200045,TRANSPORT TRAINING CENTRES OF CANADA INC.,101390,"TRANSPORT TRAINING CENTRES OF CANADA INC., OTTAWA",OTTAWA,K1B 3W6,STRAIGHT TRUCK PROGRAM (DZ),Tractor-Trailer / Driver Licensing,DZ Class Truck Driver,Y,35.0%,100.0%,100.0%,100.0%,100.0%,ND
200045,TRANSPORT TRAINING CENTRES OF CANADA INC.,101390,"TRANSPORT TRAINING CENTRES OF CANADA INC., OTTAWA",OTTAWA,K1B 3W6,TRANSPORT TRAINING PROGRAM (AZ),Tractor-Trailer / Driver Licensing,AZ Class Truck Driver,Y,70.4%,80.0%,63.3%,75.0%,100.0%,ND
200045,TRANSPORT TRAINING CENTRES OF CANADA INC.,101391,"TRANSPORT TRAINING CENTRES OF CANADA INC., NORTH BAY",NORTH BAY,P1B 8Z4,+,,,Y,61.2%,71.4%,57.1%,66.7%,100.0%,ND
200045,TRANSPORT TRAINING CENTRES OF CANADA INC.,101391,"TRANSPORT TRAINING CENTRES OF CANADA INC., NORTH BAY",NORTH BAY,P1B 8Z4,CONSTRUCTION PROGRAM - GOLD,Tractor-Trailer / Driver Licensing,AZ Class Truck Driver Combined,Y,SS,ND,ND,ND,ND,ND
200045,TRANSPORT TRAINING CENTRES OF CANADA INC.,101391,"TRANSPORT TRAINING CENTRES OF CANADA INC., NORTH BAY",NORTH BAY,P1B 8Z4,CONSTRUCTION PROGRAM - PLATINUM,Tractor-Trailer / Driver Licensing,AZ Class Truck Driver Combined,Y,SS,ND,ND,ND,ND,ND
200045,TRANSPORT TRAINING CENTRES OF CANADA INC.,101391,"TRANSPORT TRAINING CENTRES OF CANADA INC., NORTH BAY",NORTH BAY,P1B 8Z4,CONSTRUCTION PROGRAM - SILVER,Tractor-Trailer / Driver Licensing,AZ Class Truck Driver Combined,Y,SS,ND,ND,ND,ND,ND
200045,TRANSPORT TRAINING CENTRES OF CANADA INC.,101391,"TRANSPORT TRAINING CENTRES OF CANADA INC., NORTH BAY",NORTH BAY,P1B 8Z4,HEAVY EQUIPMENT PROGRAM - BRONZE,Construction Trade,Heavy Equipment Operator,Y,SS,ND,ND,ND,ND,ND
200045,TRANSPORT TRAINING CENTRES OF CANADA INC.,101391,"TRANSPORT TRAINING CENTRES OF CANADA INC., NORTH BAY",NORTH BAY,P1B 8Z4,HEAVY EQUIPMENT PROGRAM - GOLD,Construction Trade,Heavy Equipment Operator,Y,27.3%,SS,SS,SS,ND,ND
200045,TRANSPORT TRAINING CENTRES OF CANADA INC.,101391,"TRANSPORT TRAINING CENTRES OF CANADA INC., NORTH BAY",NORTH BAY,P1B 8Z4,HEAVY EQUIPMENT PROGRAM - PLATINUM,Construction Trade,Heavy Equipment Operator,Y,SS,SS,SS,SS,ND,ND
200045,TRANSPORT TRAINING CENTRES OF CANADA INC.,101391,"TRANSPORT TRAINING CENTRES OF CANADA INC., NORTH BAY",NORTH BAY,P1B 8Z4,HEAVY EQUIPMENT PROGRAM - SILVER,Construction Trade,Heavy Equipment Operator,Y,SS,ND,ND,ND,ND,ND
200045,TRANSPORT TRAINING CENTRES OF CANADA INC.,101391,"TRANSPORT TRAINING CENTRES OF CANADA INC., NORTH BAY",NORTH BAY,P1B 8Z4,STRAIGHT TRUCK PROGRAM (DZ),Tractor-Trailer / Driver Licensing,DZ Class Truck Driver,Y,67.6%,80.0%,60.0%,77.8%,ND,ND
200045,TRANSPORT TRAINING CENTRES OF CANADA INC.,101391,"TRANSPORT TRAINING CENTRES OF CANADA INC., NORTH BAY",NORTH BAY,P1B 8Z4,TRANSPORT TRAINING PROGRAM (AZ),Tractor-Trailer / Driver Licensing,AZ Class Truck Driver,Y,64.3%,55.6%,44.4%,57.1%,100.0%,ND
200045,TRANSPORT TRAINING CENTRES OF CANADA INC.,101531,"TRANSPORT TRAINING CENTRES OF CANADA INC., CORNWALL",CORNWALL,K6J 5M3,+,,,Y,72.2%,90.0%,90.0%,86.2%,75.0%,ND
200045,TRANSPORT TRAINING CENTRES OF CANADA INC.,101531,"TRANSPORT TRAINING CENTRES OF CANADA INC., CORNWALL",CORNWALL,K6J 5M3,AZ & EXCAVATOR PROGRAM,Tractor-Trailer / Driver Licensing,AZ Class Truck Driver Combined,Y,SS,SS,SS,SS,ND,ND
200045,TRANSPORT TRAINING CENTRES OF CANADA INC.,101531,"TRANSPORT TRAINING CENTRES OF CANADA INC., CORNWALL",CORNWALL,K6J 5M3,BULLDOZER PROGRAM,Construction Trade,Heavy Equipment Operator,Y,SS,ND,ND,ND,ND,ND
200045,TRANSPORT TRAINING CENTRES OF CANADA INC.,101531,"TRANSPORT TRAINING CENTRES OF CANADA INC., CORNWALL",CORNWALL,K6J 5M3,CONSTRUCTION PROGRAM - PLATINUM,Tractor-Trailer / Driver Licensing,AZ Class Truck Driver Combined,Y,SS,SS,SS,SS,ND,ND
200045,TRANSPORT TRAINING CENTRES OF CANADA INC.,101531,"TRANSPORT TRAINING CENTRES OF CANADA INC., CORNWALL",CORNWALL,K6J 5M3,CONSTRUCTION PROGRAM - SILVER,Tractor-Trailer / Driver Licensing,AZ Class Truck Driver Combined,Y,SS,SS,SS,SS,ND,ND
200045,TRANSPORT TRAINING CENTRES OF CANADA INC.,101531,"TRANSPORT TRAINING CENTRES OF CANADA INC., CORNWALL",CORNWALL,K6J 5M3,EXCAVATOR PROGRAM,Construction Trade,Heavy Equipment Operator,Y,SS,ND,ND,ND,ND,ND
200045,TRANSPORT TRAINING CENTRES OF CANADA INC.,101531,"TRANSPORT TRAINING CENTRES OF CANADA INC., CORNWALL",CORNWALL,K6J 5M3,HEAVY EQUIPMENT PROGRAM - BRONZE,Construction Trade,Heavy Equipment Operator,Y,SS,ND,ND,ND,ND,ND
200045,TRANSPORT TRAINING CENTRES OF CANADA INC.,101531,"TRANSPORT TRAINING CENTRES OF CANADA INC., CORNWALL",CORNWALL,K6J 5M3,HEAVY EQUIPMENT PROGRAM - PLATINUM,Construction Trade,Heavy Equipment Operator,Y,SS,ND,ND,ND,ND,ND
200045,TRANSPORT TRAINING CENTRES OF CANADA INC.,101531,"TRANSPORT TRAINING CENTRES OF CANADA INC., CORNWALL",CORNWALL,K6J 5M3,HEAVY EQUIPMENT PROGRAM - SILVER,Construction Trade,Heavy Equipment Operator,Y,SS,ND,ND,ND,ND,ND
200045,TRANSPORT TRAINING CENTRES OF CANADA INC.,101531,"TRANSPORT TRAINING CENTRES OF CANADA INC., CORNWALL",CORNWALL,K6J 5M3,LOADER PROGRAM,Construction Trade,Heavy Equipment Operator,Y,SS,ND,ND,ND,ND,ND
200045,TRANSPORT TRAINING CENTRES OF CANADA INC.,101531,"TRANSPORT TRAINING CENTRES OF CANADA INC., CORNWALL",CORNWALL,K6J 5M3,STRAIGHT TRUCK PROGRAM (DZ),Tractor-Trailer / Driver Licensing,DZ Class Truck Driver,Y,50.0%,86.7%,86.7%,85.7%,0.0%,ND
200045,TRANSPORT TRAINING CENTRES OF CANADA INC.,101531,"TRANSPORT TRAINING CENTRES OF CANADA INC., CORNWALL",CORNWALL,K6J 5M3,TRANSPORT TRAINING PROGRAM (AZ),Tractor-Trailer / Driver Licensing,AZ Class Truck Driver,Y,92.3%,91.7%,91.7%,91.7%,100.0%,ND
200045,TRANSPORT TRAINING CENTRES OF CANADA INC.,102082,"TRANSPORT TRAINING CENTRES OF CANADA INC., SAULT STE. MARIE",SAULT STE. MARIE,P6A 5K7,+,,,Y,54.0%,83.3%,50.0%,57.1%,ND,ND
200045,TRANSPORT TRAINING CENTRES OF CANADA INC.,102082,"TRANSPORT TRAINING CENTRES OF CANADA INC., SAULT STE. MARIE",SAULT STE. MARIE,P6A 5K7,CONSTRUCTION PROGRAM - BRONZE,Tractor-Trailer / Driver Licensing,AZ Class Truck Driver Combined,Y,ND,ND,ND,ND,ND,ND
200045,TRANSPORT TRAINING CENTRES OF CANADA INC.,102082,"TRANSPORT TRAINING CENTRES OF CANADA INC., SAULT STE. MARIE",SAULT STE. MARIE,P6A 5K7,CONSTRUCTION PROGRAM - PLATINUM,Tractor-Trailer / Driver Licensing,AZ Class Truck Driver Combined,Y,ND,ND,ND,ND,ND,ND
200045,TRANSPORT TRAINING CENTRES OF CANADA INC.,102082,"TRANSPORT TRAINING CENTRES OF CANADA INC., SAULT STE. MARIE",SAULT STE. MARIE,P6A 5K7,HEAVY EQUIPMENT PROGRAM - GOLD,Construction Trade,Heavy Equipment Operator,Y,77.8%,100.0%,50.0%,50.0%,ND,ND
200045,TRANSPORT TRAINING CENTRES OF CANADA INC.,102082,"TRANSPORT TRAINING CENTRES OF CANADA INC., SAULT STE. MARIE",SAULT STE. MARIE,P6A 5K7,HEAVY EQUIPMENT PROGRAM - PLATINUM,Construction Trade,Heavy Equipment Operator,Y,SS,ND,ND,ND,ND,ND
200045,TRANSPORT TRAINING CENTRES OF CANADA INC.,102082,"TRANSPORT TRAINING CENTRES OF CANADA INC., SAULT STE. MARIE",SAULT STE. MARIE,P6A 5K7,HEAVY EQUIPMENT PROGRAM - SILVER,Construction Trade,Heavy Equipment Operator,Y,SS,ND,ND,ND,ND,ND
200045,TRANSPORT TRAINING CENTRES OF CANADA INC.,102082,"TRANSPORT TRAINING CENTRES OF CANADA INC., SAULT STE. MARIE",SAULT STE. MARIE,P6A 5K7,STRAIGHT TRUCK PROGRAM (DZ),Tractor-Trailer / Driver Licensing,DZ Class Truck Driver,Y,35.7%,100.0%,0.0%,100.0%,ND,ND
200045,TRANSPORT TRAINING CENTRES OF CANADA INC.,102082,"TRANSPORT TRAINING CENTRES OF CANADA INC., SAULT STE. MARIE",SAULT STE. MARIE,P6A 5K7,TRANSPORT TRAINING PROGRAM (AZ),Tractor-Trailer / Driver Licensing,AZ Class Truck Driver,Y,58.3%,66.7%,66.7%,50.0%,ND,ND
200045,TRANSPORT TRAINING CENTRES OF CANADA INC.,102083,"TRANSPORT TRAINING CENTRES OF CANADA INC., BROCKVILLE",BROCKVILLE,K6V 4W4,+,,,Y,61.5%,100.0%,33.3%,33.3%,ND,ND
200045,TRANSPORT TRAINING CENTRES OF CANADA INC.,102083,"TRANSPORT TRAINING CENTRES OF CANADA INC., BROCKVILLE",BROCKVILLE,K6V 4W4,CONSTRUCTION PROGRAM - BRONZE,Tractor-Trailer / Driver Licensing,AZ Class Truck Driver Combined,Y,SS,ND,ND,ND,ND,ND
200045,TRANSPORT TRAINING CENTRES OF CANADA INC.,102083,"TRANSPORT TRAINING CENTRES OF CANADA INC., BROCKVILLE",BROCKVILLE,K6V 4W4,CONSTRUCTION PROGRAM - GOLD,Tractor-Trailer / Driver Licensing,AZ Class Truck Driver Combined,Y,SS,ND,ND,ND,ND,ND
200045,TRANSPORT TRAINING CENTRES OF CANADA INC.,102083,"TRANSPORT TRAINING CENTRES OF CANADA INC., BROCKVILLE",BROCKVILLE,K6V 4W4,CONSTRUCTION PROGRAM - PLATINUM,Tractor-Trailer / Driver Licensing,AZ Class Truck Driver Combined,Y,SS,SS,SS,SS,ND,ND
200045,TRANSPORT TRAINING CENTRES OF CANADA INC.,102083,"TRANSPORT TRAINING CENTRES OF CANADA INC., BROCKVILLE",BROCKVILLE,K6V 4W4,HEAVY EQUIPMENT PROGRAM - PLATINUM,Construction Trade,Heavy Equipment Operator,Y,SS,ND,ND,ND,ND,ND
200045,TRANSPORT TRAINING CENTRES OF CANADA INC.,102083,"TRANSPORT TRAINING CENTRES OF CANADA INC., BROCKVILLE",BROCKVILLE,K6V 4W4,STRAIGHT TRUCK PROGRAM (DZ),Tractor-Trailer / Driver Licensing,DZ Class Truck Driver,Y,SS,ND,ND,ND,ND,ND
200045,TRANSPORT TRAINING CENTRES OF CANADA INC.,102083,"TRANSPORT TRAINING CENTRES OF CANADA INC., BROCKVILLE",BROCKVILLE,K6V 4W4,TRANSPORT TRAINING PROGRAM (AZ),Tractor-Trailer / Driver Licensing,AZ Class Truck Driver,Y,57.1%,SS,SS,SS,ND,ND
200045,TRANSPORT TRAINING CENTRES OF CANADA INC.,102212,"TRANSPORT TRAINING CENTRES OF CANADA INC., HAMILTON",HAMILTON,L8E 3J6,+,,,Y,44.1%,83.3%,66.7%,50.0%,ND,ND
200045,TRANSPORT TRAINING CENTRES OF CANADA INC.,102212,"TRANSPORT TRAINING CENTRES OF CANADA INC., HAMILTON",HAMILTON,L8E 3J6,AZ & EXCAVATOR PROGRAM,Tractor-Trailer / Driver Licensing,AZ Class Truck Driver Combined,Y,SS,ND,ND,ND,ND,ND
200045,TRANSPORT TRAINING CENTRES OF CANADA INC.,102212,"TRANSPORT TRAINING CENTRES OF CANADA INC., HAMILTON",HAMILTON,L8E 3J6,CONSTRUCTION PROGRAM - BRONZE,Tractor-Trailer / Driver Licensing,AZ Class Truck Driver Combined,Y,ND,SS,SS,SS,ND,ND
200045,TRANSPORT TRAINING CENTRES OF CANADA INC.,102212,"TRANSPORT TRAINING CENTRES OF CANADA INC., HAMILTON",HAMILTON,L8E 3J6,CONSTRUCTION PROGRAM - GOLD,Tractor-Trailer / Driver Licensing,AZ Class Truck Driver Combined,Y,SS,SS,SS,SS,ND,ND
200045,TRANSPORT TRAINING CENTRES OF CANADA INC.,102212,"TRANSPORT TRAINING CENTRES OF CANADA INC., HAMILTON",HAMILTON,L8E 3J6,CONSTRUCTION PROGRAM - PLATINUM,Tractor-Trailer / Driver Licensing,AZ Class Truck Driver Combined,Y,SS,SS,SS,SS,ND,ND
200045,TRANSPORT TRAINING CENTRES OF CANADA INC.,102212,"TRANSPORT TRAINING CENTRES OF CANADA INC., HAMILTON",HAMILTON,L8E 3J6,EXCAVATOR PROGRAM,Construction Trade,Heavy Equipment Operator,Y,SS,ND,ND,ND,ND,ND
200045,TRANSPORT TRAINING CENTRES OF CANADA INC.,102212,"TRANSPORT TRAINING CENTRES OF CANADA INC., HAMILTON",HAMILTON,L8E 3J6,HEAVY EQUIPMENT PROGRAM - BRONZE,Construction Trade,Heavy Equipment Operator,Y,SS,ND,ND,ND,ND,ND
200045,TRANSPORT TRAINING CENTRES OF CANADA INC.,102212,"TRANSPORT TRAINING CENTRES OF CANADA INC., HAMILTON",HAMILTON,L8E 3J6,HEAVY EQUIPMENT PROGRAM - GOLD,Construction Trade,Heavy Equipment Operator,Y,SS,ND,ND,ND,ND,ND
200045,TRANSPORT TRAINING CENTRES OF CANADA INC.,102212,"TRANSPORT TRAINING CENTRES OF CANADA INC., HAMILTON",HAMILTON,L8E 3J6,HEAVY EQUIPMENT PROGRAM - PLATINUM,Construction Trade,Heavy Equipment Operator,Y,SS,ND,ND,ND,ND,ND
200045,TRANSPORT TRAINING CENTRES OF CANADA INC.,102212,"TRANSPORT TRAINING CENTRES OF CANADA INC., HAMILTON",HAMILTON,L8E 3J6,STRAIGHT TRUCK PROGRAM (DZ),Tractor-Trailer / Driver Licensing,DZ Class Truck Driver,Y,33.3%,ND,ND,ND,ND,ND
200045,TRANSPORT TRAINING CENTRES OF CANADA INC.,102212,"TRANSPORT TRAINING CENTRES OF CANADA INC., HAMILTON",HAMILTON,L8E 3J6,TRANSPORT TRAINING PROGRAM (AZ),Tractor-Trailer / Driver Licensing,AZ Class Truck Driver,Y,31.6%,66.7%,66.7%,66.7%,ND,ND
200045,TRANSPORT TRAINING CENTRES OF CANADA INC.,102272,"TRANSPORT TRAINING CENTRES OF CANADA INC., WHITBY",OSHAWA,L1J 2B4,+,,,Y,81.3%,81.3%,75.0%,75.0%,100.0%,ND
200045,TRANSPORT TRAINING CENTRES OF CANADA INC.,102272,"TRANSPORT TRAINING CENTRES OF CANADA INC., WHITBY",OSHAWA,L1J 2B4,AZ & EXCAVATOR PROGRAM,Tractor-Trailer / Driver Licensing,AZ Class Truck Driver Combined,Y,SS,ND,ND,ND,ND,ND
200045,TRANSPORT TRAINING CENTRES OF CANADA INC.,102272,"TRANSPORT TRAINING CENTRES OF CANADA INC., WHITBY",OSHAWA,L1J 2B4,BULLDOZER PROGRAM,Construction Trade,Heavy Equipment Operator,Y,SS,ND,ND,ND,ND,ND
200045,TRANSPORT TRAINING CENTRES OF CANADA INC.,102272,"TRANSPORT TRAINING CENTRES OF CANADA INC., WHITBY",OSHAWA,L1J 2B4,CONSTRUCTION PROGRAM - GOLD,Tractor-Trailer / Driver Licensing,AZ Class Truck Driver Combined,Y,SS,SS,SS,SS,ND,ND
200045,TRANSPORT TRAINING CENTRES OF CANADA INC.,102272,"TRANSPORT TRAINING CENTRES OF CANADA INC., WHITBY",OSHAWA,L1J 2B4,CONSTRUCTION PROGRAM - PLATINUM,Tractor-Trailer / Driver Licensing,AZ Class Truck Driver Combined,Y,SS,SS,SS,SS,ND,ND
200045,TRANSPORT TRAINING CENTRES OF CANADA INC.,102272,"TRANSPORT TRAINING CENTRES OF CANADA INC., WHITBY",OSHAWA,L1J 2B4,EXCAVATOR PROGRAM,Construction Trade,Heavy Equipment Operator,Y,SS,SS,SS,SS,ND,ND
200045,TRANSPORT TRAINING CENTRES OF CANADA INC.,102272,"TRANSPORT TRAINING CENTRES OF CANADA INC., WHITBY",OSHAWA,L1J 2B4,HEAVY EQUIPMENT PROGRAM - GOLD,Construction Trade,Heavy Equipment Operator,Y,SS,SS,SS,SS,ND,ND
200045,TRANSPORT TRAINING CENTRES OF CANADA INC.,102272,"TRANSPORT TRAINING CENTRES OF CANADA INC., WHITBY",OSHAWA,L1J 2B4,HEAVY EQUIPMENT PROGRAM - PLATINUM,Construction Trade,Heavy Equipment Operator,Y,83.3%,100.0%,100.0%,50.0%,100.0%,ND
200045,TRANSPORT TRAINING CENTRES OF CANADA INC.,102272,"TRANSPORT TRAINING CENTRES OF CANADA INC., WHITBY",OSHAWA,L1J 2B4,LOADER PROGRAM,Construction Trade,Heavy Equipment Operator,Y,SS,ND,ND,ND,ND,ND
200045,TRANSPORT TRAINING CENTRES OF CANADA INC.,102272,"TRANSPORT TRAINING CENTRES OF CANADA INC., WHITBY",OSHAWA,L1J 2B4,STRAIGHT TRUCK PROGRAM (DZ),Tractor-Trailer / Driver Licensing,DZ Class Truck Driver,Y,90.9%,75.0%,75.0%,100.0%,ND,ND
200045,TRANSPORT TRAINING CENTRES OF CANADA INC.,102272,"TRANSPORT TRAINING CENTRES OF CANADA INC., WHITBY",OSHAWA,L1J 2B4,TRANSPORT TRAINING PROGRAM (AZ),Tractor-Trailer / Driver Licensing,AZ Class Truck Driver,Y,76.5%,80.0%,60.0%,60.0%,ND,ND
200045,TRANSPORT TRAINING CENTRES OF CANADA INC.,102391,"TRANSPORT TRAINING CENTRES OF CANADA INC., CHATHAM",CHATHAM,N7M 5W7,+,,,Y,81.8%,87.5%,75.0%,55.6%,ND,ND
200045,TRANSPORT TRAINING CENTRES OF CANADA INC.,102391,"TRANSPORT TRAINING CENTRES OF CANADA INC., CHATHAM",CHATHAM,N7M 5W7,CONSTRUCTION PROGRAM - PLATINUM,Tractor-Trailer / Driver Licensing,AZ Class Truck Driver Combined,Y,SS,ND,ND,ND,ND,ND
200045,TRANSPORT TRAINING CENTRES OF CANADA INC.,102391,"TRANSPORT TRAINING CENTRES OF CANADA INC., CHATHAM",CHATHAM,N7M 5W7,HEAVY EQUIPMENT PROGRAM - BRONZE,Construction Trade,Heavy Equipment Operator,Y,SS,SS,SS,SS,ND,ND
200045,TRANSPORT TRAINING CENTRES OF CANADA INC.,102391,"TRANSPORT TRAINING CENTRES OF CANADA INC., CHATHAM",CHATHAM,N7M 5W7,HEAVY EQUIPMENT PROGRAM - GOLD,Construction Trade,Heavy Equipment Operator,Y,SS,ND,ND,ND,ND,ND
200045,TRANSPORT TRAINING CENTRES OF CANADA INC.,102391,"TRANSPORT TRAINING CENTRES OF CANADA INC., CHATHAM",CHATHAM,N7M 5W7,HEAVY EQUIPMENT PROGRAM - PLATINUM,Construction Trade,Heavy Equipment Operator,Y,SS,ND,ND,ND,ND,ND
200045,TRANSPORT TRAINING CENTRES OF CANADA INC.,102391,"TRANSPORT TRAINING CENTRES OF CANADA INC., CHATHAM",CHATHAM,N7M 5W7,HEAVY EQUIPMENT PROGRAM - SILVER,Construction Trade,Heavy Equipment Operator,Y,SS,ND,ND,ND,ND,ND
200045,TRANSPORT TRAINING CENTRES OF CANADA INC.,102391,"TRANSPORT TRAINING CENTRES OF CANADA INC., CHATHAM",CHATHAM,N7M 5W7,STRAIGHT TRUCK PROGRAM (DZ),Tractor-Trailer / Driver Licensing,DZ Class Truck Driver,Y,SS,ND,ND,SS,ND,ND
200045,TRANSPORT TRAINING CENTRES OF CANADA INC.,102391,"TRANSPORT TRAINING CENTRES OF CANADA INC., CHATHAM",CHATHAM,N7M 5W7,TRANSPORT TRAINING PROGRAM (AZ),Tractor-Trailer / Driver Licensing,AZ Class Truck Driver,Y,84.6%,85.7%,85.7%,71.4%,ND,ND
200045,TRANSPORT TRAINING CENTRES OF CANADA INC.,102482,"TRANSPORT TRAINING CENTRES OF CANADA INC., LONDON",LONDON,N6E 1R6,+,,,Y,64.3%,80.0%,60.0%,60.0%,ND,ND
200045,TRANSPORT TRAINING CENTRES OF CANADA INC.,102482,"TRANSPORT TRAINING CENTRES OF CANADA INC., LONDON",LONDON,N6E 1R6,BACKHOE PROGRAM,Construction Trade,Heavy Equipment Operator,Y,SS,ND,ND,ND,ND,ND
200045,TRANSPORT TRAINING CENTRES OF CANADA INC.,102482,"TRANSPORT TRAINING CENTRES OF CANADA INC., LONDON",LONDON,N6E 1R6,CONSTRUCTION PROGRAM - BRONZE,Tractor-Trailer / Driver Licensing,AZ Class Truck Driver Combined,Y,SS,ND,ND,ND,ND,ND
200045,TRANSPORT TRAINING CENTRES OF CANADA INC.,102482,"TRANSPORT TRAINING CENTRES OF CANADA INC., LONDON",LONDON,N6E 1R6,CONSTRUCTION PROGRAM - GOLD,Tractor-Trailer / Driver Licensing,AZ Class Truck Driver Combined,Y,SS,ND,ND,ND,ND,ND
200045,TRANSPORT TRAINING CENTRES OF CANADA INC.,102482,"TRANSPORT TRAINING CENTRES OF CANADA INC., LONDON",LONDON,N6E 1R6,CONSTRUCTION PROGRAM - SILVER,Tractor-Trailer / Driver Licensing,AZ Class Truck Driver Combined,Y,SS,ND,ND,ND,ND,ND
200045,TRANSPORT TRAINING CENTRES OF CANADA INC.,102482,"TRANSPORT TRAINING CENTRES OF CANADA INC., LONDON",LONDON,N6E 1R6,EXCAVATOR PROGRAM,Construction Trade,Heavy Equipment Operator,Y,SS,ND,ND,ND,ND,ND
200045,TRANSPORT TRAINING CENTRES OF CANADA INC.,102482,"TRANSPORT TRAINING CENTRES OF CANADA INC., LONDON",LONDON,N6E 1R6,HEAVY EQUIPMENT PROGRAM - PLATINUM,Construction Trade,Heavy Equipment Operator,Y,SS,SS,SS,SS,ND,ND
200045,TRANSPORT TRAINING CENTRES OF CANADA INC.,102482,"TRANSPORT TRAINING CENTRES OF CANADA INC., LONDON",LONDON,N6E 1R6,LOADER PROGRAM,Construction Trade,Heavy Equipment Operator,Y,SS,ND,ND,ND,ND,ND
200045,TRANSPORT TRAINING CENTRES OF CANADA INC.,102482,"TRANSPORT TRAINING CENTRES OF CANADA INC., LONDON",LONDON,N6E 1R6,STRAIGHT TRUCK PROGRAM (DZ),Tractor-Trailer / Driver Licensing,DZ Class Truck Driver,Y,SS,ND,ND,ND,ND,ND
200045,TRANSPORT TRAINING CENTRES OF CANADA INC.,102482,"TRANSPORT TRAINING CENTRES OF CANADA INC., LONDON",LONDON,N6E 1R6,TRANSPORT TRAINING PROGRAM (AZ),Tractor-Trailer / Driver Licensing,AZ Class Truck Driver,Y,71.4%,100.0%,100.0%,66.7%,ND,ND
200045,TRANSPORT TRAINING CENTRES OF CANADA INC.,102490,"TRANSPORT TRAINING CENTRES OF CANADA INC., WINDSOR",WINDSOR,N8N 2M1,+,,,Y,68.8%,77.8%,66.7%,62.5%,100.0%,ND
200045,TRANSPORT TRAINING CENTRES OF CANADA INC.,102490,"TRANSPORT TRAINING CENTRES OF CANADA INC., WINDSOR",WINDSOR,N8N 2M1,AZ & BACKHOE PROGRAM,Tractor-Trailer / Driver Licensing,AZ Class Truck Driver Combined,Y,ND,ND,ND,ND,ND,ND
200045,TRANSPORT TRAINING CENTRES OF CANADA INC.,102490,"TRANSPORT TRAINING CENTRES OF CANADA INC., WINDSOR",WINDSOR,N8N 2M1,BACKHOE PROGRAM,Construction Trade,Heavy Equipment Operator,Y,SS,ND,ND,ND,ND,ND
200045,TRANSPORT TRAINING CENTRES OF CANADA INC.,102490,"TRANSPORT TRAINING CENTRES OF CANADA INC., WINDSOR",WINDSOR,N8N 2M1,BULLDOZER PROGRAM,Construction Trade,Heavy Equipment Operator,Y,SS,ND,ND,ND,ND,ND
200045,TRANSPORT TRAINING CENTRES OF CANADA INC.,102490,"TRANSPORT TRAINING CENTRES OF CANADA INC., WINDSOR",WINDSOR,N8N 2M1,CONSTRUCTION PROGRAM - GOLD,Tractor-Trailer / Driver Licensing,AZ Class Truck Driver Combined,Y,SS,SS,SS,ND,ND,ND
200045,TRANSPORT TRAINING CENTRES OF CANADA INC.,102490,"TRANSPORT TRAINING CENTRES OF CANADA INC., WINDSOR",WINDSOR,N8N 2M1,CONSTRUCTION PROGRAM - PLATINUM,Tractor-Trailer / Driver Licensing,AZ Class Truck Driver Combined,Y,ND,SS,SS,SS,ND,ND
200045,TRANSPORT TRAINING CENTRES OF CANADA INC.,102490,"TRANSPORT TRAINING CENTRES OF CANADA INC., WINDSOR",WINDSOR,N8N 2M1,CONSTRUCTION PROGRAM - SILVER,Tractor-Trailer / Driver Licensing,AZ Class Truck Driver Combined,Y,SS,SS,SS,SS,ND,ND
200045,TRANSPORT TRAINING CENTRES OF CANADA INC.,102490,"TRANSPORT TRAINING CENTRES OF CANADA INC., WINDSOR",WINDSOR,N8N 2M1,EXCAVATOR PROGRAM,Construction Trade,Heavy Equipment Operator,Y,SS,ND,ND,ND,ND,ND
200045,TRANSPORT TRAINING CENTRES OF CANADA INC.,102490,"TRANSPORT TRAINING CENTRES OF CANADA INC., WINDSOR",WINDSOR,N8N 2M1,HEAVY EQUIPMENT PROGRAM - GOLD,Construction Trade,Heavy Equipment Operator,Y,SS,ND,ND,ND,ND,ND
200045,TRANSPORT TRAINING CENTRES OF CANADA INC.,102490,"TRANSPORT TRAINING CENTRES OF CANADA INC., WINDSOR",WINDSOR,N8N 2M1,HEAVY EQUIPMENT PROGRAM - PLATINUM,Construction Trade,Heavy Equipment Operator,Y,ND,ND,ND,ND,ND,ND
200045,TRANSPORT TRAINING CENTRES OF CANADA INC.,102490,"TRANSPORT TRAINING CENTRES OF CANADA INC., WINDSOR",WINDSOR,N8N 2M1,HEAVY EQUIPMENT PROGRAM - SILVER,Construction Trade,Heavy Equipment Operator,Y,SS,ND,ND,ND,ND,ND
200045,TRANSPORT TRAINING CENTRES OF CANADA INC.,102490,"TRANSPORT TRAINING CENTRES OF CANADA INC., WINDSOR",WINDSOR,N8N 2M1,LOADER PROGRAM,Construction Trade,Heavy Equipment Operator,Y,SS,SS,SS,SS,ND,ND
200045,TRANSPORT TRAINING CENTRES OF CANADA INC.,102490,"TRANSPORT TRAINING CENTRES OF CANADA INC., WINDSOR",WINDSOR,N8N 2M1,STRAIGHT TRUCK PROGRAM (DZ),Tractor-Trailer / Driver Licensing,DZ Class Truck Driver,Y,57.1%,SS,SS,SS,ND,ND
200045,TRANSPORT TRAINING CENTRES OF CANADA INC.,102490,"TRANSPORT TRAINING CENTRES OF CANADA INC., WINDSOR",WINDSOR,N8N 2M1,TRANSPORT TRAINING PROGRAM (AZ),Tractor-Trailer / Driver Licensing,AZ Class Truck Driver,Y,81.8%,100.0%,100.0%,100.0%,100.0%,ND
200045,TRANSPORT TRAINING CENTRES OF CANADA INC.,102661,"TRANSPORT TRAINING CENTRES OF CANADA INC., KINGSTON",KINGSTON,K7P 2W5,+,,,Y,63.6%,58.3%,25.0%,53.8%,ND,ND
200045,TRANSPORT TRAINING CENTRES OF CANADA INC.,102661,"TRANSPORT TRAINING CENTRES OF CANADA INC., KINGSTON",KINGSTON,K7P 2W5,BULLDOZER PROGRAM,Construction Trade,Heavy Equipment Operator,Y,SS,SS,SS,SS,ND,ND
200045,TRANSPORT TRAINING CENTRES OF CANADA INC.,102661,"TRANSPORT TRAINING CENTRES OF CANADA INC., KINGSTON",KINGSTON,K7P 2W5,CONSTRUCTION PROGRAM - GOLD,Tractor-Trailer / Driver Licensing,AZ Class Truck Driver Combined,Y,SS,ND,ND,ND,ND,ND
200045,TRANSPORT TRAINING CENTRES OF CANADA INC.,102661,"TRANSPORT TRAINING CENTRES OF CANADA INC., KINGSTON",KINGSTON,K7P 2W5,EXCAVATOR PROGRAM,Construction Trade,Heavy Equipment Operator,Y,62.5%,0.0%,0.0%,50.0%,ND,ND
200045,TRANSPORT TRAINING CENTRES OF CANADA INC.,102661,"TRANSPORT TRAINING CENTRES OF CANADA INC., KINGSTON",KINGSTON,K7P 2W5,HEAVY EQUIPMENT PROGRAM - BRONZE,Construction Trade,Heavy Equipment Operator,Y,83.3%,100.0%,0.0%,100.0%,ND,ND
200045,TRANSPORT TRAINING CENTRES OF CANADA INC.,102661,"TRANSPORT TRAINING CENTRES OF CANADA INC., KINGSTON",KINGSTON,K7P 2W5,HEAVY EQUIPMENT PROGRAM - GOLD,Construction Trade,Heavy Equipment Operator,Y,SS,ND,ND,ND,ND,ND
200045,TRANSPORT TRAINING CENTRES OF CANADA INC.,102661,"TRANSPORT TRAINING CENTRES OF CANADA INC., KINGSTON",KINGSTON,K7P 2W5,HEAVY EQUIPMENT PROGRAM - PLATINUM,Construction Trade,Heavy Equipment Operator,Y,SS,SS,SS,SS,ND,ND
200045,TRANSPORT TRAINING CENTRES OF CANADA INC.,102661,"TRANSPORT TRAINING CENTRES OF CANADA INC., KINGSTON",KINGSTON,K7P 2W5,STRAIGHT TRUCK PROGRAM (DZ),Tractor-Trailer / Driver Licensing,DZ Class Truck Driver,Y,40.0%,SS,SS,SS,ND,ND
200045,TRANSPORT TRAINING CENTRES OF CANADA INC.,102661,"TRANSPORT TRAINING CENTRES OF CANADA INC., KINGSTON",KINGSTON,K7P 2W5,TRANSPORT TRAINING PROGRAM (AZ),Tractor-Trailer / Driver Licensing,AZ Class Truck Driver,Y,20.0%,SS,SS,SS,ND,ND
200045,TRANSPORT TRAINING CENTRES OF CANADA INC.,102824,"TRANSPORT TRAINING CENTRES OF CANADA INC., CAMBRIDGE",CAMBRIDGE,N1R 8B5,+,,,Y,47.2%,71.4%,57.1%,66.7%,100.0%,ND
200045,TRANSPORT TRAINING CENTRES OF CANADA INC.,102824,"TRANSPORT TRAINING CENTRES OF CANADA INC., CAMBRIDGE",CAMBRIDGE,N1R 8B5,CONSTRUCTION PROGRAM - BRONZE,Tractor-Trailer / Driver Licensing,AZ Class Truck Driver Combined,Y,SS,ND,ND,ND,ND,ND
200045,TRANSPORT TRAINING CENTRES OF CANADA INC.,102824,"TRANSPORT TRAINING CENTRES OF CANADA INC., CAMBRIDGE",CAMBRIDGE,N1R 8B5,CONSTRUCTION PROGRAM - GOLD,Tractor-Trailer / Driver Licensing,AZ Class Truck Driver Combined,Y,SS,ND,ND,ND,ND,ND
200045,TRANSPORT TRAINING CENTRES OF CANADA INC.,102824,"TRANSPORT TRAINING CENTRES OF CANADA INC., CAMBRIDGE",CAMBRIDGE,N1R 8B5,CONSTRUCTION PROGRAM - PLATINUM,Tractor-Trailer / Driver Licensing,AZ Class Truck Driver Combined,Y,SS,SS,SS,SS,ND,ND
200045,TRANSPORT TRAINING CENTRES OF CANADA INC.,102824,"TRANSPORT TRAINING CENTRES OF CANADA INC., CAMBRIDGE",CAMBRIDGE,N1R 8B5,GRADER PROGRAM,Construction Trade,Heavy Equipment Operator,Y,SS,ND,ND,ND,ND,ND
200045,TRANSPORT TRAINING CENTRES OF CANADA INC.,102824,"TRANSPORT TRAINING CENTRES OF CANADA INC., CAMBRIDGE",CAMBRIDGE,N1R 8B5,HEAVY EQUIPMENT PROGRAM - GOLD,Construction Trade,Heavy Equipment Operator,Y,SS,ND,ND,ND,ND,ND
200045,TRANSPORT TRAINING CENTRES OF CANADA INC.,102824,"TRANSPORT TRAINING CENTRES OF CANADA INC., CAMBRIDGE",CAMBRIDGE,N1R 8B5,HEAVY EQUIPMENT PROGRAM - PLATINUM,Construction Trade,Heavy Equipment Operator,Y,33.3%,ND,ND,ND,ND,ND
200045,TRANSPORT TRAINING CENTRES OF CANADA INC.,102824,"TRANSPORT TRAINING CENTRES OF CANADA INC., CAMBRIDGE",CAMBRIDGE,N1R 8B5,STRAIGHT TRUCK PROGRAM (DZ),Tractor-Trailer / Driver Licensing,DZ Class Truck Driver,Y,SS,ND,ND,ND,ND,ND
200045,TRANSPORT TRAINING CENTRES OF CANADA INC.,102824,"TRANSPORT TRAINING CENTRES OF CANADA INC., CAMBRIDGE",CAMBRIDGE,N1R 8B5,TRANSPORT TRAINING PROGRAM (AZ),Tractor-Trailer / Driver Licensing,AZ Class Truck Driver,Y,47.1%,60.0%,40.0%,50.0%,100.0%,ND
200045,TRANSPORT TRAINING CENTRES OF CANADA INC.,102938,"TRANSPORT TRAINING CENTRES OF CANADA INC., NIAGARA-ON-THE-LAKE",NIAGARA-ON-THE-LAKE,L0S 1J0,+,,,Y,83.7%,84.2%,68.4%,60.0%,50.0%,ND
200045,TRANSPORT TRAINING CENTRES OF CANADA INC.,102938,"TRANSPORT TRAINING CENTRES OF CANADA INC., NIAGARA-ON-THE-LAKE",NIAGARA-ON-THE-LAKE,L0S 1J0,AZ & EXCAVATOR PROGRAM,Tractor-Trailer / Driver Licensing,AZ Class Truck Driver Combined,Y,ND,SS,SS,SS,ND,ND
200045,TRANSPORT TRAINING CENTRES OF CANADA INC.,102938,"TRANSPORT TRAINING CENTRES OF CANADA INC., NIAGARA-ON-THE-LAKE",NIAGARA-ON-THE-LAKE,L0S 1J0,CONSTRUCTION PROGRAM - PLATINUM,Tractor-Trailer / Driver Licensing,AZ Class Truck Driver Combined,Y,SS,SS,SS,SS,ND,ND
200045,TRANSPORT TRAINING CENTRES OF CANADA INC.,102938,"TRANSPORT TRAINING CENTRES OF CANADA INC., NIAGARA-ON-THE-LAKE",NIAGARA-ON-THE-LAKE,L0S 1J0,CONSTRUCTION PROGRAM - SILVER,Tractor-Trailer / Driver Licensing,AZ Class Truck Driver Combined,Y,SS,ND,ND,ND,ND,ND
200045,TRANSPORT TRAINING CENTRES OF CANADA INC.,102938,"TRANSPORT TRAINING CENTRES OF CANADA INC., NIAGARA-ON-THE-LAKE",NIAGARA-ON-THE-LAKE,L0S 1J0,HEAVY EQUIPMENT PROGRAM - GOLD,Construction Trade,Heavy Equipment Operator,Y,SS,SS,SS,SS,ND,ND
200045,TRANSPORT TRAINING CENTRES OF CANADA INC.,102938,"TRANSPORT TRAINING CENTRES OF CANADA INC., NIAGARA-ON-THE-LAKE",NIAGARA-ON-THE-LAKE,L0S 1J0,HEAVY EQUIPMENT PROGRAM - PLATINUM,Construction Trade,Heavy Equipment Operator,Y,SS,SS,SS,SS,ND,ND
200045,TRANSPORT TRAINING CENTRES OF CANADA INC.,102938,"TRANSPORT TRAINING CENTRES OF CANADA INC., NIAGARA-ON-THE-LAKE",NIAGARA-ON-THE-LAKE,L0S 1J0,HEAVY EQUIPMENT PROGRAM - SILVER,Construction Trade,Heavy Equipment Operator,Y,SS,ND,ND,ND,ND,ND
200045,TRANSPORT TRAINING CENTRES OF CANADA INC.,102938,"TRANSPORT TRAINING CENTRES OF CANADA INC., NIAGARA-ON-THE-LAKE",NIAGARA-ON-THE-LAKE,L0S 1J0,STRAIGHT TRUCK PROGRAM (DZ),Tractor-Trailer / Driver Licensing,DZ Class Truck Driver,Y,87.5%,75.0%,50.0%,20.0%,ND,ND
200045,TRANSPORT TRAINING CENTRES OF CANADA INC.,102938,"TRANSPORT TRAINING CENTRES OF CANADA INC., NIAGARA-ON-THE-LAKE",NIAGARA-ON-THE-LAKE,L0S 1J0,TRANSPORT TRAINING PROGRAM (AZ),Tractor-Trailer / Driver Licensing,AZ Class Truck Driver,Y,81.5%,90.9%,72.7%,72.7%,50.0%,ND
200045,TRANSPORT TRAINING CENTRES OF CANADA INC.,103167,"TRANSPORT TRAINING CENTRES OF CANADA INC., THUNDER BAY",THUNDER BAY,P7E 3R2,+,,,Y,79.7%,73.9%,69.6%,87.5%,100.0%,ND
200045,TRANSPORT TRAINING CENTRES OF CANADA INC.,103167,"TRANSPORT TRAINING CENTRES OF CANADA INC., THUNDER BAY",THUNDER BAY,P7E 3R2,AZ & EXCAVATOR PROGRAM,Tractor-Trailer / Driver Licensing,AZ Class Truck Driver Combined,Y,SS,ND,ND,ND,ND,ND
200045,TRANSPORT TRAINING CENTRES OF CANADA INC.,103167,"TRANSPORT TRAINING CENTRES OF CANADA INC., THUNDER BAY",THUNDER BAY,P7E 3R2,BACKHOE PROGRAM,Construction Trade,Heavy Equipment Operator,Y,SS,SS,SS,SS,ND,ND
200045,TRANSPORT TRAINING CENTRES OF CANADA INC.,103167,"TRANSPORT TRAINING CENTRES OF CANADA INC., THUNDER BAY",THUNDER BAY,P7E 3R2,CONSTRUCTION PROGRAM - PLATINUM,Tractor-Trailer / Driver Licensing,AZ Class Truck Driver Combined,Y,SS,SS,SS,SS,ND,ND
200045,TRANSPORT TRAINING CENTRES OF CANADA INC.,103167,"TRANSPORT TRAINING CENTRES OF CANADA INC., THUNDER BAY",THUNDER BAY,P7E 3R2,HEAVY EQUIPMENT PROGRAM - GOLD,Construction Trade,Heavy Equipment Operator,Y,SS,ND,ND,ND,ND,ND
200045,TRANSPORT TRAINING CENTRES OF CANADA INC.,103167,"TRANSPORT TRAINING CENTRES OF CANADA INC., THUNDER BAY",THUNDER BAY,P7E 3R2,HEAVY EQUIPMENT PROGRAM - PLATINUM,Construction Trade,Heavy Equipment Operator,Y,80.0%,SS,SS,SS,ND,ND
200045,TRANSPORT TRAINING CENTRES OF CANADA INC.,103167,"TRANSPORT TRAINING CENTRES OF CANADA INC., THUNDER BAY",THUNDER BAY,P7E 3R2,HEAVY EQUIPMENT PROGRAM - SILVER,Construction Trade,Heavy Equipment Operator,Y,SS,SS,SS,SS,ND,ND
200045,TRANSPORT TRAINING CENTRES OF CANADA INC.,103167,"TRANSPORT TRAINING CENTRES OF CANADA INC., THUNDER BAY",THUNDER BAY,P7E 3R2,STRAIGHT TRUCK PROGRAM (DZ),Tractor-Trailer / Driver Licensing,DZ Class Truck Driver,Y,75.0%,77.8%,77.8%,90.0%,100.0%,ND
200045,TRANSPORT TRAINING CENTRES OF CANADA INC.,103167,"TRANSPORT TRAINING CENTRES OF CANADA INC., THUNDER BAY",THUNDER BAY,P7E 3R2,TRANSPORT TRAINING PROGRAM (AZ),Tractor-Trailer / Driver Licensing,AZ Class Truck Driver,Y,85.7%,100.0%,87.5%,100.0%,ND,ND
200045,TRANSPORT TRAINING CENTRES OF CANADA INC.,205199,"TRANSPORT TRAINING CENTRES OF CANADA INC., TIMMINS",TIMMINS,P4N 0E4,+,,,Y,SS,ND,ND,ND,ND,ND
200045,TRANSPORT TRAINING CENTRES OF CANADA INC.,205199,"TRANSPORT TRAINING CENTRES OF CANADA INC., TIMMINS",TIMMINS,P4N 0E4,TRANSPORT TRAINING PROGRAM (AZ),Tractor-Trailer / Driver Licensing,AZ Class Truck Driver,Y,SS,ND,ND,ND,ND,ND
200047,907687 ONTARIO INC.,+,+,,,+,,,Y,61.3%,66.7%,42.9%,77.3%,ND,ND
200047,907687 ONTARIO INC.,101217,"INTERNATIONAL INSTITUTE OF TRAVEL & BUSINESS, TORONTO",TORONTO,M5A 4K2,+,,,Y,61.3%,66.7%,42.9%,77.3%,ND,ND
200047,907687 ONTARIO INC.,101217,"INTERNATIONAL INSTITUTE OF TRAVEL & BUSINESS, TORONTO",TORONTO,M5A 4K2,BUSINESS ADMINISTRATION,Business,Business Administration,Y,SS,83.3%,83.3%,83.3%,ND,ND
200047,907687 ONTARIO INC.,101217,"INTERNATIONAL INSTITUTE OF TRAVEL & BUSINESS, TORONTO",TORONTO,M5A 4K2,FLIGHT ATTENDANT DIPLOMA PROGRAM - PART-TIME,Services,Other - Services,Y,92.3%,50.0%,37.5%,75.0%,ND,ND
200047,907687 ONTARIO INC.,101217,"INTERNATIONAL INSTITUTE OF TRAVEL & BUSINESS, TORONTO",TORONTO,M5A 4K2,HOSPITALITY DIPLOMA,Business,Hospitality Administration/Management,Y,37.5%,SS,SS,SS,ND,ND
200047,907687 ONTARIO INC.,101217,"INTERNATIONAL INSTITUTE OF TRAVEL & BUSINESS, TORONTO",TORONTO,M5A 4K2,HOTEL MANAGEMENT DIPLOMA,Business,Hospitality Administration/Management,Y,70.0%,ND,ND,ND,ND,ND
200047,907687 ONTARIO INC.,101217,"INTERNATIONAL INSTITUTE OF TRAVEL & BUSINESS, TORONTO",TORONTO,M5A 4K2,TRAVEL & TOURISM DIPLOMA,Services,Travel and Tourism,Y,51.7%,33.3%,0.0%,100.0%,ND,ND
200047,907687 ONTARIO INC.,101217,"INTERNATIONAL INSTITUTE OF TRAVEL & BUSINESS, TORONTO",TORONTO,M5A 4K2,TRAVEL CONSULTANT DIPLOMA,Services,Travel and Tourism,Y,SS,ND,ND,ND,ND,ND
200049,THE KINGSTON LEARNING CENTRE INC.,+,+,,,+,,,Y,75.6%,88.9%,88.9%,82.1%,100.0%,ND
200049,THE KINGSTON LEARNING CENTRE INC.,101221,"KLC COLLEGE: HEALTHCARE, BUSINESS, EDUCATION, KINGSTON 1",KINGSTON,K7M 8H9,+,,,Y,69.2%,87.5%,87.5%,57.1%,100.0%,3.8%
200049,THE KINGSTON LEARNING CENTRE INC.,101221,"KLC COLLEGE: HEALTHCARE, BUSINESS, EDUCATION, KINGSTON 1",KINGSTON,K7M 8H9,ACCOUNTING CLERK,Business,Accounting,Y,SS,ND,ND,ND,ND,ND
200049,THE KINGSTON LEARNING CENTRE INC.,101221,"KLC COLLEGE: HEALTHCARE, BUSINESS, EDUCATION, KINGSTON 1",KINGSTON,K7M 8H9,INTRA-ORAL DENTAL ASSISTING,Health Services,Intra-Oral Dental Assistant,Y,93.3%,100.0%,100.0%,33.3%,ND,ND
200049,THE KINGSTON LEARNING CENTRE INC.,101221,"KLC COLLEGE: HEALTHCARE, BUSINESS, EDUCATION, KINGSTON 1",KINGSTON,K7M 8H9,LEGAL ADMINISTRATION,Law and Public Safety,Legal Office Administration,Y,SS,ND,ND,ND,ND,ND
200049,THE KINGSTON LEARNING CENTRE INC.,101221,"KLC COLLEGE: HEALTHCARE, BUSINESS, EDUCATION, KINGSTON 1",KINGSTON,K7M 8H9,MEDICAL ADMINISTRATION,Health Services,Medical Office Administration/Management,Y,SS,SS,SS,SS,100.0%,ND
200049,THE KINGSTON LEARNING CENTRE INC.,101221,"KLC COLLEGE: HEALTHCARE, BUSINESS, EDUCATION, KINGSTON 1",KINGSTON,K7M 8H9,OFFICE ADMINISTRATION,Business,Office Administration,Y,ND,SS,SS,ND,ND,ND
200049,THE KINGSTON LEARNING CENTRE INC.,101221,"KLC COLLEGE: HEALTHCARE, BUSINESS, EDUCATION, KINGSTON 1",KINGSTON,K7M 8H9,PHARMACY TECHNICIAN,Health Services,Pharmacy Technician,Y,SS,SS,SS,SS,100.0%,ND
200049,THE KINGSTON LEARNING CENTRE INC.,101291,"KLC COLLEGE: HEALTHCARE, BUSINESS, EDUCATION, WHITBY",WHITBY,L1N 2L1,+,,,Y,SS,SS,SS,SS,ND,ND
200049,THE KINGSTON LEARNING CENTRE INC.,101291,"KLC COLLEGE: HEALTHCARE, BUSINESS, EDUCATION, WHITBY",WHITBY,L1N 2L1,EDUCATION ASSISTANT,Human Services,Educator,Y,SS,SS,SS,SS,ND,ND
200049,THE KINGSTON LEARNING CENTRE INC.,101485,"KLC COLLEGE: HEALTHCARE, BUSINESS, EDUCATION, TORONTO",TORONTO,M1P 4X4,+,,,Y,SS,ND,ND,ND,ND,ND
200049,THE KINGSTON LEARNING CENTRE INC.,101485,"KLC COLLEGE: HEALTHCARE, BUSINESS, EDUCATION, TORONTO",TORONTO,M1P 4X4,NACC PSW 2015,Health Services,Personal Support Worker/ Personal Attendant (NACC),Y,SS,ND,ND,ND,ND,ND
200049,THE KINGSTON LEARNING CENTRE INC.,131778,"KLC COLLEGE: HEALTHCARE, BUSINESS, EDUCATION, KINGSTON 2",KINGSTON,K7M 8H9,+,,,Y,84.8%,88.2%,88.2%,89.5%,100.0%,3.7%
200049,THE KINGSTON LEARNING CENTRE INC.,131778,"KLC COLLEGE: HEALTHCARE, BUSINESS, EDUCATION, KINGSTON 2",KINGSTON,K7M 8H9,CHILD AND YOUTH WORKER,Community and Social Services,Community Services Worker,Y,83.3%,ND,ND,ND,ND,ND
200049,THE KINGSTON LEARNING CENTRE INC.,131778,"KLC COLLEGE: HEALTHCARE, BUSINESS, EDUCATION, KINGSTON 2",KINGSTON,K7M 8H9,EDUCATION ASSISTANT,Human Services,Educator,Y,80.0%,SS,SS,SS,ND,ND
200049,THE KINGSTON LEARNING CENTRE INC.,131778,"KLC COLLEGE: HEALTHCARE, BUSINESS, EDUCATION, KINGSTON 2",KINGSTON,K7M 8H9,NACC PSW 2015,Health Services,Personal Support Worker/ Personal Attendant (NACC),Y,82.6%,90.9%,90.9%,100.0%,ND,ND
200049,THE KINGSTON LEARNING CENTRE INC.,131778,"KLC COLLEGE: HEALTHCARE, BUSINESS, EDUCATION, KINGSTON 2",KINGSTON,K7M 8H9,PHYSIOTHERAPY & OCCUPATIONAL THERAPY ASSISTANT,Health Services,Physiotherapy/Occupational Therapy,Y,100.0%,75.0%,75.0%,80.0%,100.0%,ND
200052,1698327 ONTARIO INC.,+,+,,,+,,,Y,60.0%,100.0%,88.9%,66.7%,0.0%,ND
200052,1698327 ONTARIO INC.,101226,"NU-WAVE SCHOOL OF HAIR DESIGN, THUNDER BAY",THUNDER BAY,P7C 1C5,+,,,Y,60.0%,100.0%,88.9%,66.7%,0.0%,ND
200052,1698327 ONTARIO INC.,101226,"NU-WAVE SCHOOL OF HAIR DESIGN, THUNDER BAY",THUNDER BAY,P7C 1C5,HAIRSTYLING,Service Trade,Hairstylist,Y,60.0%,100.0%,88.9%,66.7%,0.0%,ND
200058,S.T. EDUCATIONAL COMPUTER SERVICES LTD.,+,+,,,+,,,Y,64.8%,85.2%,77.8%,81.3%,0.0%,ND
200058,S.T. EDUCATIONAL COMPUTER SERVICES LTD.,101237,"APLUS INSTITUTE, TORONTO",TORONTO,M2N 6K1,+,,,Y,64.8%,85.2%,77.8%,81.3%,0.0%,0.0%
200058,S.T. EDUCATIONAL COMPUTER SERVICES LTD.,101237,"APLUS INSTITUTE, TORONTO",TORONTO,M2N 6K1,DENTAL HYGIENE,Health Services,Dental Hygienist,Y,64.8%,85.2%,77.8%,81.3%,0.0%,ND
200065,HELENE ADAMS,+,+,,,+,,,Y,73.7%,100.0%,66.7%,57.1%,ND,ND
200065,HELENE ADAMS,101253,"ELEGANCE COLLEGE OF HEALTHCARE SERVICES AND COSMETOLOGY, CORNWALL",CORNWALL,K6K 1K6,+,,,Y,73.7%,100.0%,66.7%,57.1%,ND,17.2%
200065,HELENE ADAMS,101253,"ELEGANCE COLLEGE OF HEALTHCARE SERVICES AND COSMETOLOGY, CORNWALL",CORNWALL,K6K 1K6,ESTHETICS,Human Services,Esthetics/Medical Esthetics,Y,100.0%,100.0%,100.0%,100.0%,ND,ND
200065,HELENE ADAMS,101253,"ELEGANCE COLLEGE OF HEALTHCARE SERVICES AND COSMETOLOGY, CORNWALL",CORNWALL,K6K 1K6,HAIRSTYLING,Service Trade,Hairstylist,Y,69.2%,100.0%,50.0%,40.0%,ND,ND
200065,HELENE ADAMS,101253,"ELEGANCE COLLEGE OF HEALTHCARE SERVICES AND COSMETOLOGY, CORNWALL",CORNWALL,K6K 1K6,MASSAGE THERAPY,Health Services,Massage Therapist,Y,63.6%,100.0%,100.0%,100.0%,ND,ND
200065,HELENE ADAMS,101253,"ELEGANCE COLLEGE OF HEALTHCARE SERVICES AND COSMETOLOGY, CORNWALL",CORNWALL,K6K 1K6,PHARMACY ASSISTANT,Health Services,Pharmacy Assistant,Y,SS,ND,ND,ND,ND,ND
200067,ROBETECH INSTITUTE INC.,+,+,,,+,,,Y,78.2%,81.0%,56.3%,78.2%,100.0%,ND
200067,ROBETECH INSTITUTE INC.,101258,"ANDERSON COLLEGE OF HEALTH, BUSINESS AND TECHNOLOGY, BLOOR STREET",TORONTO,M5S 2V6,+,,,Y,80.8%,76.2%,53.3%,75.7%,100.0%,1.4%
200067,ROBETECH INSTITUTE INC.,101258,"ANDERSON COLLEGE OF HEALTH, BUSINESS AND TECHNOLOGY, BLOOR STREET",TORONTO,M5S 2V6,BUSINESS ADMINISTRATION - CAPSTONE,Business,Business Administration,Y,SS,SS,SS,SS,ND,ND
200067,ROBETECH INSTITUTE INC.,101258,"ANDERSON COLLEGE OF HEALTH, BUSINESS AND TECHNOLOGY, BLOOR STREET",TORONTO,M5S 2V6,BUSINESS ADMINISTRATION DIPLOMA,Business,Business Administration,Y,62.5%,ND,ND,ND,ND,ND
200067,ROBETECH INSTITUTE INC.,101258,"ANDERSON COLLEGE OF HEALTH, BUSINESS AND TECHNOLOGY, BLOOR STREET",TORONTO,M5S 2V6,ESTHETICIAN,Human Services,Esthetics/Medical Esthetics,Y,SS,ND,ND,ND,ND,ND
200067,ROBETECH INSTITUTE INC.,101258,"ANDERSON COLLEGE OF HEALTH, BUSINESS AND TECHNOLOGY, BLOOR STREET",TORONTO,M5S 2V6,LAW CLERK,Law and Public Safety,Law Clerk,Y,73.3%,0.0%,0.0%,50.0%,ND,ND
200067,ROBETECH INSTITUTE INC.,101258,"ANDERSON COLLEGE OF HEALTH, BUSINESS AND TECHNOLOGY, BLOOR STREET",TORONTO,M5S 2V6,LOGISTICS AND SUPPLY CHAIN OPERATIONS,Business,Supply Chain Management and Logistics,Y,90.9%,ND,ND,ND,ND,ND
200067,ROBETECH INSTITUTE INC.,101258,"ANDERSON COLLEGE OF HEALTH, BUSINESS AND TECHNOLOGY, BLOOR STREET",TORONTO,M5S 2V6,MEDICAL ESTHETICIAN,Human Services,Esthetics/Medical Esthetics,Y,74.0%,67.9%,50.0%,66.7%,100.0%,ND
200067,ROBETECH INSTITUTE INC.,101258,"ANDERSON COLLEGE OF HEALTH, BUSINESS AND TECHNOLOGY, BLOOR STREET",TORONTO,M5S 2V6,MEDICAL LABORATORY TECHNICIAN,Health Services,Medical Laboratory Technician,Y,82.8%,67.6%,44.1%,66.7%,100.0%,ND
200067,ROBETECH INSTITUTE INC.,101258,"ANDERSON COLLEGE OF HEALTH, BUSINESS AND TECHNOLOGY, BLOOR STREET",TORONTO,M5S 2V6,MEDICAL OFFICE ADMINISTRATOR CAPSTONE,Health Services,Medical Office Administration/Management,Y,ND,SS,SS,SS,ND,ND
200067,ROBETECH INSTITUTE INC.,101258,"ANDERSON COLLEGE OF HEALTH, BUSINESS AND TECHNOLOGY, BLOOR STREET",TORONTO,M5S 2V6,MEDICAL OFFICE ADMINISTRATOR,Health Services,Medical Office Administration/Management,Y,96.9%,100.0%,83.3%,83.3%,ND,ND
200067,ROBETECH INSTITUTE INC.,101258,"ANDERSON COLLEGE OF HEALTH, BUSINESS AND TECHNOLOGY, BLOOR STREET",TORONTO,M5S 2V6,OCCUPATIONAL HEALTH AND SAFETY,Services,Other - Services,Y,ND,ND,ND,ND,ND,ND
200067,ROBETECH INSTITUTE INC.,101258,"ANDERSON COLLEGE OF HEALTH, BUSINESS AND TECHNOLOGY, BLOOR STREET",TORONTO,M5S 2V6,PERSONAL SUPPORT WORKER - HYBRID,Health Services,Personal Support Worker/Personal Attendant,Y,ND,90.9%,81.8%,83.3%,100.0%,ND
200067,ROBETECH INSTITUTE INC.,101258,"ANDERSON COLLEGE OF HEALTH, BUSINESS AND TECHNOLOGY, BLOOR STREET",TORONTO,M5S 2V6,PERSONAL SUPPORT WORKER,Health Services,Personal Support Worker/Personal Attendant,Y,80.0%,75.0%,75.0%,100.0%,ND,ND
200067,ROBETECH INSTITUTE INC.,101258,"ANDERSON COLLEGE OF HEALTH, BUSINESS AND TECHNOLOGY, BLOOR STREET",TORONTO,M5S 2V6,PHYSIOTHERAPIST AND OCCUPATIONAL THERAPY ASSISTANT,Health Services,Physiotherapy/Occupational Therapy,Y,79.3%,92.9%,50.0%,100.0%,ND,ND
200067,ROBETECH INSTITUTE INC.,101258,"ANDERSON COLLEGE OF HEALTH, BUSINESS AND TECHNOLOGY, BLOOR STREET",TORONTO,M5S 2V6,SUPPLY CHAIN AND LOGISTICS,Business,Supply Chain Management and Logistics,Y,ND,100.0%,60.0%,80.0%,100.0%,ND
200067,ROBETECH INSTITUTE INC.,159295,"ANDERSON COLLEGE OF HEALTH, BUSINESS AND TECHNOLOGY, YONGE STREET",TORONTO,M2M 3V5,+,,,Y,77.2%,83.1%,57.6%,79.4%,100.0%,4.3%
200067,ROBETECH INSTITUTE INC.,159295,"ANDERSON COLLEGE OF HEALTH, BUSINESS AND TECHNOLOGY, YONGE STREET",TORONTO,M2M 3V5,ADVANCED DIPLOMA IN CISCO AND RED HAT ENGINEERING,Computer and Information Technology,Information Technology,Y,ND,SS,SS,SS,ND,ND
200067,ROBETECH INSTITUTE INC.,159295,"ANDERSON COLLEGE OF HEALTH, BUSINESS AND TECHNOLOGY, YONGE STREET",TORONTO,M2M 3V5,ADVANCED DIPLOMA IN CISCO AND RED HAT SYSTEM ADMINISTRATION,Computer and Information Technology,Information Technology,Y,ND,ND,ND,ND,ND,ND
200067,ROBETECH INSTITUTE INC.,159295,"ANDERSON COLLEGE OF HEALTH, BUSINESS AND TECHNOLOGY, YONGE STREET",TORONTO,M2M 3V5,BUSINESS ADMINISTRATION - CAPSTONE,Business,Business Administration,Y,80.0%,50.0%,50.0%,100.0%,ND,ND
200067,ROBETECH INSTITUTE INC.,159295,"ANDERSON COLLEGE OF HEALTH, BUSINESS AND TECHNOLOGY, YONGE STREET",TORONTO,M2M 3V5,BUSINESS ADMINISTRATION DIPLOMA,Business,Business Administration,Y,79.4%,66.7%,27.8%,73.7%,100.0%,ND
200067,ROBETECH INSTITUTE INC.,159295,"ANDERSON COLLEGE OF HEALTH, BUSINESS AND TECHNOLOGY, YONGE STREET",TORONTO,M2M 3V5,CARDIOLOGY TECHNOLOGY,Health Services,Medical Sonography/Ultrasound Technology,Y,73.0%,94.4%,88.9%,88.9%,100.0%,ND
200067,ROBETECH INSTITUTE INC.,159295,"ANDERSON COLLEGE OF HEALTH, BUSINESS AND TECHNOLOGY, YONGE STREET",TORONTO,M2M 3V5,IMMIGRATION CONSULTANT - CAPSTONE,Community and Social Services,Immigration Consultant,Y,98.9%,ND,ND,ND,ND,ND
200067,ROBETECH INSTITUTE INC.,159295,"ANDERSON COLLEGE OF HEALTH, BUSINESS AND TECHNOLOGY, YONGE STREET",TORONTO,M2M 3V5,IMMIGRATION CONSULTANT,Community and Social Services,Immigration Consultant,Y,50.0%,ND,ND,ND,ND,ND
200067,ROBETECH INSTITUTE INC.,159295,"ANDERSON COLLEGE OF HEALTH, BUSINESS AND TECHNOLOGY, YONGE STREET",TORONTO,M2M 3V5,INTRA ORAL LEVEL I & II DENTAL ASSISTANT,Health Services,Intra-Oral Dental Assistant,Y,88.5%,96.3%,81.5%,83.3%,ND,ND
200067,ROBETECH INSTITUTE INC.,159295,"ANDERSON COLLEGE OF HEALTH, BUSINESS AND TECHNOLOGY, YONGE STREET",TORONTO,M2M 3V5,LOGISTICS AND SUPPLY CHAIN OPERATIONS,Business,Supply Chain Management and Logistics,Y,84.6%,ND,ND,ND,ND,ND
200067,ROBETECH INSTITUTE INC.,159295,"ANDERSON COLLEGE OF HEALTH, BUSINESS AND TECHNOLOGY, YONGE STREET",TORONTO,M2M 3V5,MEDICAL LABORATORY TECHNICIAN,Health Services,Medical Laboratory Technician,Y,65.7%,75.4%,45.6%,72.1%,100.0%,ND
200067,ROBETECH INSTITUTE INC.,159295,"ANDERSON COLLEGE OF HEALTH, BUSINESS AND TECHNOLOGY, YONGE STREET",TORONTO,M2M 3V5,MEDICAL OFFICE ADMINISTRATOR - CAPSTONE,Health Services,Medical Office Administration/Management,Y,60.0%,SS,SS,SS,ND,ND
200067,ROBETECH INSTITUTE INC.,159295,"ANDERSON COLLEGE OF HEALTH, BUSINESS AND TECHNOLOGY, YONGE STREET",TORONTO,M2M 3V5,MEDICAL OFFICE ADMINISTRATOR,Health Services,Medical Office Administration/Management,Y,79.5%,87.5%,43.8%,82.4%,100.0%,ND
200067,ROBETECH INSTITUTE INC.,159295,"ANDERSON COLLEGE OF HEALTH, BUSINESS AND TECHNOLOGY, YONGE STREET",TORONTO,M2M 3V5,OCCUPATIONAL HEALTH AND SAFETY,Services,Other - Services,Y,ND,100.0%,55.6%,66.7%,100.0%,ND
200067,ROBETECH INSTITUTE INC.,159295,"ANDERSON COLLEGE OF HEALTH, BUSINESS AND TECHNOLOGY, YONGE STREET",TORONTO,M2M 3V5,PERSONAL SUPPORT WORKER - HYBRID,Health Services,Personal Support Worker/Personal Attendant,Y,90.9%,89.7%,75.9%,93.8%,100.0%,ND
200067,ROBETECH INSTITUTE INC.,159295,"ANDERSON COLLEGE OF HEALTH, BUSINESS AND TECHNOLOGY, YONGE STREET",TORONTO,M2M 3V5,PERSONAL SUPPORT WORKER,Health Services,Personal Support Worker/Personal Attendant,Y,66.4%,82.4%,64.7%,94.1%,ND,ND
200067,ROBETECH INSTITUTE INC.,159295,"ANDERSON COLLEGE OF HEALTH, BUSINESS AND TECHNOLOGY, YONGE STREET",TORONTO,M2M 3V5,PHYSIOTHERAPIST AND OCCUPATIONAL THERAPY ASSISTANT,Health Services,Physiotherapy/Occupational Therapy,Y,69.2%,100.0%,50.0%,83.3%,100.0%,ND
200067,ROBETECH INSTITUTE INC.,159295,"ANDERSON COLLEGE OF HEALTH, BUSINESS AND TECHNOLOGY, YONGE STREET",TORONTO,M2M 3V5,SUPPLY CHAIN AND LOGISTICS,Business,Supply Chain Management and Logistics,Y,64.4%,71.4%,47.6%,61.9%,100.0%,ND
200072,CANADIAN BUSINESS SCHOOL INC.,+,+,,,+,,,Y,59.8%,73.1%,54.8%,66.7%,100.0%,ND
200072,CANADIAN BUSINESS SCHOOL INC.,101267,"CANADIAN BUSINESS COLLEGE, SCARBOROUGH",TORONTO,M1P 4X4,+,,,Y,43.5%,68.3%,53.7%,66.7%,100.0%,3.4%
200072,CANADIAN BUSINESS SCHOOL INC.,101267,"CANADIAN BUSINESS COLLEGE, SCARBOROUGH",TORONTO,M1P 4X4,ACCOUNTING & PAYROLL ADMINISTRATOR,Business,Accounting and Payroll Administration,Y,52.6%,40.0%,20.0%,20.0%,ND,ND
200072,CANADIAN BUSINESS SCHOOL INC.,101267,"CANADIAN BUSINESS COLLEGE, SCARBOROUGH",TORONTO,M1P 4X4,BUSINESS MANAGEMENT,Business,Business Management,Y,55.6%,50.0%,25.0%,80.0%,ND,ND
200072,CANADIAN BUSINESS SCHOOL INC.,101267,"CANADIAN BUSINESS COLLEGE, SCARBOROUGH",TORONTO,M1P 4X4,COMMUNITY SERVICES WORKER,Community and Social Services,Community Services Worker,Y,68.2%,75.0%,50.0%,77.8%,100.0%,ND
200072,CANADIAN BUSINESS SCHOOL INC.,101267,"CANADIAN BUSINESS COLLEGE, SCARBOROUGH",TORONTO,M1P 4X4,EARLY CHILDCARE ASSISTANT,Human Services,Early Childhood Assistant,Y,26.9%,100.0%,85.7%,66.7%,ND,ND
200072,CANADIAN BUSINESS SCHOOL INC.,101267,"CANADIAN BUSINESS COLLEGE, SCARBOROUGH",TORONTO,M1P 4X4,MEDICAL & HEALTH ADMINISTRATION,Health Services,Medical Office Administration/Management,Y,58.3%,50.0%,50.0%,66.7%,ND,ND
200072,CANADIAN BUSINESS SCHOOL INC.,101267,"CANADIAN BUSINESS COLLEGE, SCARBOROUGH",TORONTO,M1P 4X4,PERSONAL SUPPORT WORKER,Health Services,Personal Support Worker/Personal Attendant,Y,18.5%,72.7%,63.6%,72.7%,ND,ND
200072,CANADIAN BUSINESS SCHOOL INC.,101268,"CANADIAN BUSINESS COLLEGE, TORONTO",TORONTO,M4W 3E2,+,,,Y,65.4%,65.2%,52.2%,64.0%,100.0%,10.1%
200072,CANADIAN BUSINESS SCHOOL INC.,101268,"CANADIAN BUSINESS COLLEGE, TORONTO",TORONTO,M4W 3E2,ACCOUNTING & PAYROLL ADMINISTRATOR,Business,Accounting and Payroll Administration,Y,88.9%,66.7%,66.7%,60.0%,ND,ND
200072,CANADIAN BUSINESS SCHOOL INC.,101268,"CANADIAN BUSINESS COLLEGE, TORONTO",TORONTO,M4W 3E2,ADVANCED DATABASE ADMINISTRATOR,Computer and Information Technology,Information Technology,Y,100.0%,0.0%,0.0%,100.0%,ND,ND
200072,CANADIAN BUSINESS SCHOOL INC.,101268,"CANADIAN BUSINESS COLLEGE, TORONTO",TORONTO,M4W 3E2,BUSINESS MANAGEMENT,Business,Business Management,Y,68.8%,83.3%,50.0%,66.7%,100.0%,ND
200072,CANADIAN BUSINESS SCHOOL INC.,101268,"CANADIAN BUSINESS COLLEGE, TORONTO",TORONTO,M4W 3E2,COMMUNITY SERVICES WORKER,Community and Social Services,Community Services Worker,Y,47.1%,66.7%,66.7%,33.3%,ND,ND
200072,CANADIAN BUSINESS SCHOOL INC.,101268,"CANADIAN BUSINESS COLLEGE, TORONTO",TORONTO,M4W 3E2,DIGITAL MEDIA WEB DESIGNER,Computer and Information Technology,Information Technology,Y,SS,ND,ND,ND,ND,ND
200072,CANADIAN BUSINESS SCHOOL INC.,101268,"CANADIAN BUSINESS COLLEGE, TORONTO",TORONTO,M4W 3E2,FULL STACK SOFTWARE DEVELOPMENT,Computer and Information Technology,Information Technology,Y,SS,ND,ND,ND,ND,ND
200072,CANADIAN BUSINESS SCHOOL INC.,101268,"CANADIAN BUSINESS COLLEGE, TORONTO",TORONTO,M4W 3E2,LAW CLERK,Law and Public Safety,Law Clerk,Y,55.6%,100.0%,100.0%,100.0%,ND,ND
200072,CANADIAN BUSINESS SCHOOL INC.,101268,"CANADIAN BUSINESS COLLEGE, TORONTO",TORONTO,M4W 3E2,MARKETING AND DIGITAL MEDIA,Business,Marketing/Advertising,Y,28.6%,SS,SS,SS,ND,ND
200072,CANADIAN BUSINESS SCHOOL INC.,101268,"CANADIAN BUSINESS COLLEGE, TORONTO",TORONTO,M4W 3E2,MEDICAL & HEALTH ADMINISTRATION,Health Services,Medical Office Administration/Management,Y,75.0%,100.0%,100.0%,100.0%,ND,ND
200072,CANADIAN BUSINESS SCHOOL INC.,101268,"CANADIAN BUSINESS COLLEGE, TORONTO",TORONTO,M4W 3E2,NETWORK ENGINEER,Computer and Information Technology,Computer Engineering and Programming,Y,71.4%,50.0%,50.0%,50.0%,ND,ND
200072,CANADIAN BUSINESS SCHOOL INC.,101268,"CANADIAN BUSINESS COLLEGE, TORONTO",TORONTO,M4W 3E2,POLICE FOUNDATIONS,Law and Public Safety,Law Enforcement/Police Foundations,Y,77.8%,100.0%,0.0%,100.0%,100.0%,ND
200072,CANADIAN BUSINESS SCHOOL INC.,101268,"CANADIAN BUSINESS COLLEGE, TORONTO",TORONTO,M4W 3E2,SOFTWARE ENGINEERING,Computer and Information Technology,Computer Engineering and Programming,Y,54.5%,0.0%,0.0%,0.0%,ND,ND
200072,CANADIAN BUSINESS SCHOOL INC.,101268,"CANADIAN BUSINESS COLLEGE, TORONTO",TORONTO,M4W 3E2,SUPPLY CHAIN MANAGEMENT AND LOGISTICS,Business,Supply Chain Management and Logistics,Y,ND,SS,SS,SS,ND,ND
200072,CANADIAN BUSINESS SCHOOL INC.,101303,"CANADIAN BUSINESS COLLEGE, MISSISSAUGA",MISSISSAUGA,L5B 1M5,+,,,Y,72.7%,82.5%,57.5%,68.2%,100.0%,6.1%
200072,CANADIAN BUSINESS SCHOOL INC.,101303,"CANADIAN BUSINESS COLLEGE, MISSISSAUGA",MISSISSAUGA,L5B 1M5,ACCOUNTING & PAYROLL ADMINISTRATOR,Business,Accounting and Payroll Administration,Y,94.1%,91.7%,83.3%,83.3%,100.0%,ND
200072,CANADIAN BUSINESS SCHOOL INC.,101303,"CANADIAN BUSINESS COLLEGE, MISSISSAUGA",MISSISSAUGA,L5B 1M5,ADVANCED DATABASE ADMINISTRATOR,Computer and Information Technology,Information Technology,Y,100.0%,100.0%,100.0%,100.0%,ND,ND
200072,CANADIAN BUSINESS SCHOOL INC.,101303,"CANADIAN BUSINESS COLLEGE, MISSISSAUGA",MISSISSAUGA,L5B 1M5,BUSINESS MANAGEMENT,Business,Business Management,Y,57.9%,71.4%,28.6%,50.0%,ND,ND
200072,CANADIAN BUSINESS SCHOOL INC.,101303,"CANADIAN BUSINESS COLLEGE, MISSISSAUGA",MISSISSAUGA,L5B 1M5,COMMUNITY SERVICES WORKER,Community and Social Services,Community Services Worker,Y,66.7%,40.0%,0.0%,28.6%,ND,ND
200072,CANADIAN BUSINESS SCHOOL INC.,101303,"CANADIAN BUSINESS COLLEGE, MISSISSAUGA",MISSISSAUGA,L5B 1M5,DIGITAL MEDIA WEB DESIGNER,Computer and Information Technology,Information Technology,Y,SS,ND,ND,ND,ND,ND
200072,CANADIAN BUSINESS SCHOOL INC.,101303,"CANADIAN BUSINESS COLLEGE, MISSISSAUGA",MISSISSAUGA,L5B 1M5,EARLY CHILDCARE ASSISTANT,Human Services,Early Childhood Assistant,Y,21.4%,SS,SS,100.0%,ND,ND
200072,CANADIAN BUSINESS SCHOOL INC.,101303,"CANADIAN BUSINESS COLLEGE, MISSISSAUGA",MISSISSAUGA,L5B 1M5,FULL STACK SOFTWARE DEVELOPMENT,Computer and Information Technology,Information Technology,Y,SS,ND,ND,ND,ND,ND
200072,CANADIAN BUSINESS SCHOOL INC.,101303,"CANADIAN BUSINESS COLLEGE, MISSISSAUGA",MISSISSAUGA,L5B 1M5,LAW CLERK,Law and Public Safety,Law Clerk,Y,66.7%,SS,SS,SS,ND,ND
200072,CANADIAN BUSINESS SCHOOL INC.,101303,"CANADIAN BUSINESS COLLEGE, MISSISSAUGA",MISSISSAUGA,L5B 1M5,MARKETING AND DIGITAL MEDIA,Business,Marketing/Advertising,Y,75.0%,100.0%,100.0%,0.0%,ND,ND
200072,CANADIAN BUSINESS SCHOOL INC.,101303,"CANADIAN BUSINESS COLLEGE, MISSISSAUGA",MISSISSAUGA,L5B 1M5,MEDICAL & HEALTH ADMINISTRATION,Health Services,Medical Office Administration/Management,Y,93.3%,100.0%,50.0%,100.0%,ND,ND
200072,CANADIAN BUSINESS SCHOOL INC.,101303,"CANADIAN BUSINESS COLLEGE, MISSISSAUGA",MISSISSAUGA,L5B 1M5,POLICE FOUNDATIONS,Law and Public Safety,Law Enforcement/Police Foundations,Y,83.3%,100.0%,33.3%,100.0%,ND,ND
200072,CANADIAN BUSINESS SCHOOL INC.,101303,"CANADIAN BUSINESS COLLEGE, MISSISSAUGA",MISSISSAUGA,L5B 1M5,SOFTWARE ENGINEERING,Computer and Information Technology,Computer Engineering and Programming,Y,SS,SS,SS,SS,ND,ND
200072,CANADIAN BUSINESS SCHOOL INC.,101303,"CANADIAN BUSINESS COLLEGE, MISSISSAUGA",MISSISSAUGA,L5B 1M5,SUPPLY CHAIN MANAGEMENT AND LOGISTICS,Business,Supply Chain Management and Logistics,Y,ND,SS,SS,SS,ND,ND
200075,1306050 ONTARIO LTD.,+,+,,,+,,,Y,63.0%,74.5%,48.9%,88.7%,100.0%,ND
200075,1306050 ONTARIO LTD.,101273,"ACADEMY OF LEARNING CAREER AND BUSINESS COLLEGE, TORONTO/1123 ALBION RD.",TORONTO,M9V 1A9,+,,,Y,63.0%,74.5%,48.9%,88.7%,100.0%,11.1%
200075,1306050 ONTARIO LTD.,101273,"ACADEMY OF LEARNING CAREER AND BUSINESS COLLEGE, TORONTO/1123 ALBION RD.",TORONTO,M9V 1A9,A+ CERTIFICATION PREPARATION,Computer and Information Technology,Information Technology,Y,SS,SS,SS,SS,ND,ND
200075,1306050 ONTARIO LTD.,101273,"ACADEMY OF LEARNING CAREER AND BUSINESS COLLEGE, TORONTO/1123 ALBION RD.",TORONTO,M9V 1A9,ACCOUNTING AND PAYROLL ADMINISTRATOR,Business,Accounting and Payroll Administration,Y,82.4%,33.3%,0.0%,50.0%,ND,ND
200075,1306050 ONTARIO LTD.,101273,"ACADEMY OF LEARNING CAREER AND BUSINESS COLLEGE, TORONTO/1123 ALBION RD.",TORONTO,M9V 1A9,ADMINISTRATIVE ASSISTANT,Business,Office Administration,Y,SS,SS,SS,SS,ND,ND
200075,1306050 ONTARIO LTD.,101273,"ACADEMY OF LEARNING CAREER AND BUSINESS COLLEGE, TORONTO/1123 ALBION RD.",TORONTO,M9V 1A9,BUSINESS ADMINISTRATION DIPLOMA,Business,Business Administration,Y,85.7%,60.0%,20.0%,66.7%,ND,ND
200075,1306050 ONTARIO LTD.,101273,"ACADEMY OF LEARNING CAREER AND BUSINESS COLLEGE, TORONTO/1123 ALBION RD.",TORONTO,M9V 1A9,BUSINESS OFFICE ACCOUNTING CLERK,Business,Accounting,Y,SS,ND,ND,ND,ND,ND
200075,1306050 ONTARIO LTD.,101273,"ACADEMY OF LEARNING CAREER AND BUSINESS COLLEGE, TORONTO/1123 ALBION RD.",TORONTO,M9V 1A9,COMPUTER SERVICE TECHNICIAN,Computer and Information Technology,Information Technology,Y,SS,SS,SS,SS,ND,ND
200075,1306050 ONTARIO LTD.,101273,"ACADEMY OF LEARNING CAREER AND BUSINESS COLLEGE, TORONTO/1123 ALBION RD.",TORONTO,M9V 1A9,CONFERENCE AND EVENT PLANNER,Business,Hospitality Administration/Management,Y,73.7%,33.3%,0.0%,100.0%,ND,ND
200075,1306050 ONTARIO LTD.,101273,"ACADEMY OF LEARNING CAREER AND BUSINESS COLLEGE, TORONTO/1123 ALBION RD.",TORONTO,M9V 1A9,GRAPHIC DESIGNER,Applied Arts and Science,Graphic Design/Printing,Y,SS,ND,ND,ND,ND,ND
200075,1306050 ONTARIO LTD.,101273,"ACADEMY OF LEARNING CAREER AND BUSINESS COLLEGE, TORONTO/1123 ALBION RD.",TORONTO,M9V 1A9,HOME INSPECTION DIPLOMA,Services,Other - Services,Y,66.7%,ND,ND,ND,ND,ND
200075,1306050 ONTARIO LTD.,101273,"ACADEMY OF LEARNING CAREER AND BUSINESS COLLEGE, TORONTO/1123 ALBION RD.",TORONTO,M9V 1A9,INTERNATIONAL HOSPITALITY MANAGEMENT,Business,Hospitality Administration/Management,Y,SS,ND,ND,ND,ND,ND
200075,1306050 ONTARIO LTD.,101273,"ACADEMY OF LEARNING CAREER AND BUSINESS COLLEGE, TORONTO/1123 ALBION RD.",TORONTO,M9V 1A9,IT SECURITY SPECIALIST,Computer and Information Technology,Computer Security and Project Management,Y,ND,ND,ND,ND,ND,ND
200075,1306050 ONTARIO LTD.,101273,"ACADEMY OF LEARNING CAREER AND BUSINESS COLLEGE, TORONTO/1123 ALBION RD.",TORONTO,M9V 1A9,MARKETING COORDINATOR,Business,Marketing/Advertising,Y,SS,ND,ND,ND,ND,ND
200075,1306050 ONTARIO LTD.,101273,"ACADEMY OF LEARNING CAREER AND BUSINESS COLLEGE, TORONTO/1123 ALBION RD.",TORONTO,M9V 1A9,MEDICAL OFFICE ASSISTANT WITH HEALTH UNIT COORDINATOR SPECIALTY,Health Services,Medical Office Administration/Management,Y,100.0%,80.0%,80.0%,100.0%,ND,ND
200075,1306050 ONTARIO LTD.,101273,"ACADEMY OF LEARNING CAREER AND BUSINESS COLLEGE, TORONTO/1123 ALBION RD.",TORONTO,M9V 1A9,MEDICAL OFFICE ASSISTANT,Health Services,Medical Office Administration/Management,Y,SS,ND,ND,ND,ND,ND
200075,1306050 ONTARIO LTD.,101273,"ACADEMY OF LEARNING CAREER AND BUSINESS COLLEGE, TORONTO/1123 ALBION RD.",TORONTO,M9V 1A9,MEDICAL RECEPTIONIST,Health Services,Office/Clerical/Administration - Dental/Medical,Y,SS,SS,SS,SS,ND,ND
200075,1306050 ONTARIO LTD.,101273,"ACADEMY OF LEARNING CAREER AND BUSINESS COLLEGE, TORONTO/1123 ALBION RD.",TORONTO,M9V 1A9,NETWORK ADMINISTRATOR,Computer and Information Technology,Network Administration,Y,80.0%,ND,ND,ND,ND,ND
200075,1306050 ONTARIO LTD.,101273,"ACADEMY OF LEARNING CAREER AND BUSINESS COLLEGE, TORONTO/1123 ALBION RD.",TORONTO,M9V 1A9,PERSONAL SUPPORT WORKER,Health Services,Personal Support Worker/Personal Attendant,Y,53.1%,87.5%,70.8%,96.0%,ND,ND
200075,1306050 ONTARIO LTD.,101273,"ACADEMY OF LEARNING CAREER AND BUSINESS COLLEGE, TORONTO/1123 ALBION RD.",TORONTO,M9V 1A9,PROJECT ADMINISTRATION,Business,Project Administration/Management,Y,ND,SS,SS,SS,ND,ND
200075,1306050 ONTARIO LTD.,101273,"ACADEMY OF LEARNING CAREER AND BUSINESS COLLEGE, TORONTO/1123 ALBION RD.",TORONTO,M9V 1A9,WEB DESIGNER,Computer and Information Technology,Information Technology,Y,SS,SS,SS,SS,100.0%,ND
200079,TIFFANY SCHOOL OF ADVANCED AESTHETICS AND ELECTROLYSIS INC.,+,+,,,+,,,Y,80.0%,66.7%,66.7%,100.0%,ND,ND
200079,TIFFANY SCHOOL OF ADVANCED AESTHETICS AND ELECTROLYSIS INC.,101280,"TIFFANY SCHOOL OF ADVANCED AESTHETICS AND ELECTROLYSIS, THORNHILL",TORONTO,M3J 2K6,+,,,Y,80.0%,66.7%,66.7%,100.0%,ND,ND
200079,TIFFANY SCHOOL OF ADVANCED AESTHETICS AND ELECTROLYSIS INC.,101280,"TIFFANY SCHOOL OF ADVANCED AESTHETICS AND ELECTROLYSIS, THORNHILL",TORONTO,M3J 2K6,ADVANCED AESTHETICS,Human Services,Esthetics/Medical Esthetics,Y,80.0%,SS,SS,100.0%,ND,ND
200079,TIFFANY SCHOOL OF ADVANCED AESTHETICS AND ELECTROLYSIS INC.,101280,"TIFFANY SCHOOL OF ADVANCED AESTHETICS AND ELECTROLYSIS, THORNHILL",TORONTO,M3J 2K6,ELECTROLYSIS,Human Services,Esthetics/Medical Esthetics,Y,ND,SS,SS,SS,ND,ND
200081,THE CULINARY ARTS SCHOOL OF ONTARIO LTD,+,+,,,+,,,Y,50.0%,87.5%,87.5%,100.0%,100.0%,ND
200081,THE CULINARY ARTS SCHOOL OF ONTARIO LTD,101282,"CHEF SCHOOL, MISSISSAUGA",MISSISSAUGA,L4Z 1T1,+,,,Y,50.0%,87.5%,87.5%,100.0%,100.0%,ND
200081,THE CULINARY ARTS SCHOOL OF ONTARIO LTD,101282,"CHEF SCHOOL, MISSISSAUGA",MISSISSAUGA,L4Z 1T1,CULINARY ARTS DIPLOMA,Service Trade,Chef,Y,SS,SS,SS,SS,ND,ND
200081,THE CULINARY ARTS SCHOOL OF ONTARIO LTD,101282,"CHEF SCHOOL, MISSISSAUGA",MISSISSAUGA,L4Z 1T1,PROFESSIONAL CHEF,Service Trade,Chef,Y,SS,ND,ND,ND,ND,ND
200081,THE CULINARY ARTS SCHOOL OF ONTARIO LTD,101282,"CHEF SCHOOL, MISSISSAUGA",MISSISSAUGA,L4Z 1T1,SOUS CHEF,Service Trade,Chef,Y,100.0%,85.7%,85.7%,100.0%,100.0%,ND
200082,KNOWLEDGE TRACK INC.,+,+,,,+,,,Y,77.3%,80.0%,30.0%,66.7%,ND,ND
200082,KNOWLEDGE TRACK INC.,101283,"ACADEMY OF LEARNING CAREER AND BUSINESS COLLEGE, OTTAWA",OTTAWA,K2G 5J8,+,,,Y,77.3%,80.0%,30.0%,66.7%,ND,ND
200082,KNOWLEDGE TRACK INC.,101283,"ACADEMY OF LEARNING CAREER AND BUSINESS COLLEGE, OTTAWA",OTTAWA,K2G 5J8,A+ CERTIFICATION PREPARATION,Computer and Information Technology,Information Technology,Y,SS,ND,ND,ND,ND,ND
200082,KNOWLEDGE TRACK INC.,101283,"ACADEMY OF LEARNING CAREER AND BUSINESS COLLEGE, OTTAWA",OTTAWA,K2G 5J8,ACCOUNTING AND PAYROLL ADMINISTRATOR,Business,Accounting and Payroll Administration,Y,SS,ND,ND,ND,ND,ND
200082,KNOWLEDGE TRACK INC.,101283,"ACADEMY OF LEARNING CAREER AND BUSINESS COLLEGE, OTTAWA",OTTAWA,K2G 5J8,ADMINISTRATIVE ASSISTANT,Business,Office Administration,Y,ND,SS,SS,SS,ND,ND
200082,KNOWLEDGE TRACK INC.,101283,"ACADEMY OF LEARNING CAREER AND BUSINESS COLLEGE, OTTAWA",OTTAWA,K2G 5J8,BUSINESS ACCOUNTING,Business,Accounting,Y,SS,SS,SS,SS,ND,ND
200082,KNOWLEDGE TRACK INC.,101283,"ACADEMY OF LEARNING CAREER AND BUSINESS COLLEGE, OTTAWA",OTTAWA,K2G 5J8,BUSINESS ADMINISTRATION DIPLOMA,Business,Business Administration,Y,SS,SS,SS,SS,ND,ND
200082,KNOWLEDGE TRACK INC.,101283,"ACADEMY OF LEARNING CAREER AND BUSINESS COLLEGE, OTTAWA",OTTAWA,K2G 5J8,COMMUNITY SERVICE WORKER VIRTUAL LEARNING,Community and Social Services,Community Services Worker,Y,ND,SS,SS,ND,ND,ND
200082,KNOWLEDGE TRACK INC.,101283,"ACADEMY OF LEARNING CAREER AND BUSINESS COLLEGE, OTTAWA",OTTAWA,K2G 5J8,COMPUTER SERVICE TECHNICIAN,Computer and Information Technology,Information Technology,Y,SS,ND,ND,ND,ND,ND
200082,KNOWLEDGE TRACK INC.,101283,"ACADEMY OF LEARNING CAREER AND BUSINESS COLLEGE, OTTAWA",OTTAWA,K2G 5J8,CONFERENCE AND EVENT PLANNER,Business,Hospitality Administration/Management,Y,ND,SS,SS,ND,ND,ND
200082,KNOWLEDGE TRACK INC.,101283,"ACADEMY OF LEARNING CAREER AND BUSINESS COLLEGE, OTTAWA",OTTAWA,K2G 5J8,CUSTOMER SERVICE AND INFORMATION CLERK,Services,Customer Service/Retail Sales,Y,SS,ND,ND,ND,ND,ND
200082,KNOWLEDGE TRACK INC.,101283,"ACADEMY OF LEARNING CAREER AND BUSINESS COLLEGE, OTTAWA",OTTAWA,K2G 5J8,HOME INSPECTION CERTIFICATE,Services,Other - Services,Y,SS,ND,ND,ND,ND,ND
200082,KNOWLEDGE TRACK INC.,101283,"ACADEMY OF LEARNING CAREER AND BUSINESS COLLEGE, OTTAWA",OTTAWA,K2G 5J8,MEDICAL OFFICE ADMINISTRATION,Health Services,Medical Office Administration/Management,Y,SS,SS,SS,SS,ND,ND
200082,KNOWLEDGE TRACK INC.,101283,"ACADEMY OF LEARNING CAREER AND BUSINESS COLLEGE, OTTAWA",OTTAWA,K2G 5J8,MEDICAL RECEPTIONIST,Health Services,Office/Clerical/Administration - Dental/Medical,Y,SS,ND,ND,ND,ND,ND
200082,KNOWLEDGE TRACK INC.,101283,"ACADEMY OF LEARNING CAREER AND BUSINESS COLLEGE, OTTAWA",OTTAWA,K2G 5J8,NETWORK ADMINISTRATOR,Computer and Information Technology,Network Administration,Y,SS,SS,SS,SS,ND,ND
200082,KNOWLEDGE TRACK INC.,101283,"ACADEMY OF LEARNING CAREER AND BUSINESS COLLEGE, OTTAWA",OTTAWA,K2G 5J8,OFFICE ADMINISTRATION,Business,Office Administration,Y,ND,ND,ND,SS,ND,ND
200082,KNOWLEDGE TRACK INC.,101283,"ACADEMY OF LEARNING CAREER AND BUSINESS COLLEGE, OTTAWA",OTTAWA,K2G 5J8,PROJECT ADMINISTRATION,Business,Project Administration/Management,Y,SS,SS,SS,SS,ND,ND
200082,KNOWLEDGE TRACK INC.,101283,"ACADEMY OF LEARNING CAREER AND BUSINESS COLLEGE, OTTAWA",OTTAWA,K2G 5J8,SALES PROFESSIONAL,Services,Customer Service/Retail Sales,Y,SS,ND,ND,ND,ND,ND
200082,KNOWLEDGE TRACK INC.,101283,"ACADEMY OF LEARNING CAREER AND BUSINESS COLLEGE, OTTAWA",OTTAWA,K2G 5J8,WEB DESIGNER,Computer and Information Technology,Information Technology,Y,ND,SS,SS,SS,ND,ND
200089,KIM RICHARDSON TRANSPORTATION SPECIALISTS INC.,+,+,,,+,,,Y,40.3%,100.0%,96.6%,82.8%,100.0%,ND
200089,KIM RICHARDSON TRANSPORTATION SPECIALISTS INC.,101292,"KIM RICHARDSON TRANSPORTATION SPECIALISTS INC., CALEDONIA",CALEDONIA,N3W 1B8,+,,,Y,40.3%,100.0%,96.6%,82.8%,100.0%,ND
200089,KIM RICHARDSON TRANSPORTATION SPECIALISTS INC.,101292,"KIM RICHARDSON TRANSPORTATION SPECIALISTS INC., CALEDONIA",CALEDONIA,N3W 1B8,AZ PROGRAM,Tractor-Trailer / Driver Licensing,AZ Class Truck Driver,Y,58.3%,100.0%,100.0%,100.0%,ND,ND
200089,KIM RICHARDSON TRANSPORTATION SPECIALISTS INC.,101292,"KIM RICHARDSON TRANSPORTATION SPECIALISTS INC., CALEDONIA",CALEDONIA,N3W 1B8,HEAVY EQUIPMENT OPERATOR,Construction Trade,Heavy Equipment Operator,Y,44.4%,ND,ND,ND,ND,ND
200089,KIM RICHARDSON TRANSPORTATION SPECIALISTS INC.,101292,"KIM RICHARDSON TRANSPORTATION SPECIALISTS INC., CALEDONIA",CALEDONIA,N3W 1B8,TRACTOR-TRAILER MELT,Tractor-Trailer / Driver Licensing,A Class Truck Driver,Y,40.4%,100.0%,95.2%,76.2%,100.0%,ND
200089,KIM RICHARDSON TRANSPORTATION SPECIALISTS INC.,101292,"KIM RICHARDSON TRANSPORTATION SPECIALISTS INC., CALEDONIA",CALEDONIA,N3W 1B8,TRANSPORTATION AND CONSTRUCTION PROGRAM,Construction Trade,Other - Construction Trade,Y,20.0%,SS,SS,SS,ND,ND
200089,KIM RICHARDSON TRANSPORTATION SPECIALISTS INC.,101292,"KIM RICHARDSON TRANSPORTATION SPECIALISTS INC., CALEDONIA",CALEDONIA,N3W 1B8,TRUCK DRIVING (DZ),Tractor-Trailer / Driver Licensing,DZ Class Truck Driver,Y,44.4%,SS,SS,SS,ND,ND
200091,THE COLLEGE OF SPORTS MEDIA INC.,+,+,,,+,,,Y,82.5%,81.8%,81.8%,90.9%,100.0%,ND
200091,THE COLLEGE OF SPORTS MEDIA INC.,101294,"THE COLLEGE OF SPORTS MEDIA INC., TORONTO",TORONTO,M5A 2N4,+,,,Y,82.5%,81.8%,81.8%,90.9%,100.0%,ND
200091,THE COLLEGE OF SPORTS MEDIA INC.,101294,"THE COLLEGE OF SPORTS MEDIA INC., TORONTO",TORONTO,M5A 2N4,RADIO & TELEVISION SPORTS BROADCASTING,Applied Arts and Science,Music Production and Recording Arts Technology,Y,82.5%,81.8%,81.8%,90.9%,100.0%,ND
200094,2001016 ONTARIO INC.,+,+,,,+,,,Y,97.4%,85.0%,63.0%,77.9%,100.0%,ND
200094,2001016 ONTARIO INC.,101299,"YORK CONSTRUCTION ACADEMY, TORONTO",TORONTO,M3J 2C6,+,,,Y,97.4%,85.0%,63.0%,77.9%,100.0%,ND
200094,2001016 ONTARIO INC.,101299,"YORK CONSTRUCTION ACADEMY, TORONTO",TORONTO,M3J 2C6,CONSTRUCTION TECHNOLOGY (12 WEEKS)*,Construction Trade,Heavy Equipment Operator,Y,97.0%,See combined program results below,See combined program results below,See combined program results below,See combined program results below,ND
200094,2001016 ONTARIO INC.,101299,"YORK CONSTRUCTION ACADEMY, TORONTO",TORONTO,M3J 2C6,CONSTRUCTION TECHNOLOGY (8 WEEKS)*,Construction Trade,Heavy Equipment Operator,Y,97.8%,See combined program results below,See combined program results below,See combined program results below,See combined program results below,ND
200094,2001016 ONTARIO INC.,101299,"YORK CONSTRUCTION ACADEMY, TORONTO",TORONTO,M3J 2C6,CONSTRUCTION TECHNOLOGY (COMBINED 8 WEEKS AND 12 WEEKS)**,Construction Trade,Heavy Equipment Operator,Y,See program results above,85.0%,63.0%,77.9%,100.0%,See program results above
200102,1214707 ONTARIO LTD.,+,+,,,+,,,Y,64.4%,74.6%,65.7%,68.1%,100.0%,ND
200102,1214707 ONTARIO LTD.,101314,"CANADIAN COLLEGE OF HEALTH SCIENCE AND TECHNOLOGY, WINDSOR",WINDSOR,N8W 3P2,+,,,Y,64.4%,74.6%,65.7%,68.1%,100.0%,10.3%
200102,1214707 ONTARIO LTD.,101314,"CANADIAN COLLEGE OF HEALTH SCIENCE AND TECHNOLOGY, WINDSOR",WINDSOR,N8W 3P2,ACCOUNTING ADMINISTRATOR + INTERNSHIP,Business,Accounting and Payroll Administration,Y,66.7%,92.3%,76.9%,61.5%,100.0%,ND
200102,1214707 ONTARIO LTD.,101314,"CANADIAN COLLEGE OF HEALTH SCIENCE AND TECHNOLOGY, WINDSOR",WINDSOR,N8W 3P2,ADDICTIONS AND MENTAL HEALTH WORKER,Community and Social Services,Community Services Worker,Y,58.6%,57.1%,50.0%,61.5%,100.0%,ND
200102,1214707 ONTARIO LTD.,101314,"CANADIAN COLLEGE OF HEALTH SCIENCE AND TECHNOLOGY, WINDSOR",WINDSOR,N8W 3P2,COMMUNITY SERVICE WORKER,Community and Social Services,Community Services Worker,Y,SS,ND,ND,ND,ND,ND
200102,1214707 ONTARIO LTD.,101314,"CANADIAN COLLEGE OF HEALTH SCIENCE AND TECHNOLOGY, WINDSOR",WINDSOR,N8W 3P2,LAW ENFORCEMENT FOUNDATIONS,Law and Public Safety,Law Enforcement/Police Foundations,Y,SS,SS,SS,SS,ND,ND
200102,1214707 ONTARIO LTD.,101314,"CANADIAN COLLEGE OF HEALTH SCIENCE AND TECHNOLOGY, WINDSOR",WINDSOR,N8W 3P2,LEGAL ADMINISTRATIVE ASSISTANT + INTERNSHIP,Law and Public Safety,Legal Office Administration,Y,40.0%,SS,SS,SS,ND,ND
200102,1214707 ONTARIO LTD.,101314,"CANADIAN COLLEGE OF HEALTH SCIENCE AND TECHNOLOGY, WINDSOR",WINDSOR,N8W 3P2,MASSAGE & HYDROTHERAPY,Health Services,Massage Therapist,Y,66.7%,70.0%,70.0%,58.3%,ND,ND
200102,1214707 ONTARIO LTD.,101314,"CANADIAN COLLEGE OF HEALTH SCIENCE AND TECHNOLOGY, WINDSOR",WINDSOR,N8W 3P2,MEDICAL OFFICE ASSISTANT + INTERNSHIP,Health Services,Medical Office Administration/Management,Y,85.2%,75.0%,68.8%,76.5%,100.0%,ND
200102,1214707 ONTARIO LTD.,101314,"CANADIAN COLLEGE OF HEALTH SCIENCE AND TECHNOLOGY, WINDSOR",WINDSOR,N8W 3P2,OFFICE ADMINISTRATOR + INTERNSHIP,Business,Office Administration,Y,SS,ND,ND,ND,ND,ND
200102,1214707 ONTARIO LTD.,101314,"CANADIAN COLLEGE OF HEALTH SCIENCE AND TECHNOLOGY, WINDSOR",WINDSOR,N8W 3P2,PERSONAL SUPPORT WORKER NACC,Health Services,Personal Support Worker/ Personal Attendant (NACC),Y,62.5%,77.8%,77.8%,88.9%,100.0%,ND
200116,1002948 ONTARIO LTD.,+,+,,,+,,,Y,35.7%,62.5%,37.5%,88.9%,ND,ND
200116,1002948 ONTARIO LTD.,102747,"FLAIR COLLEGE OF MANAGEMENT AND TECHNOLOGY, VAUGHAN",CONCORD,L4K 1X2,+,,,Y,0.0%,SS,SS,SS,ND,ND
200116,1002948 ONTARIO LTD.,102747,"FLAIR COLLEGE OF MANAGEMENT AND TECHNOLOGY, VAUGHAN",CONCORD,L4K 1X2,BUSINESS ADMINISTRATION,Business,Business Administration,Y,0.0%,SS,SS,SS,ND,ND
200116,1002948 ONTARIO LTD.,102747,"FLAIR COLLEGE OF MANAGEMENT AND TECHNOLOGY, VAUGHAN",CONCORD,L4K 1X2,CHEF DE CUISINE,Service Trade,Chef,Y,SS,ND,ND,ND,ND,ND
200116,1002948 ONTARIO LTD.,102747,"FLAIR COLLEGE OF MANAGEMENT AND TECHNOLOGY, VAUGHAN",CONCORD,L4K 1X2,CULINARY & HOSPITALITY OPERATIONS MANAGEMENT,Service Trade,Chef,Y,SS,ND,ND,ND,ND,ND
200116,1002948 ONTARIO LTD.,204383,"FLAIR COLLEGE OF MANAGEMENT AND TECHNOLOGY, FCMT - BRAMPTON",BRAMPTON,L6V 1B5,+,,,Y,100.0%,80.0%,40.0%,100.0%,ND,ND
200116,1002948 ONTARIO LTD.,204383,"FLAIR COLLEGE OF MANAGEMENT AND TECHNOLOGY, FCMT - BRAMPTON",BRAMPTON,L6V 1B5,DIPLOMA IN COMPUTING SUPPORT,Computer and Information Technology,Computer Support Specialist,Y,SS,SS,SS,SS,ND,ND
200116,1002948 ONTARIO LTD.,204383,"FLAIR COLLEGE OF MANAGEMENT AND TECHNOLOGY, FCMT - BRAMPTON",BRAMPTON,L6V 1B5,POST GRADUATE DIPLOMA IN PROJECT MANAGEMENT,Business,Project Administration/Management,Y,SS,SS,SS,SS,ND,ND
200128,1039810 ONTARIO LTD.,+,+,,,+,,,Y,86.9%,62.2%,26.7%,75.0%,ND,ND
200128,1039810 ONTARIO LTD.,101372,"CITI COLLEGE OF CANADIAN CAREERS, TORONTO/YORK MILLS RD.",TORONTO,M4A 2V6,+,,,Y,82.6%,66.7%,27.3%,81.0%,ND,9.8%
200128,1039810 ONTARIO LTD.,101372,"CITI COLLEGE OF CANADIAN CAREERS, TORONTO/YORK MILLS RD.",TORONTO,M4A 2V6,ACCOUNTING AND PAYROLL ADMINISTRATION,Business,Accounting and Payroll Administration,Y,66.7%,SS,SS,SS,ND,ND
200128,1039810 ONTARIO LTD.,101372,"CITI COLLEGE OF CANADIAN CAREERS, TORONTO/YORK MILLS RD.",TORONTO,M4A 2V6,BUSINESS ADMINISTRATION,Business,Business Administration,Y,SS,SS,SS,SS,ND,ND
200128,1039810 ONTARIO LTD.,101372,"CITI COLLEGE OF CANADIAN CAREERS, TORONTO/YORK MILLS RD.",TORONTO,M4A 2V6,BUSINESS MANAGEMENT,Business,Business Management,Y,86.2%,50.0%,25.0%,69.2%,ND,ND
200128,1039810 ONTARIO LTD.,101372,"CITI COLLEGE OF CANADIAN CAREERS, TORONTO/YORK MILLS RD.",TORONTO,M4A 2V6,COMMUNITY SERVICE WORKER,Community and Social Services,Community Services Worker,Y,77.5%,57.1%,28.6%,75.0%,ND,ND
200128,1039810 ONTARIO LTD.,101372,"CITI COLLEGE OF CANADIAN CAREERS, TORONTO/YORK MILLS RD.",TORONTO,M4A 2V6,COMPUTERIZED ACCOUNTING,Business,Accounting,Y,ND,SS,SS,SS,ND,ND
200128,1039810 ONTARIO LTD.,101372,"CITI COLLEGE OF CANADIAN CAREERS, TORONTO/YORK MILLS RD.",TORONTO,M4A 2V6,COMPUTERIZED OFFICE APPLICATIONS,Business,Office Administration,Y,100.0%,ND,ND,100.0%,ND,ND
200128,1039810 ONTARIO LTD.,101372,"CITI COLLEGE OF CANADIAN CAREERS, TORONTO/YORK MILLS RD.",TORONTO,M4A 2V6,E-BUSINESS DEVELOPMENT ENGINEERING,Computer and Information Technology,Information Technology,Y,SS,SS,SS,SS,ND,ND
200128,1039810 ONTARIO LTD.,101372,"CITI COLLEGE OF CANADIAN CAREERS, TORONTO/YORK MILLS RD.",TORONTO,M4A 2V6,ENTERPRISE NETWORK ENGINEERING,Computer and Information Technology,Information Technology,Y,77.8%,ND,ND,ND,ND,ND
200128,1039810 ONTARIO LTD.,101372,"CITI COLLEGE OF CANADIAN CAREERS, TORONTO/YORK MILLS RD.",TORONTO,M4A 2V6,MEDICAL OFFICE ASSISTANT DIPLOMA WITH PRACTICUM,Health Services,Medical Office Administration/Management,Y,83.3%,88.9%,22.2%,100.0%,ND,ND
200128,1039810 ONTARIO LTD.,101372,"CITI COLLEGE OF CANADIAN CAREERS, TORONTO/YORK MILLS RD.",TORONTO,M4A 2V6,MEDICAL OFFICE ASSISTANT DIPLOMA,Health Services,Medical Office Administration/Management,Y,SS,ND,ND,ND,ND,ND
200128,1039810 ONTARIO LTD.,101372,"CITI COLLEGE OF CANADIAN CAREERS, TORONTO/YORK MILLS RD.",TORONTO,M4A 2V6,OFFICE ADMINISTRATION AND ACCOUNTING SPECIALIST,Business,Office Administration,Y,SS,ND,ND,ND,ND,ND
200128,1039810 ONTARIO LTD.,114072,"CITI COLLEGE OF CANADIAN CAREERS - MISSISSAUGA CAMPUS, MISSISSAUGA",MISSISSAUGA,L5B 3C2,+,,,Y,97.7%,50.0%,25.0%,57.1%,ND,2.0%
200128,1039810 ONTARIO LTD.,114072,"CITI COLLEGE OF CANADIAN CAREERS - MISSISSAUGA CAMPUS, MISSISSAUGA",MISSISSAUGA,L5B 3C2,ACCOUNTING AND PAYROLL ADMINISTRATION,Business,Accounting and Payroll Administration,Y,100.0%,50.0%,25.0%,25.0%,ND,ND
200128,1039810 ONTARIO LTD.,114072,"CITI COLLEGE OF CANADIAN CAREERS - MISSISSAUGA CAMPUS, MISSISSAUGA",MISSISSAUGA,L5B 3C2,BUSINESS ADMINISTRATION,Business,Business Administration,Y,SS,ND,ND,ND,ND,ND
200128,1039810 ONTARIO LTD.,114072,"CITI COLLEGE OF CANADIAN CAREERS - MISSISSAUGA CAMPUS, MISSISSAUGA",MISSISSAUGA,L5B 3C2,COMPUTERIZED ACCOUNTING,Business,Accounting,Y,ND,ND,ND,ND,ND,ND
200128,1039810 ONTARIO LTD.,114072,"CITI COLLEGE OF CANADIAN CAREERS - MISSISSAUGA CAMPUS, MISSISSAUGA",MISSISSAUGA,L5B 3C2,ENTERPRISE NETWORK ENGINEERING,Computer and Information Technology,Information Technology,Y,100.0%,0.0%,0.0%,100.0%,ND,ND
200128,1039810 ONTARIO LTD.,114072,"CITI COLLEGE OF CANADIAN CAREERS - MISSISSAUGA CAMPUS, MISSISSAUGA",MISSISSAUGA,L5B 3C2,MEDICAL OFFICE ASSISTANT DIPLOMA,Health Services,Medical Office Administration/Management,Y,94.1%,50.0%,25.0%,60.0%,ND,ND
200128,1039810 ONTARIO LTD.,114072,"CITI COLLEGE OF CANADIAN CAREERS - MISSISSAUGA CAMPUS, MISSISSAUGA",MISSISSAUGA,L5B 3C2,NETWORK ENGINEER,Computer and Information Technology,Computer Engineering and Programming,Y,SS,ND,ND,ND,ND,ND
200128,1039810 ONTARIO LTD.,114072,"CITI COLLEGE OF CANADIAN CAREERS - MISSISSAUGA CAMPUS, MISSISSAUGA",MISSISSAUGA,L5B 3C2,OFFICE ADMINISTRATION AND ACCOUNTING SPECIALIST,Business,Office Administration,Y,SS,ND,ND,SS,ND,ND
200128,1039810 ONTARIO LTD.,114072,"CITI COLLEGE OF CANADIAN CAREERS - MISSISSAUGA CAMPUS, MISSISSAUGA",MISSISSAUGA,L5B 3C2,OFFICE ASSISTANT,Business,Office Administration,Y,SS,SS,SS,SS,ND,ND
200132,1350902 ONTARIO LTD.,+,+,,,+,,,Y,95.6%,85.7%,68.0%,82.7%,100.0%,ND
200132,1350902 ONTARIO LTD.,101380,"CROSSROADS TRUCK & CAREER ACADEMY, OTTAWA",OTTAWA,K1B 3L9,+,,,Y,94.8%,81.0%,61.1%,81.9%,100.0%,ND
200132,1350902 ONTARIO LTD.,101380,"CROSSROADS TRUCK & CAREER ACADEMY, OTTAWA",OTTAWA,K1B 3L9,AZ PROGRAM PLUS,Tractor-Trailer / Driver Licensing,AZ Class Truck Driver,Y,100.0%,62.5%,41.7%,66.7%,100.0%,ND
200132,1350902 ONTARIO LTD.,101380,"CROSSROADS TRUCK & CAREER ACADEMY, OTTAWA",OTTAWA,K1B 3L9,AZ PROGRAM,Tractor-Trailer / Driver Licensing,AZ Class Truck Driver,Y,98.3%,72.2%,55.6%,76.9%,100.0%,ND
200132,1350902 ONTARIO LTD.,101380,"CROSSROADS TRUCK & CAREER ACADEMY, OTTAWA",OTTAWA,K1B 3L9,FULL DZ PROGRAM,Tractor-Trailer / Driver Licensing,DZ Class Truck Driver,Y,99.1%,100.0%,75.0%,95.7%,100.0%,ND
200132,1350902 ONTARIO LTD.,101380,"CROSSROADS TRUCK & CAREER ACADEMY, OTTAWA",OTTAWA,K1B 3L9,PERSONAL SUPPORT WORKER,Health Services,Personal Support Worker/Personal Attendant,Y,55.2%,100.0%,100.0%,75.0%,ND,ND
200132,1350902 ONTARIO LTD.,103078,"CROSSROADS TRUCK & CAREER ACADEMY, SMITHS FALLS",SMITHS FALLS,K7A 1Z5,+,,,Y,98.1%,98.0%,85.7%,84.6%,100.0%,ND
200132,1350902 ONTARIO LTD.,103078,"CROSSROADS TRUCK & CAREER ACADEMY, SMITHS FALLS",SMITHS FALLS,K7A 1Z5,AZ PROGRAM PLUS,Tractor-Trailer / Driver Licensing,AZ Class Truck Driver Combined,Y,88.9%,100.0%,75.0%,75.0%,ND,ND
200132,1350902 ONTARIO LTD.,103078,"CROSSROADS TRUCK & CAREER ACADEMY, SMITHS FALLS",SMITHS FALLS,K7A 1Z5,AZ PROGRAM,Tractor-Trailer / Driver Licensing,AZ Class Truck Driver,Y,98.2%,100.0%,96.6%,87.5%,100.0%,ND
200132,1350902 ONTARIO LTD.,103078,"CROSSROADS TRUCK & CAREER ACADEMY, SMITHS FALLS",SMITHS FALLS,K7A 1Z5,FULL DZ PROGRAM,Tractor-Trailer / Driver Licensing,DZ Class Truck Driver,Y,100.0%,93.8%,68.8%,81.3%,100.0%,ND
200134,D. & R. MACINTOSH ASSOCIATES INC.,+,+,,,+,,,Y,92.6%,82.1%,71.4%,84.4%,ND,ND
200134,D. & R. MACINTOSH ASSOCIATES INC.,101385,"VERSAILLES ACADEMY OF MAKE-UP ARTS & ESTHETICS, OTTAWA",OTTAWA,K1V 7Z8,+,,,Y,92.6%,82.1%,71.4%,84.4%,ND,5.7%
200134,D. & R. MACINTOSH ASSOCIATES INC.,101385,"VERSAILLES ACADEMY OF MAKE-UP ARTS & ESTHETICS, OTTAWA",OTTAWA,K1V 7Z8,PROFESSIONAL ESTHETICIAN,Human Services,Esthetics/Medical Esthetics,Y,87.5%,100.0%,50.0%,100.0%,ND,ND
200134,D. & R. MACINTOSH ASSOCIATES INC.,101385,"VERSAILLES ACADEMY OF MAKE-UP ARTS & ESTHETICS, OTTAWA",OTTAWA,K1V 7Z8,PROFESSIONAL HAIRSTYLIST AND MAKE-UP ARTIST,Human Services,Cosmetology/Make-up Application,Y,100.0%,66.7%,66.7%,100.0%,ND,ND
200134,D. & R. MACINTOSH ASSOCIATES INC.,101385,"VERSAILLES ACADEMY OF MAKE-UP ARTS & ESTHETICS, OTTAWA",OTTAWA,K1V 7Z8,PROFESSIONAL HAIRSTYLIST,Service Trade,Hairstylist,Y,93.8%,85.7%,71.4%,62.5%,ND,ND
200134,D. & R. MACINTOSH ASSOCIATES INC.,101385,"VERSAILLES ACADEMY OF MAKE-UP ARTS & ESTHETICS, OTTAWA",OTTAWA,K1V 7Z8,PROFESSIONAL MEDICAL ESTHETICS,Human Services,Esthetics/Medical Esthetics,Y,90.2%,81.3%,75.0%,88.9%,ND,ND
200142,ONTARIO DRIVING SCHOOL OF LONDON INC.,+,+,,,+,,,Y,65.6%,89.7%,80.2%,81.2%,94.1%,ND
200142,ONTARIO DRIVING SCHOOL OF LONDON INC.,101400,"ONTARIO TRUCK DRIVING SCHOOL, WINDSOR",WINDSOR,N8X 4W6,+,,,Y,46.3%,89.5%,78.9%,83.3%,100.0%,ND
200142,ONTARIO DRIVING SCHOOL OF LONDON INC.,101400,"ONTARIO TRUCK DRIVING SCHOOL, WINDSOR",WINDSOR,N8X 4W6,FULL DZ PROGRAM,Tractor-Trailer / Driver Licensing,DZ Class Truck Driver,Y,6.7%,SS,SS,SS,ND,ND
200142,ONTARIO DRIVING SCHOOL OF LONDON INC.,101400,"ONTARIO TRUCK DRIVING SCHOOL, WINDSOR",WINDSOR,N8X 4W6,TRACTOR TRAILER AZ PLUS PROGRAM,Tractor-Trailer / Driver Licensing,AZ Class Truck Driver,Y,ND,ND,ND,ND,ND,ND
200142,ONTARIO DRIVING SCHOOL OF LONDON INC.,101400,"ONTARIO TRUCK DRIVING SCHOOL, WINDSOR",WINDSOR,N8X 4W6,TRACTOR TRAILER AZ PROGRAM,Tractor-Trailer / Driver Licensing,AZ Class Truck Driver,Y,50.0%,100.0%,100.0%,100.0%,ND,ND
200142,ONTARIO DRIVING SCHOOL OF LONDON INC.,101400,"ONTARIO TRUCK DRIVING SCHOOL, WINDSOR",WINDSOR,N8X 4W6,TRACTOR TRAILER PROGRAM (MELT),Tractor-Trailer / Driver Licensing,A Class Truck Driver,Y,59.5%,86.7%,80.0%,78.6%,100.0%,ND
200142,ONTARIO DRIVING SCHOOL OF LONDON INC.,101401,"ONTARIO TRUCK DRIVING SCHOOL, LONDON",LONDON,N6E 2Z3,+,,,Y,57.3%,87.5%,78.8%,75.0%,100.0%,ND
200142,ONTARIO DRIVING SCHOOL OF LONDON INC.,101401,"ONTARIO TRUCK DRIVING SCHOOL, LONDON",LONDON,N6E 2Z3,AZ & 5 PIECE CONSTRUCTION FUNDAMENTALS,Tractor-Trailer / Driver Licensing,AZ Class Truck Driver Combined,Y,78.8%,75.0%,56.3%,62.5%,ND,ND
200142,ONTARIO DRIVING SCHOOL OF LONDON INC.,101401,"ONTARIO TRUCK DRIVING SCHOOL, LONDON",LONDON,N6E 2Z3,AZ PLUS TRACTOR TRAILER DRIVER,Tractor-Trailer / Driver Licensing,AZ Class Truck Driver Combined,Y,90.0%,100.0%,100.0%,75.0%,ND,ND
200142,ONTARIO DRIVING SCHOOL OF LONDON INC.,101401,"ONTARIO TRUCK DRIVING SCHOOL, LONDON",LONDON,N6E 2Z3,CONSTRUCTION & AZ PROGRAM,Tractor-Trailer / Driver Licensing,AZ Class Truck Driver Combined,Y,SS,SS,SS,SS,100.0%,ND
200142,ONTARIO DRIVING SCHOOL OF LONDON INC.,101401,"ONTARIO TRUCK DRIVING SCHOOL, LONDON",LONDON,N6E 2Z3,CONSTRUCTION & TRANSPORTATION EQUIPMENT OPERATOR,Tractor-Trailer / Driver Licensing,DZ Class Truck Driver Combined,Y,SS,ND,ND,ND,ND,ND
200142,ONTARIO DRIVING SCHOOL OF LONDON INC.,101401,"ONTARIO TRUCK DRIVING SCHOOL, LONDON",LONDON,N6E 2Z3,DZ DUMP TRUCK PROGRAM,Tractor-Trailer / Driver Licensing,DZ Class Truck Driver Combined,Y,SS,SS,SS,SS,100.0%,ND
200142,ONTARIO DRIVING SCHOOL OF LONDON INC.,101401,"ONTARIO TRUCK DRIVING SCHOOL, LONDON",LONDON,N6E 2Z3,EXCAVATOR OPERATOR TRAINING COURSE,Construction Trade,Heavy Equipment Operator,Y,SS,ND,ND,ND,ND,ND
200142,ONTARIO DRIVING SCHOOL OF LONDON INC.,101401,"ONTARIO TRUCK DRIVING SCHOOL, LONDON",LONDON,N6E 2Z3,FULL BZ PROGRAM,Tractor-Trailer / Driver Licensing,BZ Class Bus Driver,Y,33.3%,SS,SS,SS,ND,ND
200142,ONTARIO DRIVING SCHOOL OF LONDON INC.,101401,"ONTARIO TRUCK DRIVING SCHOOL, LONDON",LONDON,N6E 2Z3,FULL DZ PROGRAM,Tractor-Trailer / Driver Licensing,DZ Class Truck Driver,Y,9.1%,SS,SS,SS,100.0%,ND
200142,ONTARIO DRIVING SCHOOL OF LONDON INC.,101401,"ONTARIO TRUCK DRIVING SCHOOL, LONDON",LONDON,N6E 2Z3,GENERAL HEAVY EQUIPMENT OPERATOR,Construction Trade,Heavy Equipment Operator,Y,SS,SS,SS,SS,ND,ND
200142,ONTARIO DRIVING SCHOOL OF LONDON INC.,101401,"ONTARIO TRUCK DRIVING SCHOOL, LONDON",LONDON,N6E 2Z3,HEAVY EQUIPMENT OPERATOR TRAINING COURSE,Construction Trade,Heavy Equipment Operator,Y,40.0%,SS,SS,SS,ND,ND
200142,ONTARIO DRIVING SCHOOL OF LONDON INC.,101401,"ONTARIO TRUCK DRIVING SCHOOL, LONDON",LONDON,N6E 2Z3,TRACTOR TRAILER AZ PLUS PROGRAM,Tractor-Trailer / Driver Licensing,AZ Class Truck Driver,Y,53.8%,66.7%,66.7%,100.0%,ND,ND
200142,ONTARIO DRIVING SCHOOL OF LONDON INC.,101401,"ONTARIO TRUCK DRIVING SCHOOL, LONDON",LONDON,N6E 2Z3,TRACTOR TRAILER AZ PROGRAM,Tractor-Trailer / Driver Licensing,AZ Class Truck Driver,Y,54.2%,100.0%,80.0%,90.0%,100.0%,ND
200142,ONTARIO DRIVING SCHOOL OF LONDON INC.,101401,"ONTARIO TRUCK DRIVING SCHOOL, LONDON",LONDON,N6E 2Z3,TRACTOR TRAILER PROGRAM (MELT),Tractor-Trailer / Driver Licensing,A Class Truck Driver,Y,60.0%,94.4%,91.7%,83.3%,100.0%,ND
200142,ONTARIO DRIVING SCHOOL OF LONDON INC.,102511,"ONTARIO TRUCK DRIVING SCHOOL, SARNIA",SARNIA,N7T 7H3,+,,,Y,64.0%,100.0%,100.0%,75.0%,ND,ND
200142,ONTARIO DRIVING SCHOOL OF LONDON INC.,102511,"ONTARIO TRUCK DRIVING SCHOOL, SARNIA",SARNIA,N7T 7H3,AZ PLUS TRACTOR TRAILER DRIVER,Tractor-Trailer / Driver Licensing,AZ Class Truck Driver Combined,Y,SS,ND,ND,ND,ND,ND
200142,ONTARIO DRIVING SCHOOL OF LONDON INC.,102511,"ONTARIO TRUCK DRIVING SCHOOL, SARNIA",SARNIA,N7T 7H3,FULL DZ PROGRAM,Tractor-Trailer / Driver Licensing,DZ Class Truck Driver,Y,SS,ND,ND,ND,ND,ND
200142,ONTARIO DRIVING SCHOOL OF LONDON INC.,102511,"ONTARIO TRUCK DRIVING SCHOOL, SARNIA",SARNIA,N7T 7H3,TRACTOR TRAILER AZ PROGRAM,Tractor-Trailer / Driver Licensing,AZ Class Truck Driver,Y,66.7%,SS,SS,SS,ND,ND
200142,ONTARIO DRIVING SCHOOL OF LONDON INC.,102511,"ONTARIO TRUCK DRIVING SCHOOL, SARNIA",SARNIA,N7T 7H3,TRACTOR TRAILER PROGRAM (MELT),Tractor-Trailer / Driver Licensing,A Class Truck Driver,Y,66.7%,100.0%,100.0%,66.7%,ND,ND
200142,ONTARIO DRIVING SCHOOL OF LONDON INC.,102519,"ONTARIO TRUCK DRIVING SCHOOL, CHATHAM",CHATHAM,N7M 5J5,+,,,Y,62.5%,94.1%,88.2%,80.0%,0.0%,ND
200142,ONTARIO DRIVING SCHOOL OF LONDON INC.,102519,"ONTARIO TRUCK DRIVING SCHOOL, CHATHAM",CHATHAM,N7M 5J5,FULL DZ PROGRAM,Tractor-Trailer / Driver Licensing,DZ Class Truck Driver,Y,SS,ND,ND,ND,ND,ND
200142,ONTARIO DRIVING SCHOOL OF LONDON INC.,102519,"ONTARIO TRUCK DRIVING SCHOOL, CHATHAM",CHATHAM,N7M 5J5,TRACTOR TRAILER AZ PROGRAM,Tractor-Trailer / Driver Licensing,AZ Class Truck Driver,Y,40.0%,SS,SS,SS,ND,ND
200142,ONTARIO DRIVING SCHOOL OF LONDON INC.,102519,"ONTARIO TRUCK DRIVING SCHOOL, CHATHAM",CHATHAM,N7M 5J5,TRACTOR TRAILER PROGRAM (MELT),Tractor-Trailer / Driver Licensing,A Class Truck Driver,Y,67.7%,92.9%,85.7%,76.9%,0.0%,ND
200142,ONTARIO DRIVING SCHOOL OF LONDON INC.,104399,"ONTARIO TRUCK DRIVING SCHOOL, NIAGARA-ON-THE-LAKE",NIAGARA-ON-THE-LAKE,L0S 1J0,+,,,Y,95.6%,81.6%,68.4%,83.8%,100.0%,ND
200142,ONTARIO DRIVING SCHOOL OF LONDON INC.,104399,"ONTARIO TRUCK DRIVING SCHOOL, NIAGARA-ON-THE-LAKE",NIAGARA-ON-THE-LAKE,L0S 1J0,AZ & 5 PIECE CONSTRUCTION FUNDAMENTALS,Tractor-Trailer / Driver Licensing,AZ Class Truck Driver Combined,Y,SS,SS,SS,SS,ND,ND
200142,ONTARIO DRIVING SCHOOL OF LONDON INC.,104399,"ONTARIO TRUCK DRIVING SCHOOL, NIAGARA-ON-THE-LAKE",NIAGARA-ON-THE-LAKE,L0S 1J0,DZ DUMP TRUCK PROGRAM,Tractor-Trailer / Driver Licensing,DZ Class Truck Driver Combined,Y,100.0%,100.0%,100.0%,100.0%,ND,ND
200142,ONTARIO DRIVING SCHOOL OF LONDON INC.,104399,"ONTARIO TRUCK DRIVING SCHOOL, NIAGARA-ON-THE-LAKE",NIAGARA-ON-THE-LAKE,L0S 1J0,FULL DZ PROGRAM,Tractor-Trailer / Driver Licensing,DZ Class Truck Driver,Y,SS,ND,ND,ND,ND,ND
200142,ONTARIO DRIVING SCHOOL OF LONDON INC.,104399,"ONTARIO TRUCK DRIVING SCHOOL, NIAGARA-ON-THE-LAKE",NIAGARA-ON-THE-LAKE,L0S 1J0,GENERAL HEAVY EQUIPMENT OPERATOR,Construction Trade,Heavy Equipment Operator,Y,SS,ND,ND,ND,ND,ND
200142,ONTARIO DRIVING SCHOOL OF LONDON INC.,104399,"ONTARIO TRUCK DRIVING SCHOOL, NIAGARA-ON-THE-LAKE",NIAGARA-ON-THE-LAKE,L0S 1J0,TRACTOR TRAILER AZ PLUS PROGRAM,Tractor-Trailer / Driver Licensing,AZ Class Truck Driver,Y,100.0%,60.0%,60.0%,100.0%,ND,ND
200142,ONTARIO DRIVING SCHOOL OF LONDON INC.,104399,"ONTARIO TRUCK DRIVING SCHOOL, NIAGARA-ON-THE-LAKE",NIAGARA-ON-THE-LAKE,L0S 1J0,TRACTOR TRAILER AZ PROGRAM,Tractor-Trailer / Driver Licensing,AZ Class Truck Driver,Y,94.4%,54.5%,36.4%,72.7%,ND,ND
200142,ONTARIO DRIVING SCHOOL OF LONDON INC.,104399,"ONTARIO TRUCK DRIVING SCHOOL, NIAGARA-ON-THE-LAKE",NIAGARA-ON-THE-LAKE,L0S 1J0,TRACTOR TRAILER PROGRAM (MELT),Tractor-Trailer / Driver Licensing,A Class Truck Driver,Y,100.0%,100.0%,82.4%,81.3%,100.0%,ND
200142,ONTARIO DRIVING SCHOOL OF LONDON INC.,108180,"ONTARIO TRUCK DRIVING SCHOOL, OWEN SOUND",OWEN SOUND,N4K 2H8,+,,,Y,50.8%,95.0%,95.0%,95.0%,100.0%,ND
200142,ONTARIO DRIVING SCHOOL OF LONDON INC.,108180,"ONTARIO TRUCK DRIVING SCHOOL, OWEN SOUND",OWEN SOUND,N4K 2H8,AZ & 5 PIECE CONSTRUCTION FUNDAMENTALS,Tractor-Trailer / Driver Licensing,AZ Class Truck Driver Combined,Y,SS,SS,SS,SS,ND,ND
200142,ONTARIO DRIVING SCHOOL OF LONDON INC.,108180,"ONTARIO TRUCK DRIVING SCHOOL, OWEN SOUND",OWEN SOUND,N4K 2H8,AZ PLUS TRACTOR TRAILER DRIVER,Tractor-Trailer / Driver Licensing,AZ Class Truck Driver Combined,Y,SS,ND,ND,ND,ND,ND
200142,ONTARIO DRIVING SCHOOL OF LONDON INC.,108180,"ONTARIO TRUCK DRIVING SCHOOL, OWEN SOUND",OWEN SOUND,N4K 2H8,FULL DZ PROGRAM,Tractor-Trailer / Driver Licensing,DZ Class Truck Driver,Y,SS,SS,SS,SS,ND,ND
200142,ONTARIO DRIVING SCHOOL OF LONDON INC.,108180,"ONTARIO TRUCK DRIVING SCHOOL, OWEN SOUND",OWEN SOUND,N4K 2H8,TRACTOR TRAILER AZ PLUS PROGRAM,Tractor-Trailer / Driver Licensing,AZ Class Truck Driver,Y,SS,ND,ND,ND,ND,ND
200142,ONTARIO DRIVING SCHOOL OF LONDON INC.,108180,"ONTARIO TRUCK DRIVING SCHOOL, OWEN SOUND",OWEN SOUND,N4K 2H8,TRACTOR TRAILER AZ PROGRAM,Tractor-Trailer / Driver Licensing,AZ Class Truck Driver,Y,81.8%,87.5%,87.5%,87.5%,100.0%,ND
200142,ONTARIO DRIVING SCHOOL OF LONDON INC.,108180,"ONTARIO TRUCK DRIVING SCHOOL, OWEN SOUND",OWEN SOUND,N4K 2H8,TRACTOR TRAILER PROGRAM (MELT),Tractor-Trailer / Driver Licensing,A Class Truck Driver,Y,41.9%,100.0%,100.0%,100.0%,ND,ND
200142,ONTARIO DRIVING SCHOOL OF LONDON INC.,135834,"ONTARIO TRUCK DRIVING SCHOOL, BRANTFORD",BRANTFORD,N3T 5L8,+,,,Y,76.5%,85.0%,80.0%,75.0%,100.0%,ND
200142,ONTARIO DRIVING SCHOOL OF LONDON INC.,135834,"ONTARIO TRUCK DRIVING SCHOOL, BRANTFORD",BRANTFORD,N3T 5L8,AZ PROGRAM,Tractor-Trailer / Driver Licensing,AZ Class Truck Driver,Y,SS,ND,ND,ND,ND,ND
200142,ONTARIO DRIVING SCHOOL OF LONDON INC.,135834,"ONTARIO TRUCK DRIVING SCHOOL, BRANTFORD",BRANTFORD,N3T 5L8,FULL DZ PROGRAM,Tractor-Trailer / Driver Licensing,DZ Class Truck Driver,Y,SS,SS,SS,SS,ND,ND
200142,ONTARIO DRIVING SCHOOL OF LONDON INC.,135834,"ONTARIO TRUCK DRIVING SCHOOL, BRANTFORD",BRANTFORD,N3T 5L8,TRACTOR TRAILER AZ PROGRAM,Tractor-Trailer / Driver Licensing,AZ Class Truck Driver,Y,100.0%,80.0%,70.0%,70.0%,100.0%,ND
200142,ONTARIO DRIVING SCHOOL OF LONDON INC.,135834,"ONTARIO TRUCK DRIVING SCHOOL, BRANTFORD",BRANTFORD,N3T 5L8,TRACTOR TRAILER PROGRAM (MELT),Tractor-Trailer / Driver Licensing,A Class Truck Driver,Y,76.5%,88.9%,88.9%,77.8%,ND,ND
200142,ONTARIO DRIVING SCHOOL OF LONDON INC.,146254,"ONTARIO TRUCK DRIVING SCHOOL, KITCHENER",KITCHENER,N2C 2G3,+,,,Y,97.1%,100.0%,78.1%,84.8%,100.0%,ND
200142,ONTARIO DRIVING SCHOOL OF LONDON INC.,146254,"ONTARIO TRUCK DRIVING SCHOOL, KITCHENER",KITCHENER,N2C 2G3,FULL DZ PROGRAM,Tractor-Trailer / Driver Licensing,DZ Class Truck Driver,Y,100.0%,100.0%,100.0%,100.0%,ND,ND
200142,ONTARIO DRIVING SCHOOL OF LONDON INC.,146254,"ONTARIO TRUCK DRIVING SCHOOL, KITCHENER",KITCHENER,N2C 2G3,TRACTOR TRAILER AZ PLUS PROGRAM,Tractor-Trailer / Driver Licensing,AZ Class Truck Driver,Y,ND,ND,ND,ND,ND,ND
200142,ONTARIO DRIVING SCHOOL OF LONDON INC.,146254,"ONTARIO TRUCK DRIVING SCHOOL, KITCHENER",KITCHENER,N2C 2G3,TRACTOR TRAILER AZ PROGRAM,Tractor-Trailer / Driver Licensing,AZ Class Truck Driver,Y,100.0%,100.0%,80.0%,73.3%,ND,ND
200142,ONTARIO DRIVING SCHOOL OF LONDON INC.,146254,"ONTARIO TRUCK DRIVING SCHOOL, KITCHENER",KITCHENER,N2C 2G3,TRACTOR TRAILER PROGRAM (MELT),Tractor-Trailer / Driver Licensing,A Class Truck Driver,Y,93.5%,100.0%,71.4%,93.3%,100.0%,ND
200142,ONTARIO DRIVING SCHOOL OF LONDON INC.,147875,"ONTARIO TRUCK DRIVING SCHOOL, HAMILTON",HAMILTON,L8E 3P2,+,,,Y,63.3%,91.3%,87.0%,87.0%,100.0%,ND
200142,ONTARIO DRIVING SCHOOL OF LONDON INC.,147875,"ONTARIO TRUCK DRIVING SCHOOL, HAMILTON",HAMILTON,L8E 3P2,AZ PROGRAM,Tractor-Trailer / Driver Licensing,AZ Class Truck Driver,Y,SS,SS,SS,SS,ND,ND
200142,ONTARIO DRIVING SCHOOL OF LONDON INC.,147875,"ONTARIO TRUCK DRIVING SCHOOL, HAMILTON",HAMILTON,L8E 3P2,FULL DZ PROGRAM,Tractor-Trailer / Driver Licensing,DZ Class Truck Driver,Y,37.5%,SS,SS,SS,ND,ND
200142,ONTARIO DRIVING SCHOOL OF LONDON INC.,147875,"ONTARIO TRUCK DRIVING SCHOOL, HAMILTON",HAMILTON,L8E 3P2,TRACTOR TRAILER AZ PLUS PROGRAM,Tractor-Trailer / Driver Licensing,AZ Class Truck Driver,Y,ND,SS,SS,SS,ND,ND
200142,ONTARIO DRIVING SCHOOL OF LONDON INC.,147875,"ONTARIO TRUCK DRIVING SCHOOL, HAMILTON",HAMILTON,L8E 3P2,TRACTOR TRAILER AZ PROGRAM,Tractor-Trailer / Driver Licensing,AZ Class Truck Driver,Y,88.9%,100.0%,100.0%,100.0%,ND,ND
200142,ONTARIO DRIVING SCHOOL OF LONDON INC.,147875,"ONTARIO TRUCK DRIVING SCHOOL, HAMILTON",HAMILTON,L8E 3P2,TRACTOR TRAILER PROGRAM (MELT),Tractor-Trailer / Driver Licensing,A Class Truck Driver,Y,59.0%,91.7%,83.3%,83.3%,100.0%,ND
200147,MAX THE MUTT ANIMATION INC.,+,+,,,+,,,Y,26.2%,50.0%,33.3%,69.2%,ND,ND
200147,MAX THE MUTT ANIMATION INC.,101408,"MAX THE MUTT COLLEGE OF ANIMATION, ART & DESIGN, TORONTO",TORONTO,M4C 1M5,+,,,Y,26.2%,50.0%,33.3%,69.2%,ND,ND
200147,MAX THE MUTT ANIMATION INC.,101408,"MAX THE MUTT COLLEGE OF ANIMATION, ART & DESIGN, TORONTO",TORONTO,M4C 1M5,ADVANCED DIPLOMA IN CONCEPT ART FOR ANIMATIONS & VIDEO GAMES,Applied Arts and Science,Animations,Y,30.0%,ND,ND,ND,ND,ND
200147,MAX THE MUTT ANIMATION INC.,101408,"MAX THE MUTT COLLEGE OF ANIMATION, ART & DESIGN, TORONTO",TORONTO,M4C 1M5,CLASSICAL & COMPUTER ANIMATION & PRODUCTION,Applied Arts and Science,Animations,Y,38.5%,42.9%,42.9%,66.7%,ND,ND
200147,MAX THE MUTT ANIMATION INC.,101408,"MAX THE MUTT COLLEGE OF ANIMATION, ART & DESIGN, TORONTO",TORONTO,M4C 1M5,DIPLOMA PROGRAM IN ILLUSTRATION FOR SEQUENTIAL ARTS,Applied Arts and Science,Animations,Y,0.0%,ND,ND,ND,ND,ND
200147,MAX THE MUTT ANIMATION INC.,101408,"MAX THE MUTT COLLEGE OF ANIMATION, ART & DESIGN, TORONTO",TORONTO,M4C 1M5,ILLUSTRATION & STORYTELLING FOR SEQUENTIAL ARTS,Applied Arts and Science,Animations,Y,ND,60.0%,20.0%,SS,ND,ND
200148,TREBAS INSTITUTE ONTARIO INC.,+,+,,,+,,,Y,33.3%,74.1%,66.7%,57.1%,100.0%,ND
200148,TREBAS INSTITUTE ONTARIO INC.,101410,"TREBAS INSTITUTE, TORONTO MAIN",TORONTO,M4Y 1Y5,+,,,Y,33.3%,74.1%,66.7%,57.1%,100.0%,15.5%
200148,TREBAS INSTITUTE ONTARIO INC.,101410,"TREBAS INSTITUTE, TORONTO MAIN",TORONTO,M4Y 1Y5,AUDIO ENGINEERING AND PRODUCTION/DJ ARTS,Applied Arts and Science,Music Production and Recording Arts Technology,Y,32.0%,94.7%,84.2%,63.2%,ND,ND
200148,TREBAS INSTITUTE ONTARIO INC.,101410,"TREBAS INSTITUTE, TORONTO MAIN",TORONTO,M4Y 1Y5,ENTERTAINMENT MANAGEMENT,Business,Hospitality Administration/Management,Y,10.0%,SS,SS,SS,ND,ND
200148,TREBAS INSTITUTE ONTARIO INC.,101410,"TREBAS INSTITUTE, TORONTO MAIN",TORONTO,M4Y 1Y5,EVENT AND VENUE MANAGEMENT,Applied Arts and Science,Event and Media Production/Management,Y,33.3%,SS,SS,SS,ND,ND
200148,TREBAS INSTITUTE ONTARIO INC.,101410,"TREBAS INSTITUTE, TORONTO MAIN",TORONTO,M4Y 1Y5,FILM & TELEVISION PRODUCTION AND POST-PRODUCTION,Applied Arts and Science,Event and Media Production/Management,Y,60.0%,16.7%,16.7%,57.1%,100.0%,ND
200155,MARCA SCHOOLS OF HAIR DESIGN INC.,+,+,,,+,,,Y,79.2%,82.5%,75.0%,67.8%,75.0%,ND
200155,MARCA SCHOOLS OF HAIR DESIGN INC.,101418,"MARCA COLLEGE OF HAIR AND ESTHETICS, TORONTO (DUFFERIN)",TORONTO,M6H 4A9,+,,,Y,60.8%,83.3%,58.3%,50.0%,ND,9.1%
200155,MARCA SCHOOLS OF HAIR DESIGN INC.,101418,"MARCA COLLEGE OF HAIR AND ESTHETICS, TORONTO (DUFFERIN)",TORONTO,M6H 4A9,HAIRSTYLING (PT),Service Trade,Hairstylist,Y,0.0%,ND,ND,ND,ND,ND
200155,MARCA SCHOOLS OF HAIR DESIGN INC.,101418,"MARCA COLLEGE OF HAIR AND ESTHETICS, TORONTO (DUFFERIN)",TORONTO,M6H 4A9,HAIRSTYLING,Service Trade,Hairstylist,Y,75.6%,83.3%,58.3%,50.0%,ND,ND
200155,MARCA SCHOOLS OF HAIR DESIGN INC.,101419,"MARCA COLLEGE OF HAIR AND ESTHETICS, TORONTO (DANFORTH)",TORONTO,M4C 1M1,+,,,Y,78.3%,81.0%,76.2%,71.4%,100.0%,5.0%
200155,MARCA SCHOOLS OF HAIR DESIGN INC.,101419,"MARCA COLLEGE OF HAIR AND ESTHETICS, TORONTO (DANFORTH)",TORONTO,M4C 1M1,HAIRSTYLING,Service Trade,Hairstylist,Y,82.9%,84.6%,76.9%,69.2%,100.0%,ND
200155,MARCA SCHOOLS OF HAIR DESIGN INC.,101419,"MARCA COLLEGE OF HAIR AND ESTHETICS, TORONTO (DANFORTH)",TORONTO,M4C 1M1,HAIRSTYLING-BARBERING,Service Trade,Hairstylist,Y,57.1%,100.0%,100.0%,75.0%,ND,ND
200155,MARCA SCHOOLS OF HAIR DESIGN INC.,101419,"MARCA COLLEGE OF HAIR AND ESTHETICS, TORONTO (DANFORTH)",TORONTO,M4C 1M1,MEDICAL ESTHETICS,Human Services,Esthetics/Medical Esthetics,Y,85.0%,50.0%,50.0%,75.0%,ND,ND
200155,MARCA SCHOOLS OF HAIR DESIGN INC.,103095,"MARCA COLLEGE OF HAIR AND ESTHETICS, MISSISSAUGA",MISSISSAUGA,L4W 2V5,+,,,Y,78.7%,81.8%,77.3%,65.9%,50.0%,1.3%
200155,MARCA SCHOOLS OF HAIR DESIGN INC.,103095,"MARCA COLLEGE OF HAIR AND ESTHETICS, MISSISSAUGA",MISSISSAUGA,L4W 2V5,HAIRSTYLING (PT),Service Trade,Hairstylist,Y,20.0%,SS,SS,SS,ND,ND
200155,MARCA SCHOOLS OF HAIR DESIGN INC.,103095,"MARCA COLLEGE OF HAIR AND ESTHETICS, MISSISSAUGA",MISSISSAUGA,L4W 2V5,HAIRSTYLING,Service Trade,Hairstylist,Y,85.0%,84.2%,78.9%,78.9%,ND,ND
200155,MARCA SCHOOLS OF HAIR DESIGN INC.,103095,"MARCA COLLEGE OF HAIR AND ESTHETICS, MISSISSAUGA",MISSISSAUGA,L4W 2V5,HAIRSTYLING-BARBERING,Service Trade,Hairstylist,Y,70.0%,100.0%,100.0%,60.0%,ND,ND
200155,MARCA SCHOOLS OF HAIR DESIGN INC.,103095,"MARCA COLLEGE OF HAIR AND ESTHETICS, MISSISSAUGA",MISSISSAUGA,L4W 2V5,MEDICAL ESTHETICS,Human Services,Esthetics/Medical Esthetics,Y,87.5%,75.0%,68.8%,62.5%,50.0%,ND
200155,MARCA SCHOOLS OF HAIR DESIGN INC.,111000,"MARCA COLLEGE OF HAIR & ESTHETICS, BRAMPTON",BRAMPTON,L6V 4A4,+,,,Y,93.0%,83.3%,70.8%,80.0%,100.0%,13.3%
200155,MARCA SCHOOLS OF HAIR DESIGN INC.,111000,"MARCA COLLEGE OF HAIR & ESTHETICS, BRAMPTON",BRAMPTON,L6V 4A4,HAIRSTYLING,Service Trade,Hairstylist,Y,93.0%,83.3%,70.8%,80.0%,100.0%,ND
200155,MARCA SCHOOLS OF HAIR DESIGN INC.,152615,"MARCA COLLEGE OF HAIR & ESTHETICS, HAMILTON",HAMILTON,L8P 1A1,+,,,Y,87.5%,84.2%,84.2%,63.2%,ND,13.8%
200155,MARCA SCHOOLS OF HAIR DESIGN INC.,152615,"MARCA COLLEGE OF HAIR & ESTHETICS, HAMILTON",HAMILTON,L8P 1A1,HAIRSTYLING,Service Trade,Hairstylist,Y,87.5%,84.2%,84.2%,63.2%,ND,ND
200159,ELEGANCE SCHOOLS INC.,+,+,,,+,,,Y,87.2%,94.7%,78.9%,84.2%,100.0%,ND
200159,ELEGANCE SCHOOLS INC.,101425,"ELEGANCE SCHOOLS INC., LONDON",LONDON,N6H 1S6,+,,,Y,87.2%,94.7%,78.9%,84.2%,100.0%,0.0%
200159,ELEGANCE SCHOOLS INC.,101425,"ELEGANCE SCHOOLS INC., LONDON",LONDON,N6H 1S6,ESTHETICS,Human Services,Esthetics/Medical Esthetics,Y,87.2%,94.7%,78.9%,84.2%,100.0%,ND
200161,MODERN TRAINING ONTARIO INC.,+,+,,,+,,,Y,92.3%,87.5%,81.3%,81.3%,100.0%,ND
200161,MODERN TRAINING ONTARIO INC.,101430,"MODERN TRAINING ONTARIO INC., HAMILTON",HAMILTON,L8E 2W2,+,,,Y,92.3%,87.5%,81.3%,81.3%,100.0%,ND
200161,MODERN TRAINING ONTARIO INC.,101430,"MODERN TRAINING ONTARIO INC., HAMILTON",HAMILTON,L8E 2W2,AZ PROGRAM,Tractor-Trailer / Driver Licensing,AZ Class Truck Driver,Y,93.8%,71.4%,71.4%,71.4%,ND,ND
200161,MODERN TRAINING ONTARIO INC.,101430,"MODERN TRAINING ONTARIO INC., HAMILTON",HAMILTON,L8E 2W2,TRACTOR-TRAILER MELT,Tractor-Trailer / Driver Licensing,A Class Truck Driver,Y,90.0%,100.0%,88.9%,88.9%,100.0%,ND
200164,5TH WHEEL TRAINING INSTITUTE INC.,+,+,,,+,,,Y,93.3%,85.3%,68.6%,69.5%,100.0%,ND
200164,5TH WHEEL TRAINING INSTITUTE INC.,101439,"5TH WHEEL TRAINING INSTITUTE, NEW LISKEARD",NEW LISKEARD,P0J 1P0,+,,,Y,94.3%,85.5%,70.9%,67.8%,100.0%,ND
200164,5TH WHEEL TRAINING INSTITUTE INC.,101439,"5TH WHEEL TRAINING INSTITUTE, NEW LISKEARD",NEW LISKEARD,P0J 1P0,HEAVY EQUIPMENT OPERATOR: 6-PIECE,Construction Trade,Heavy Equipment Operator,Y,100.0%,57.1%,57.1%,80.0%,ND,ND
200164,5TH WHEEL TRAINING INSTITUTE INC.,101439,"5TH WHEEL TRAINING INSTITUTE, NEW LISKEARD",NEW LISKEARD,P0J 1P0,HEAVY EQUIPMENT OPERATOR: 7-PIECE,Construction Trade,Heavy Equipment Operator,Y,78.6%,80.0%,60.0%,66.7%,ND,ND
200164,5TH WHEEL TRAINING INSTITUTE INC.,101439,"5TH WHEEL TRAINING INSTITUTE, NEW LISKEARD",NEW LISKEARD,P0J 1P0,HEAVY EQUIPMENT OPERATOR: BACKHOE-LOADER,Construction Trade,Heavy Equipment Operator,Y,SS,ND,ND,ND,ND,ND
200164,5TH WHEEL TRAINING INSTITUTE INC.,101439,"5TH WHEEL TRAINING INSTITUTE, NEW LISKEARD",NEW LISKEARD,P0J 1P0,HEAVY EQUIPMENT OPERATOR: BULLDOZER,Construction Trade,Heavy Equipment Operator,Y,SS,ND,ND,ND,ND,ND
200164,5TH WHEEL TRAINING INSTITUTE INC.,101439,"5TH WHEEL TRAINING INSTITUTE, NEW LISKEARD",NEW LISKEARD,P0J 1P0,HEAVY EQUIPMENT OPERATOR: EXCAVATOR,Construction Trade,Heavy Equipment Operator,Y,100.0%,66.7%,66.7%,100.0%,100.0%,ND
200164,5TH WHEEL TRAINING INSTITUTE INC.,101439,"5TH WHEEL TRAINING INSTITUTE, NEW LISKEARD",NEW LISKEARD,P0J 1P0,HEAVY EQUIPMENT OPERATOR: GRADER,Construction Trade,Heavy Equipment Operator,Y,SS,SS,SS,SS,ND,ND
200164,5TH WHEEL TRAINING INSTITUTE INC.,101439,"5TH WHEEL TRAINING INSTITUTE, NEW LISKEARD",NEW LISKEARD,P0J 1P0,TRUCK DRIVER: AZ - 200 HOURS AND EXCAVATOR,Tractor-Trailer / Driver Licensing,AZ Class Truck Driver Combined,Y,SS,ND,ND,ND,ND,ND
200164,5TH WHEEL TRAINING INSTITUTE INC.,101439,"5TH WHEEL TRAINING INSTITUTE, NEW LISKEARD",NEW LISKEARD,P0J 1P0,TRUCK DRIVER: AZ - 200 HOURS AND GRADER,Tractor-Trailer / Driver Licensing,AZ Class Truck Driver Combined,Y,ND,SS,SS,SS,ND,ND
200164,5TH WHEEL TRAINING INSTITUTE INC.,101439,"5TH WHEEL TRAINING INSTITUTE, NEW LISKEARD",NEW LISKEARD,P0J 1P0,TRUCK DRIVER: AZ - 200 HOURS AND HEAVY EQUIPMENT CERTIFICATION: 4-PIECE,Tractor-Trailer / Driver Licensing,AZ Class Truck Driver Combined,Y,85.7%,100.0%,100.0%,100.0%,ND,ND
200164,5TH WHEEL TRAINING INSTITUTE INC.,101439,"5TH WHEEL TRAINING INSTITUTE, NEW LISKEARD",NEW LISKEARD,P0J 1P0,TRUCK DRIVER: AZ - 200 HOURS AND HEAVY EQUIPMENT OPERATOR: 6-PIECE,Tractor-Trailer / Driver Licensing,AZ Class Truck Driver Combined,Y,100.0%,100.0%,75.0%,40.0%,100.0%,ND
200164,5TH WHEEL TRAINING INSTITUTE INC.,101439,"5TH WHEEL TRAINING INSTITUTE, NEW LISKEARD",NEW LISKEARD,P0J 1P0,TRUCK DRIVER: AZ - 200 HOURS AND HEAVY EQUIPMENT OPERATOR: 7-PIECE,Tractor-Trailer / Driver Licensing,AZ Class Truck Driver Combined,Y,75.0%,80.0%,80.0%,20.0%,ND,ND
200164,5TH WHEEL TRAINING INSTITUTE INC.,101439,"5TH WHEEL TRAINING INSTITUTE, NEW LISKEARD",NEW LISKEARD,P0J 1P0,TRUCK DRIVER: AZ - 200 HOURS,Tractor-Trailer / Driver Licensing,AZ Class Truck Driver,Y,90.0%,88.9%,55.6%,63.6%,ND,ND
200164,5TH WHEEL TRAINING INSTITUTE INC.,101439,"5TH WHEEL TRAINING INSTITUTE, NEW LISKEARD",NEW LISKEARD,P0J 1P0,TRUCK DRIVER: AZ,Tractor-Trailer / Driver Licensing,AZ Class Truck Driver,Y,100.0%,100.0%,88.9%,77.8%,100.0%,ND
200164,5TH WHEEL TRAINING INSTITUTE INC.,101439,"5TH WHEEL TRAINING INSTITUTE, NEW LISKEARD",NEW LISKEARD,P0J 1P0,TRUCK DRIVER: DZ AND HEAVY EQUIPMENT CERTIFICATION: 8-PIECE,Tractor-Trailer / Driver Licensing,DZ Class Truck Driver Combined,Y,100.0%,ND,ND,ND,ND,ND
200164,5TH WHEEL TRAINING INSTITUTE INC.,101439,"5TH WHEEL TRAINING INSTITUTE, NEW LISKEARD",NEW LISKEARD,P0J 1P0,TRUCK DRIVER: DZ,Tractor-Trailer / Driver Licensing,DZ Class Truck Driver,Y,100.0%,75.0%,75.0%,75.0%,ND,ND
200164,5TH WHEEL TRAINING INSTITUTE INC.,102540,"5TH WHEEL TRAINING INSTITUTE, WARWICK",WARWICK,N0M 2S0,+,,,Y,91.9%,85.1%,66.0%,71.7%,100.0%,ND
200164,5TH WHEEL TRAINING INSTITUTE INC.,102540,"5TH WHEEL TRAINING INSTITUTE, WARWICK",WARWICK,N0M 2S0,HEAVY EQUIPMENT OPERATOR: 6-PIECE,Construction Trade,Heavy Equipment Operator,Y,100.0%,75.0%,58.3%,72.7%,ND,ND
200164,5TH WHEEL TRAINING INSTITUTE INC.,102540,"5TH WHEEL TRAINING INSTITUTE, WARWICK",WARWICK,N0M 2S0,HEAVY EQUIPMENT OPERATOR: 7-PIECE,Construction Trade,Heavy Equipment Operator,Y,SS,SS,SS,SS,100.0%,ND
200164,5TH WHEEL TRAINING INSTITUTE INC.,102540,"5TH WHEEL TRAINING INSTITUTE, WARWICK",WARWICK,N0M 2S0,HEAVY EQUIPMENT OPERATOR: BACKHOE-LOADER,Construction Trade,Heavy Equipment Operator,Y,SS,SS,SS,SS,ND,ND
200164,5TH WHEEL TRAINING INSTITUTE INC.,102540,"5TH WHEEL TRAINING INSTITUTE, WARWICK",WARWICK,N0M 2S0,HEAVY EQUIPMENT OPERATOR: EXCAVATOR,Construction Trade,Heavy Equipment Operator,Y,100.0%,100.0%,33.3%,66.7%,100.0%,ND
200164,5TH WHEEL TRAINING INSTITUTE INC.,102540,"5TH WHEEL TRAINING INSTITUTE, WARWICK",WARWICK,N0M 2S0,TRUCK DRIVER: AZ - 200 HOURS AND HEAVY EQUIPMENT CERTIFICATION: 4-PIECE,Tractor-Trailer / Driver Licensing,AZ Class Truck Driver Combined,Y,83.3%,50.0%,50.0%,100.0%,ND,ND
200164,5TH WHEEL TRAINING INSTITUTE INC.,102540,"5TH WHEEL TRAINING INSTITUTE, WARWICK",WARWICK,N0M 2S0,TRUCK DRIVER: AZ - 200 HOURS AND HEAVY EQUIPMENT OPERATOR: 6-PIECE,Tractor-Trailer / Driver Licensing,AZ Class Truck Driver Combined,Y,87.5%,80.0%,60.0%,80.0%,ND,ND
200164,5TH WHEEL TRAINING INSTITUTE INC.,102540,"5TH WHEEL TRAINING INSTITUTE, WARWICK",WARWICK,N0M 2S0,TRUCK DRIVER: AZ - 200 HOURS AND HEAVY EQUIPMENT OPERATOR: 7-PIECE,Tractor-Trailer / Driver Licensing,AZ Class Truck Driver Combined,Y,SS,SS,SS,SS,ND,ND
200164,5TH WHEEL TRAINING INSTITUTE INC.,102540,"5TH WHEEL TRAINING INSTITUTE, WARWICK",WARWICK,N0M 2S0,TRUCK DRIVER: AZ - 200 HOURS,Tractor-Trailer / Driver Licensing,AZ Class Truck Driver,Y,90.6%,100.0%,84.6%,84.6%,100.0%,ND
200164,5TH WHEEL TRAINING INSTITUTE INC.,102540,"5TH WHEEL TRAINING INSTITUTE, WARWICK",WARWICK,N0M 2S0,TRUCK DRIVER: AZ,Tractor-Trailer / Driver Licensing,AZ Class Truck Driver,Y,100.0%,100.0%,100.0%,60.0%,100.0%,ND
200164,5TH WHEEL TRAINING INSTITUTE INC.,102540,"5TH WHEEL TRAINING INSTITUTE, WARWICK",WARWICK,N0M 2S0,TRUCK DRIVER: DZ,Tractor-Trailer / Driver Licensing,DZ Class Truck Driver,Y,60.0%,ND,ND,ND,ND,ND
200169,RDS - RICHARDS DRIVING SCHOOL INC.,+,+,,,+,,,Y,18.4%,100.0%,92.3%,92.9%,100.0%,ND
200169,RDS - RICHARDS DRIVING SCHOOL INC.,101448,"RDS - RICHARDS DRIVING SCHOOL INC., MISSISSAUGA",MISSISSAUGA,L4X 1L4,+,,,Y,18.4%,100.0%,92.3%,92.9%,100.0%,ND
200169,RDS - RICHARDS DRIVING SCHOOL INC.,101448,"RDS - RICHARDS DRIVING SCHOOL INC., MISSISSAUGA",MISSISSAUGA,L4X 1L4,TRUCK DRIVING TRAINING PROGRAM CLASS A,Tractor-Trailer / Driver Licensing,A Class Truck Driver,Y,18.4%,100.0%,92.3%,92.9%,100.0%,ND
200170,A.P.R. WELDING & CONSULTING CORP.,+,+,,,+,,,Y,0.0%,SS,SS,SS,ND,ND
200170,A.P.R. WELDING & CONSULTING CORP.,101451,"A.P.R. WELDING ACADEMY, SAULT STE. MARIE",SAULT STE. MARIE,P6B 4K1,+,,,Y,0.0%,SS,SS,SS,ND,ND
200170,A.P.R. WELDING & CONSULTING CORP.,101451,"A.P.R. WELDING ACADEMY, SAULT STE. MARIE",SAULT STE. MARIE,P6B 4K1,METAL FABRICATOR (FITTER),Industrial Trade,Welder,Y,SS,SS,SS,SS,ND,ND
200170,A.P.R. WELDING & CONSULTING CORP.,101451,"A.P.R. WELDING ACADEMY, SAULT STE. MARIE",SAULT STE. MARIE,P6B 4K1,WELDING TECHNIQUE PROGRAM,Industrial Trade,Welder,Y,0.0%,ND,ND,ND,ND,ND
200173,1072418 ONTARIO LTD.,+,+,,,+,,,Y,ND,SS,SS,SS,ND,ND
200173,1072418 ONTARIO LTD.,101456,"B-PRO DOG GROOMING ACADEMY, BRAMPTON",BRAMPTON,L6Z 4R3,+,,,Y,ND,SS,SS,SS,ND,ND
200173,1072418 ONTARIO LTD.,101456,"B-PRO DOG GROOMING ACADEMY, BRAMPTON",BRAMPTON,L6Z 4R3,PET GROOMING,Services,Animal Care,Y,ND,SS,SS,SS,ND,ND
200175,INSTITUTE OF TECHNICAL TRADES LIMITED,+,+,,,+,,,Y,74.2%,100.0%,81.8%,90.9%,100.0%,ND
200175,INSTITUTE OF TECHNICAL TRADES LIMITED,101318,"INSTITUTE OF TECHNICAL TRADES LTD., TORONTO/WARDEN AVE.",TORONTO,M1L 4A8,+,,,Y,74.2%,100.0%,81.8%,90.9%,100.0%,ND
200175,INSTITUTE OF TECHNICAL TRADES LIMITED,101318,"INSTITUTE OF TECHNICAL TRADES LTD., TORONTO/WARDEN AVE.",TORONTO,M1L 4A8,CNC SETUP/OPER/PART PROGR,Computer and Information Technology,Information Technology,Y,40.0%,ND,ND,ND,ND,ND
200175,INSTITUTE OF TECHNICAL TRADES LIMITED,101318,"INSTITUTE OF TECHNICAL TRADES LTD., TORONTO/WARDEN AVE.",TORONTO,M1L 4A8,WELDER FITTER,Industrial Trade,Welder,Y,86.2%,100.0%,100.0%,100.0%,ND,ND
200175,INSTITUTE OF TECHNICAL TRADES LIMITED,101318,"INSTITUTE OF TECHNICAL TRADES LTD., TORONTO/WARDEN AVE.",TORONTO,M1L 4A8,WELDING TECHNIQUES,Industrial Trade,Welder,Y,62.5%,100.0%,33.3%,66.7%,100.0%,ND
200175,INSTITUTE OF TECHNICAL TRADES LIMITED,101318,"INSTITUTE OF TECHNICAL TRADES LTD., TORONTO/WARDEN AVE.",TORONTO,M1L 4A8,WELDING TECHNOLOGY,Industrial Trade,Welder,Y,70.0%,100.0%,100.0%,100.0%,ND,ND
200179,CENTRAL HEALTH INSTITUTE INC.,+,+,,,+,,,Y,76.9%,89.4%,83.0%,95.9%,100.0%,ND
200179,CENTRAL HEALTH INSTITUTE INC.,101470,"CENTRAL HEALTH INSTITUTE INC., HAMILTON",HAMILTON,L8N 1J1,+,,,Y,76.9%,89.4%,83.0%,95.9%,100.0%,ND
200179,CENTRAL HEALTH INSTITUTE INC.,101470,"CENTRAL HEALTH INSTITUTE INC., HAMILTON",HAMILTON,L8N 1J1,NACC PSW 2015 (23 WEEKS)*,Health Services,Personal Support Worker/ Personal Attendant (NACC),Y,69.5%,See combined program results below,See combined program results below,See combined program results below,See combined program results below,ND
200179,CENTRAL HEALTH INSTITUTE INC.,101470,"CENTRAL HEALTH INSTITUTE INC., HAMILTON",HAMILTON,L8N 1J1,NACC PSW 2015 (28 WEEKS)*,Health Services,Personal Support Worker/ Personal Attendant (NACC),Y,84.2%,See combined program results below,See combined program results below,See combined program results below,See combined program results below,ND
200179,CENTRAL HEALTH INSTITUTE INC.,101470,"CENTRAL HEALTH INSTITUTE INC., HAMILTON",HAMILTON,L8N 1J1,NACC PSW 2015 (75 WEEKS)*,Health Services,Personal Support Worker/ Personal Attendant (NACC),Y,100.0%,See combined program results below,See combined program results below,See combined program results below,See combined program results below,ND
200179,CENTRAL HEALTH INSTITUTE INC.,101470,"CENTRAL HEALTH INSTITUTE INC., HAMILTON",HAMILTON,L8N 1J1,NACC PSW 2015 (COMBINED 23 WEEKS AND 28 WEEKS AND 75 WEEKS)**,Health Services,Personal Support Worker/ Personal Attendant (NACC),Y,See program results above,89.4%,83.0%,95.9%,100.0%,See program results above
200184,INTERNATIONAL ACADEMY OF APPLIED HEALTH INC.,+,+,,,+,,,Y,66.7%,90.9%,72.7%,72.7%,ND,ND
200184,INTERNATIONAL ACADEMY OF APPLIED HEALTH INC.,101479,"INTERNATIONAL ACADEMY OF MASSAGE, OTTAWA",OTTAWA,K2H 5V6,+,,,Y,66.7%,90.9%,72.7%,72.7%,ND,ND
200184,INTERNATIONAL ACADEMY OF APPLIED HEALTH INC.,101479,"INTERNATIONAL ACADEMY OF MASSAGE, OTTAWA",OTTAWA,K2H 5V6,MASSAGE THERAPY,Health Services,Massage Therapist,Y,66.7%,90.9%,72.7%,72.7%,ND,ND
200202,1219024 ONTARIO INC.,+,+,,,+,,,Y,85.0%,66.7%,66.7%,80.0%,ND,ND
200202,1219024 ONTARIO INC.,101518,"ACADEMY OF LEARNING CAREER AND BUSINESS COLLEGE, TORONTO/1280 FINCH AVE. W.",TORONTO,M3J 3K6,+,,,Y,85.0%,66.7%,66.7%,80.0%,ND,18.8%
200202,1219024 ONTARIO INC.,101518,"ACADEMY OF LEARNING CAREER AND BUSINESS COLLEGE, TORONTO/1280 FINCH AVE. W.",TORONTO,M3J 3K6,BUSINESS ADMINISTRATION DIPLOMA,Business,Business Administration,Y,100.0%,100.0%,100.0%,0.0%,ND,ND
200202,1219024 ONTARIO INC.,101518,"ACADEMY OF LEARNING CAREER AND BUSINESS COLLEGE, TORONTO/1280 FINCH AVE. W.",TORONTO,M3J 3K6,BUSINESS OFFICE ACCOUNTING CLERK,Business,Accounting,Y,SS,ND,ND,ND,ND,ND
200202,1219024 ONTARIO INC.,101518,"ACADEMY OF LEARNING CAREER AND BUSINESS COLLEGE, TORONTO/1280 FINCH AVE. W.",TORONTO,M3J 3K6,CONFERENCE AND EVENT PLANNER,Business,Hospitality Administration/Management,Y,ND,SS,SS,SS,ND,ND
200202,1219024 ONTARIO INC.,101518,"ACADEMY OF LEARNING CAREER AND BUSINESS COLLEGE, TORONTO/1280 FINCH AVE. W.",TORONTO,M3J 3K6,HOME INSPECTION DIPLOMA,Services,Other - Services,Y,ND,ND,ND,ND,ND,ND
200202,1219024 ONTARIO INC.,101518,"ACADEMY OF LEARNING CAREER AND BUSINESS COLLEGE, TORONTO/1280 FINCH AVE. W.",TORONTO,M3J 3K6,INTERNATIONAL HOSPITALITY MANAGEMENT,Business,Hospitality Administration/Management,Y,SS,ND,ND,SS,ND,ND
200202,1219024 ONTARIO INC.,101518,"ACADEMY OF LEARNING CAREER AND BUSINESS COLLEGE, TORONTO/1280 FINCH AVE. W.",TORONTO,M3J 3K6,MEDICAL OFFICE ASSISTANT WITH HEALTH UNIT COORDINATOR SPECIALTY,Health Services,Medical Office Administration/Management,Y,SS,ND,ND,ND,ND,ND
200202,1219024 ONTARIO INC.,101518,"ACADEMY OF LEARNING CAREER AND BUSINESS COLLEGE, TORONTO/1280 FINCH AVE. W.",TORONTO,M3J 3K6,MEDICAL RECEPTIONIST,Health Services,Office/Clerical/Administration - Dental/Medical,Y,SS,ND,ND,ND,ND,ND
200202,1219024 ONTARIO INC.,101518,"ACADEMY OF LEARNING CAREER AND BUSINESS COLLEGE, TORONTO/1280 FINCH AVE. W.",TORONTO,M3J 3K6,NETWORK ADMINISTRATOR,Computer and Information Technology,Network Administration,Y,SS,SS,SS,SS,ND,ND
200202,1219024 ONTARIO INC.,101518,"ACADEMY OF LEARNING CAREER AND BUSINESS COLLEGE, TORONTO/1280 FINCH AVE. W.",TORONTO,M3J 3K6,SALES PROFESSIONAL,Services,Customer Service/Retail Sales,Y,SS,ND,ND,ND,ND,ND
200202,1219024 ONTARIO INC.,101518,"ACADEMY OF LEARNING CAREER AND BUSINESS COLLEGE, TORONTO/1280 FINCH AVE. W.",TORONTO,M3J 3K6,WEB DESIGNER,Computer and Information Technology,Information Technology,Y,SS,ND,ND,ND,ND,ND
200204,1075675 ONTARIO INC.,+,+,,,+,,,Y,71.2%,80.2%,71.2%,79.1%,100.0%,ND
200204,1075675 ONTARIO INC.,101521,"ALGONQUIN CAREERS ACADEMY, OTTAWA, 1830 BANK STREET",OTTAWA,K1V 7Y6,+,,,Y,71.6%,79.3%,69.5%,80.6%,100.0%,1.6%
200204,1075675 ONTARIO INC.,101521,"ALGONQUIN CAREERS ACADEMY, OTTAWA, 1830 BANK STREET",OTTAWA,K1V 7Y6,ACCOUNTING AND PAYROLL ADMINISTRATOR ONLINE,Business,Accounting and Payroll Administration,Y,ND,54.5%,45.5%,72.7%,ND,ND
200204,1075675 ONTARIO INC.,101521,"ALGONQUIN CAREERS ACADEMY, OTTAWA, 1830 BANK STREET",OTTAWA,K1V 7Y6,ACCOUNTING AND PAYROLL ADMINISTRATOR,Business,Accounting and Payroll Administration,Y,66.7%,ND,ND,ND,ND,ND
200204,1075675 ONTARIO INC.,101521,"ALGONQUIN CAREERS ACADEMY, OTTAWA, 1830 BANK STREET",OTTAWA,K1V 7Y6,BUSINESS MANAGEMENT ONLINE,Business,Business Management,Y,ND,SS,SS,SS,ND,ND
200204,1075675 ONTARIO INC.,101521,"ALGONQUIN CAREERS ACADEMY, OTTAWA, 1830 BANK STREET",OTTAWA,K1V 7Y6,BUSINESS MANAGEMENT,Business,Business Management,Y,71.4%,100.0%,100.0%,100.0%,ND,ND
200204,1075675 ONTARIO INC.,101521,"ALGONQUIN CAREERS ACADEMY, OTTAWA, 1830 BANK STREET",OTTAWA,K1V 7Y6,LAW CLERK - ONLINE,Law and Public Safety,Law Clerk,Y,60.0%,SS,SS,SS,ND,ND
200204,1075675 ONTARIO INC.,101521,"ALGONQUIN CAREERS ACADEMY, OTTAWA, 1830 BANK STREET",OTTAWA,K1V 7Y6,MEDICAL LABORATORY ASSISTANT/TECHNICIAN HYBRID,Health Services,Medical Laboratory Technician,Y,ND,66.7%,55.6%,66.7%,100.0%,ND
200204,1075675 ONTARIO INC.,101521,"ALGONQUIN CAREERS ACADEMY, OTTAWA, 1830 BANK STREET",OTTAWA,K1V 7Y6,MEDICAL LABORATORY ASSISTANT/TECHNICIAN,Health Services,Medical Laboratory Technician,Y,74.7%,75.0%,70.0%,79.1%,ND,ND
200204,1075675 ONTARIO INC.,101521,"ALGONQUIN CAREERS ACADEMY, OTTAWA, 1830 BANK STREET",OTTAWA,K1V 7Y6,MEDICAL OFFICE ASSISTANT - ONLINE,Health Services,Medical Office Administration/Management,Y,ND,85.7%,78.6%,76.9%,100.0%,ND
200204,1075675 ONTARIO INC.,101521,"ALGONQUIN CAREERS ACADEMY, OTTAWA, 1830 BANK STREET",OTTAWA,K1V 7Y6,MEDICAL OFFICE ASSISTANT,Health Services,Medical Office Administration/Management,Y,71.4%,90.9%,72.7%,73.3%,100.0%,ND
200204,1075675 ONTARIO INC.,101521,"ALGONQUIN CAREERS ACADEMY, OTTAWA, 1830 BANK STREET",OTTAWA,K1V 7Y6,PARALEGAL,Law and Public Safety,Paralegal,Y,56.0%,60.0%,40.0%,60.0%,ND,ND
200204,1075675 ONTARIO INC.,101521,"ALGONQUIN CAREERS ACADEMY, OTTAWA, 1830 BANK STREET",OTTAWA,K1V 7Y6,PERSONAL SUPPORT WORKER - HYBRID,Health Services,Personal Support Worker/Personal Attendant,Y,79.2%,85.1%,71.6%,91.3%,100.0%,ND
200204,1075675 ONTARIO INC.,101521,"ALGONQUIN CAREERS ACADEMY, OTTAWA, 1830 BANK STREET",OTTAWA,K1V 7Y6,PERSONAL SUPPORT WORKER,Health Services,Personal Support Worker/Personal Attendant,Y,63.0%,ND,ND,ND,ND,ND
200204,1075675 ONTARIO INC.,101521,"ALGONQUIN CAREERS ACADEMY, OTTAWA, 1830 BANK STREET",OTTAWA,K1V 7Y6,PHARMACY ASSISTANT - ONLINE,Health Services,Pharmacy Assistant,Y,92.3%,71.4%,66.7%,77.3%,ND,ND
200204,1075675 ONTARIO INC.,101521,"ALGONQUIN CAREERS ACADEMY, OTTAWA, 1830 BANK STREET",OTTAWA,K1V 7Y6,PHARMACY ASSISTANT,Health Services,Pharmacy Assistant,Y,90.9%,ND,ND,ND,ND,ND
200204,1075675 ONTARIO INC.,101521,"ALGONQUIN CAREERS ACADEMY, OTTAWA, 1830 BANK STREET",OTTAWA,K1V 7Y6,PHARMACY TECHNICIAN,Health Services,Pharmacy Technician,Y,30.0%,89.5%,84.2%,78.9%,100.0%,ND
200204,1075675 ONTARIO INC.,188836,"ALGONQUIN CAREERS ACADEMY, OTTAWA, 1828 BANK STREET",OTTAWA,K1V 7Y6,+,,,Y,66.7%,89.5%,89.5%,63.2%,100.0%,7.5%
200204,1075675 ONTARIO INC.,188836,"ALGONQUIN CAREERS ACADEMY, OTTAWA, 1828 BANK STREET",OTTAWA,K1V 7Y6,INTRA ORAL DENTAL ASSISTING LEVEL 1 & 2,Health Services,Intra-Oral Dental Assistant,Y,66.7%,89.5%,89.5%,63.2%,100.0%,ND
200205,LEANESSA INC.,+,+,,,+,,,Y,61.7%,75.0%,37.5%,75.0%,100.0%,ND
200205,LEANESSA INC.,101522,"ACADEMY OF LEARNING CAREER AND BUSINESS COLLEGE, BRAMPTON (EQDQ)",BRAMPTON,L6P 0B1,+,,,Y,61.7%,75.0%,37.5%,75.0%,100.0%,2.6%
200205,LEANESSA INC.,101522,"ACADEMY OF LEARNING CAREER AND BUSINESS COLLEGE, BRAMPTON (EQDQ)",BRAMPTON,L6P 0B1,ACCOUNTING AND PAYROLL ADMINISTRATOR,Business,Accounting and Payroll Administration,Y,42.9%,100.0%,100.0%,100.0%,ND,ND
200205,LEANESSA INC.,101522,"ACADEMY OF LEARNING CAREER AND BUSINESS COLLEGE, BRAMPTON (EQDQ)",BRAMPTON,L6P 0B1,ADMINISTRATIVE ASSISTANT,Business,Office Administration,Y,SS,ND,ND,SS,ND,ND
200205,LEANESSA INC.,101522,"ACADEMY OF LEARNING CAREER AND BUSINESS COLLEGE, BRAMPTON (EQDQ)",BRAMPTON,L6P 0B1,BUSINESS ADMINISTRATION DIPLOMA,Business,Business Administration,Y,81.8%,71.4%,28.6%,85.7%,100.0%,ND
200205,LEANESSA INC.,101522,"ACADEMY OF LEARNING CAREER AND BUSINESS COLLEGE, BRAMPTON (EQDQ)",BRAMPTON,L6P 0B1,COMPUTERIZED ACCOUNTING,Business,Accounting,Y,SS,SS,SS,SS,ND,ND
200205,LEANESSA INC.,101522,"ACADEMY OF LEARNING CAREER AND BUSINESS COLLEGE, BRAMPTON (EQDQ)",BRAMPTON,L6P 0B1,CONFERENCE AND EVENT PLANNER,Business,Hospitality Administration/Management,Y,SS,SS,SS,SS,ND,ND
200205,LEANESSA INC.,101522,"ACADEMY OF LEARNING CAREER AND BUSINESS COLLEGE, BRAMPTON (EQDQ)",BRAMPTON,L6P 0B1,DENTAL ADMINISTRATIVE ASSISTANT,Health Services,Office/Clerical/Administration - Dental/Medical,Y,SS,ND,ND,ND,ND,ND
200205,LEANESSA INC.,101522,"ACADEMY OF LEARNING CAREER AND BUSINESS COLLEGE, BRAMPTON (EQDQ)",BRAMPTON,L6P 0B1,DIPLOMA IN DATA SCIENCE AND ARTIFICIAL INTELLIGENCE,Computer and Information Technology,Information Technology,Y,ND,SS,SS,SS,ND,ND
200205,LEANESSA INC.,101522,"ACADEMY OF LEARNING CAREER AND BUSINESS COLLEGE, BRAMPTON (EQDQ)",BRAMPTON,L6P 0B1,GRAPHIC DESIGNER,Applied Arts and Science,Graphic Design/Printing,Y,SS,ND,ND,ND,ND,ND
200205,LEANESSA INC.,101522,"ACADEMY OF LEARNING CAREER AND BUSINESS COLLEGE, BRAMPTON (EQDQ)",BRAMPTON,L6P 0B1,HOME INSPECTION DIPLOMA,Services,Other - Services,Y,75.0%,100.0%,100.0%,0.0%,ND,ND
200205,LEANESSA INC.,101522,"ACADEMY OF LEARNING CAREER AND BUSINESS COLLEGE, BRAMPTON (EQDQ)",BRAMPTON,L6P 0B1,HOME INSPECTION,Services,Other - Services,Y,SS,ND,ND,ND,ND,ND
200205,LEANESSA INC.,101522,"ACADEMY OF LEARNING CAREER AND BUSINESS COLLEGE, BRAMPTON (EQDQ)",BRAMPTON,L6P 0B1,IT SECURITY SPECIALIST,Computer and Information Technology,Computer Security and Project Management,Y,60.0%,SS,SS,SS,ND,ND
200205,LEANESSA INC.,101522,"ACADEMY OF LEARNING CAREER AND BUSINESS COLLEGE, BRAMPTON (EQDQ)",BRAMPTON,L6P 0B1,MEDICAL OFFICE ASSISTANT,Health Services,Medical Office Administration/Management,Y,50.0%,SS,SS,SS,ND,ND
200205,LEANESSA INC.,101522,"ACADEMY OF LEARNING CAREER AND BUSINESS COLLEGE, BRAMPTON (EQDQ)",BRAMPTON,L6P 0B1,MEDICAL RECEPTIONIST,Health Services,Office/Clerical/Administration - Dental/Medical,Y,75.0%,60.0%,0.0%,40.0%,100.0%,ND
200205,LEANESSA INC.,101522,"ACADEMY OF LEARNING CAREER AND BUSINESS COLLEGE, BRAMPTON (EQDQ)",BRAMPTON,L6P 0B1,MEDICAL SECRETARY,Health Services,Office/Clerical/Administration - Dental/Medical,Y,SS,ND,ND,ND,ND,ND
200205,LEANESSA INC.,101522,"ACADEMY OF LEARNING CAREER AND BUSINESS COLLEGE, BRAMPTON (EQDQ)",BRAMPTON,L6P 0B1,NETWORK ADMINISTRATOR,Computer and Information Technology,Network Administration,Y,SS,ND,ND,ND,ND,ND
200205,LEANESSA INC.,101522,"ACADEMY OF LEARNING CAREER AND BUSINESS COLLEGE, BRAMPTON (EQDQ)",BRAMPTON,L6P 0B1,PERSONAL SUPPORT WORKER,Health Services,Personal Support Worker/Personal Attendant,Y,ND,80.0%,50.0%,90.9%,100.0%,ND
200205,LEANESSA INC.,101522,"ACADEMY OF LEARNING CAREER AND BUSINESS COLLEGE, BRAMPTON (EQDQ)",BRAMPTON,L6P 0B1,PROJECT ADMINISTRATION,Business,Project Administration/Management,Y,SS,ND,ND,ND,ND,ND
200205,LEANESSA INC.,101522,"ACADEMY OF LEARNING CAREER AND BUSINESS COLLEGE, BRAMPTON (EQDQ)",BRAMPTON,L6P 0B1,SOFTWARE AND WEB DEVELOPER,Computer and Information Technology,Information Technology,Y,SS,ND,ND,ND,ND,ND
200205,LEANESSA INC.,101522,"ACADEMY OF LEARNING CAREER AND BUSINESS COLLEGE, BRAMPTON (EQDQ)",BRAMPTON,L6P 0B1,WEB DESIGNER,Computer and Information Technology,Information Technology,Y,ND,SS,SS,SS,ND,ND
200206,THE SACCO GROUP LTD.,101525,"ART & TECHNIQUE ACADEMY OF HAIRSTYLING AND ESTHETICS, OSHAWA",OSHAWA,L1H 4G1,+,,,Y,86.2%,88.9%,88.9%,55.6%,100.0%,ND
200206,THE SACCO GROUP LTD.,101525,"ART & TECHNIQUE ACADEMY OF HAIRSTYLING AND ESTHETICS, OSHAWA",OSHAWA,L1H 4G1,ADVANCED ESTHETICS/SPA THERAPY & ELECTROLYSIS,Human Services,Esthetics/Medical Esthetics,Y,SS,ND,ND,ND,ND,ND
200206,THE SACCO GROUP LTD.,101525,"ART & TECHNIQUE ACADEMY OF HAIRSTYLING AND ESTHETICS, OSHAWA",OSHAWA,L1H 4G1,HAIRSTYLING/COSMETOLOGY,Service Trade,Hairstylist,Y,85.7%,88.9%,88.9%,55.6%,100.0%,ND
200209,520341 ONTARIO LTD.,+,+,,,+,,,Y,48.5%,64.7%,23.5%,27.8%,ND,ND
200209,520341 ONTARIO LTD.,101529,"RAC DIGITAL ARTS COLLEGE, TORONTO",TORONTO,M5V 2H1,+,,,Y,48.5%,64.7%,23.5%,27.8%,ND,17.4%
200209,520341 ONTARIO LTD.,101529,"RAC DIGITAL ARTS COLLEGE, TORONTO",TORONTO,M5V 2H1,SOUND & MUSIC RECORDING,Applied Arts and Science,Music Production and Recording Arts Technology,Y,48.5%,64.7%,23.5%,27.8%,ND,ND
200215,THE JOHNSON BUSINESS ACADEMY LIMITED,+,+,,,+,,,Y,67.8%,82.8%,67.6%,77.3%,100.0%,ND
200215,THE JOHNSON BUSINESS ACADEMY LIMITED,101537,"ANDERSON COLLEGE OF HEALTH, BUSINESS AND TECHNOLOGY, MISSISSAUGA, 165 DUNDAS STREET WEST",MISSISSAUGA,L5B 2N6,+,,,Y,78.5%,77.6%,62.9%,78.0%,100.0%,1.8%
200215,THE JOHNSON BUSINESS ACADEMY LIMITED,101537,"ANDERSON COLLEGE OF HEALTH, BUSINESS AND TECHNOLOGY, MISSISSAUGA, 165 DUNDAS STREET WEST",MISSISSAUGA,L5B 2N6,ACCOUNTING AND PAYROLL ADMINISTRATION,Business,Accounting and Payroll Administration,Y,69.2%,83.3%,16.7%,28.6%,100.0%,ND
200215,THE JOHNSON BUSINESS ACADEMY LIMITED,101537,"ANDERSON COLLEGE OF HEALTH, BUSINESS AND TECHNOLOGY, MISSISSAUGA, 165 DUNDAS STREET WEST",MISSISSAUGA,L5B 2N6,BUSINESS MANAGEMENT,Business,Business Management,Y,100.0%,50.0%,25.0%,50.0%,ND,ND
200215,THE JOHNSON BUSINESS ACADEMY LIMITED,101537,"ANDERSON COLLEGE OF HEALTH, BUSINESS AND TECHNOLOGY, MISSISSAUGA, 165 DUNDAS STREET WEST",MISSISSAUGA,L5B 2N6,EARLY CHILDCARE ASSISTANT,Human Services,Early Childhood Assistant,Y,78.9%,82.4%,76.5%,81.8%,100.0%,ND
200215,THE JOHNSON BUSINESS ACADEMY LIMITED,101537,"ANDERSON COLLEGE OF HEALTH, BUSINESS AND TECHNOLOGY, MISSISSAUGA, 165 DUNDAS STREET WEST",MISSISSAUGA,L5B 2N6,INTRA ORAL LEVEL I & II DENTAL ASSISTANT,Health Services,Intra-Oral Dental Assistant,Y,87.5%,75.0%,71.4%,76.7%,100.0%,ND
200215,THE JOHNSON BUSINESS ACADEMY LIMITED,101537,"ANDERSON COLLEGE OF HEALTH, BUSINESS AND TECHNOLOGY, MISSISSAUGA, 165 DUNDAS STREET WEST",MISSISSAUGA,L5B 2N6,LAW ENFORCEMENT/POLICE FOUNDATIONS,Law and Public Safety,Law Enforcement/Police Foundations,Y,41.7%,92.9%,71.4%,42.9%,ND,ND
200215,THE JOHNSON BUSINESS ACADEMY LIMITED,101537,"ANDERSON COLLEGE OF HEALTH, BUSINESS AND TECHNOLOGY, MISSISSAUGA, 165 DUNDAS STREET WEST",MISSISSAUGA,L5B 2N6,MEDICAL LABORATORY ASSISTANT TECHNICIAN,Health Services,Medical Laboratory Technician,Y,ND,SS,SS,ND,ND,ND
200215,THE JOHNSON BUSINESS ACADEMY LIMITED,101537,"ANDERSON COLLEGE OF HEALTH, BUSINESS AND TECHNOLOGY, MISSISSAUGA, 165 DUNDAS STREET WEST",MISSISSAUGA,L5B 2N6,MEDICAL LABORATORY TECHNICIAN,Health Services,Medical Laboratory Technician,Y,75.9%,67.7%,45.2%,75.0%,100.0%,ND
200215,THE JOHNSON BUSINESS ACADEMY LIMITED,101537,"ANDERSON COLLEGE OF HEALTH, BUSINESS AND TECHNOLOGY, MISSISSAUGA, 165 DUNDAS STREET WEST",MISSISSAUGA,L5B 2N6,MEDICAL OFFICE ADMINISTRATOR - CAPSTONE,Health Services,Medical Office Administration/Management,Y,87.5%,46.2%,23.1%,86.7%,ND,ND
200215,THE JOHNSON BUSINESS ACADEMY LIMITED,101537,"ANDERSON COLLEGE OF HEALTH, BUSINESS AND TECHNOLOGY, MISSISSAUGA, 165 DUNDAS STREET WEST",MISSISSAUGA,L5B 2N6,MEDICAL OFFICE ADMINISTRATOR,Health Services,Medical Office Administration/Management,Y,92.3%,0.0%,0.0%,100.0%,ND,ND
200215,THE JOHNSON BUSINESS ACADEMY LIMITED,101537,"ANDERSON COLLEGE OF HEALTH, BUSINESS AND TECHNOLOGY, MISSISSAUGA, 165 DUNDAS STREET WEST",MISSISSAUGA,L5B 2N6,OCCUPATIONAL HEALTH AND SAFETY,Services,Other - Services,Y,ND,SS,SS,SS,ND,ND
200215,THE JOHNSON BUSINESS ACADEMY LIMITED,101537,"ANDERSON COLLEGE OF HEALTH, BUSINESS AND TECHNOLOGY, MISSISSAUGA, 165 DUNDAS STREET WEST",MISSISSAUGA,L5B 2N6,PERSONAL SUPPORT WORKER - HYBRID,Health Services,Personal Support Worker/Personal Attendant,Y,82.3%,87.5%,77.1%,88.7%,100.0%,ND
200215,THE JOHNSON BUSINESS ACADEMY LIMITED,101537,"ANDERSON COLLEGE OF HEALTH, BUSINESS AND TECHNOLOGY, MISSISSAUGA, 165 DUNDAS STREET WEST",MISSISSAUGA,L5B 2N6,PERSONAL SUPPORT WORKER (2018),Health Services,Personal Support Worker/Personal Attendant,Y,66.0%,82.4%,70.6%,94.4%,100.0%,ND
200215,THE JOHNSON BUSINESS ACADEMY LIMITED,101537,"ANDERSON COLLEGE OF HEALTH, BUSINESS AND TECHNOLOGY, MISSISSAUGA, 165 DUNDAS STREET WEST",MISSISSAUGA,L5B 2N6,PHARMACY TECHNICIAN,Health Services,Pharmacy Technician,Y,87.5%,76.9%,69.2%,76.9%,ND,ND
200215,THE JOHNSON BUSINESS ACADEMY LIMITED,101537,"ANDERSON COLLEGE OF HEALTH, BUSINESS AND TECHNOLOGY, MISSISSAUGA, 165 DUNDAS STREET WEST",MISSISSAUGA,L5B 2N6,SUPPLY CHAIN AND LOGISTICS,Business,Supply Chain Management and Logistics,Y,74.2%,78.6%,78.6%,86.7%,ND,ND
200215,THE JOHNSON BUSINESS ACADEMY LIMITED,109320,"ANDERSON COLLEGE OF HEALTH, BUSINESS AND TECHNOLOGY, HAMILTON",HAMILTON,L8N 4K3,+,,,Y,55.0%,90.3%,76.7%,74.3%,100.0%,7.6%
200215,THE JOHNSON BUSINESS ACADEMY LIMITED,109320,"ANDERSON COLLEGE OF HEALTH, BUSINESS AND TECHNOLOGY, HAMILTON",HAMILTON,L8N 4K3,ACCOUNTING AND PAYROLL ADMINISTRATION,Business,Accounting and Payroll Administration,Y,20.0%,SS,SS,SS,ND,ND
200215,THE JOHNSON BUSINESS ACADEMY LIMITED,109320,"ANDERSON COLLEGE OF HEALTH, BUSINESS AND TECHNOLOGY, HAMILTON",HAMILTON,L8N 4K3,BUSINESS ADMINISTRATION - CAPSTONE,Business,Business Administration,Y,SS,ND,ND,ND,ND,ND
200215,THE JOHNSON BUSINESS ACADEMY LIMITED,109320,"ANDERSON COLLEGE OF HEALTH, BUSINESS AND TECHNOLOGY, HAMILTON",HAMILTON,L8N 4K3,EARLY CHILDCARE ASSISTANT,Human Services,Early Childhood Assistant,Y,40.0%,ND,ND,ND,ND,ND
200215,THE JOHNSON BUSINESS ACADEMY LIMITED,109320,"ANDERSON COLLEGE OF HEALTH, BUSINESS AND TECHNOLOGY, HAMILTON",HAMILTON,L8N 4K3,INTRA ORAL LEVEL I & II DENTAL ASSISTANT,Health Services,Intra-Oral Dental Assistant,Y,58.2%,83.3%,83.3%,88.2%,ND,ND
200215,THE JOHNSON BUSINESS ACADEMY LIMITED,109320,"ANDERSON COLLEGE OF HEALTH, BUSINESS AND TECHNOLOGY, HAMILTON",HAMILTON,L8N 4K3,LAW ENFORCEMENT/POLICE FOUNDATIONS,Law and Public Safety,Law Enforcement/Police Foundations,Y,8.3%,SS,SS,SS,100.0%,ND
200215,THE JOHNSON BUSINESS ACADEMY LIMITED,109320,"ANDERSON COLLEGE OF HEALTH, BUSINESS AND TECHNOLOGY, HAMILTON",HAMILTON,L8N 4K3,MEDICAL LABORATORY TECHNICIAN,Health Services,Medical Laboratory Technician,Y,54.4%,90.6%,78.1%,67.6%,ND,ND
200215,THE JOHNSON BUSINESS ACADEMY LIMITED,109320,"ANDERSON COLLEGE OF HEALTH, BUSINESS AND TECHNOLOGY, HAMILTON",HAMILTON,L8N 4K3,MEDICAL OFFICE ADMINISTRATOR - CAPSTONE,Health Services,Medical Office Administration/Management,Y,50.0%,100.0%,44.4%,55.6%,ND,ND
200215,THE JOHNSON BUSINESS ACADEMY LIMITED,109320,"ANDERSON COLLEGE OF HEALTH, BUSINESS AND TECHNOLOGY, HAMILTON",HAMILTON,L8N 4K3,MEDICAL OFFICE ADMINISTRATOR,Health Services,Medical Office Administration/Management,Y,58.8%,ND,ND,ND,ND,ND
200215,THE JOHNSON BUSINESS ACADEMY LIMITED,109320,"ANDERSON COLLEGE OF HEALTH, BUSINESS AND TECHNOLOGY, HAMILTON",HAMILTON,L8N 4K3,OCCUPATIONAL HEALTH AND SAFETY,Services,Other - Services,Y,ND,66.7%,50.0%,50.0%,ND,ND
200215,THE JOHNSON BUSINESS ACADEMY LIMITED,109320,"ANDERSON COLLEGE OF HEALTH, BUSINESS AND TECHNOLOGY, HAMILTON",HAMILTON,L8N 4K3,PERSONAL SUPPORT WORKER - HYBRID,Health Services,Personal Support Worker/Personal Attendant,Y,83.9%,96.3%,85.2%,82.1%,100.0%,ND
200215,THE JOHNSON BUSINESS ACADEMY LIMITED,109320,"ANDERSON COLLEGE OF HEALTH, BUSINESS AND TECHNOLOGY, HAMILTON",HAMILTON,L8N 4K3,PERSONAL SUPPORT WORKER (2018),Health Services,Personal Support Worker/Personal Attendant,Y,42.0%,100.0%,100.0%,100.0%,ND,ND
200215,THE JOHNSON BUSINESS ACADEMY LIMITED,109320,"ANDERSON COLLEGE OF HEALTH, BUSINESS AND TECHNOLOGY, HAMILTON",HAMILTON,L8N 4K3,SUPPLY CHAIN AND LOGISTICS,Business,Supply Chain Management and Logistics,Y,SS,SS,SS,SS,ND,ND
200215,THE JOHNSON BUSINESS ACADEMY LIMITED,148896,"ANDERSON COLLEGE OF HEALTH, BUSINESS AND TECHNOLOGY, TORONTO",TORONTO,M4P 1A9,+,,,Y,62.0%,87.1%,68.6%,79.5%,100.0%,5.6%
200215,THE JOHNSON BUSINESS ACADEMY LIMITED,148896,"ANDERSON COLLEGE OF HEALTH, BUSINESS AND TECHNOLOGY, TORONTO",TORONTO,M4P 1A9,ACCOUNTING AND PAYROLL ADMINISTRATION,Business,Accounting and Payroll Administration,Y,59.3%,80.0%,46.7%,73.3%,100.0%,ND
200215,THE JOHNSON BUSINESS ACADEMY LIMITED,148896,"ANDERSON COLLEGE OF HEALTH, BUSINESS AND TECHNOLOGY, TORONTO",TORONTO,M4P 1A9,EARLY CHILDCARE ASSISTANT,Human Services,Early Childhood Assistant,Y,74.0%,89.5%,73.7%,89.5%,100.0%,ND
200215,THE JOHNSON BUSINESS ACADEMY LIMITED,148896,"ANDERSON COLLEGE OF HEALTH, BUSINESS AND TECHNOLOGY, TORONTO",TORONTO,M4P 1A9,INTRA ORAL LEVEL I & II DENTAL ASSISTANT,Health Services,Intra-Oral Dental Assistant,Y,46.4%,100.0%,80.0%,80.0%,ND,ND
200215,THE JOHNSON BUSINESS ACADEMY LIMITED,148896,"ANDERSON COLLEGE OF HEALTH, BUSINESS AND TECHNOLOGY, TORONTO",TORONTO,M4P 1A9,LAW ENFORCEMENT/POLICE FOUNDATIONS,Law and Public Safety,Law Enforcement/Police Foundations,Y,46.2%,100.0%,100.0%,50.0%,ND,ND
200215,THE JOHNSON BUSINESS ACADEMY LIMITED,148896,"ANDERSON COLLEGE OF HEALTH, BUSINESS AND TECHNOLOGY, TORONTO",TORONTO,M4P 1A9,MEDICAL OFFICE ADMINISTRATOR,Health Services,Medical Office Administration/Management,Y,16.7%,ND,ND,ND,ND,ND
200215,THE JOHNSON BUSINESS ACADEMY LIMITED,148896,"ANDERSON COLLEGE OF HEALTH, BUSINESS AND TECHNOLOGY, TORONTO",TORONTO,M4P 1A9,OCCUPATIONAL HEALTH AND SAFETY,Services,Other - Services,Y,ND,SS,SS,SS,ND,ND
200215,THE JOHNSON BUSINESS ACADEMY LIMITED,148896,"ANDERSON COLLEGE OF HEALTH, BUSINESS AND TECHNOLOGY, TORONTO",TORONTO,M4P 1A9,PERSONAL SUPPORT WORKER (2018),Health Services,Personal Support Worker/Personal Attendant,Y,78.8%,91.7%,83.3%,92.3%,100.0%,ND
200216,TRIOS COLLEGE BUSINESS TECHNOLOGY HEALTHCARE INC.,101538,"TRIOS COLLEGE BUSINESS TECHNOLOGY HEALTHCARE, MISSISSAUGA",MISSISSAUGA,L5B 1M3,+,,,Y,75.9%,71.8%,54.8%,75.4%,100.0%,4.1%
200216,TRIOS COLLEGE BUSINESS TECHNOLOGY HEALTHCARE INC.,101538,"TRIOS COLLEGE BUSINESS TECHNOLOGY HEALTHCARE, MISSISSAUGA",MISSISSAUGA,L5B 1M3,ACCOUNTING & PAYROLL ADMINISTRATOR,Business,Accounting and Payroll Administration,Y,57.1%,ND,ND,ND,ND,ND
200216,TRIOS COLLEGE BUSINESS TECHNOLOGY HEALTHCARE INC.,101538,"TRIOS COLLEGE BUSINESS TECHNOLOGY HEALTHCARE, MISSISSAUGA",MISSISSAUGA,L5B 1M3,ACCOUNTING & PAYROLL SPECIALIST,Business,Accounting,Y,76.5%,73.3%,66.7%,81.3%,ND,ND
200216,TRIOS COLLEGE BUSINESS TECHNOLOGY HEALTHCARE INC.,101538,"TRIOS COLLEGE BUSINESS TECHNOLOGY HEALTHCARE, MISSISSAUGA",MISSISSAUGA,L5B 1M3,ADMINISTRATIVE ASSISTANT,Business,Office Administration,Y,90.0%,66.7%,33.3%,33.3%,ND,ND
200216,TRIOS COLLEGE BUSINESS TECHNOLOGY HEALTHCARE INC.,101538,"TRIOS COLLEGE BUSINESS TECHNOLOGY HEALTHCARE, MISSISSAUGA",MISSISSAUGA,L5B 1M3,APPLICATIONS DEVELOPER (MOBILE SPECIALIST) + INTERNSHIP,Computer and Information Technology,Information Technology,Y,SS,ND,ND,ND,ND,ND
200216,TRIOS COLLEGE BUSINESS TECHNOLOGY HEALTHCARE INC.,101538,"TRIOS COLLEGE BUSINESS TECHNOLOGY HEALTHCARE, MISSISSAUGA",MISSISSAUGA,L5B 1M3,APPLICATIONS DEVELOPER (MOBILE SPECIALIST),Computer and Information Technology,Information Technology,Y,ND,SS,SS,SS,ND,ND
200216,TRIOS COLLEGE BUSINESS TECHNOLOGY HEALTHCARE INC.,101538,"TRIOS COLLEGE BUSINESS TECHNOLOGY HEALTHCARE, MISSISSAUGA",MISSISSAUGA,L5B 1M3,APPLICATIONS DEVELOPER (MOBILE WEB SPECIALIST) + INTERNSHIP,Computer and Information Technology,Information Technology,Y,SS,ND,ND,ND,ND,ND
200216,TRIOS COLLEGE BUSINESS TECHNOLOGY HEALTHCARE INC.,101538,"TRIOS COLLEGE BUSINESS TECHNOLOGY HEALTHCARE, MISSISSAUGA",MISSISSAUGA,L5B 1M3,APPLICATIONS DEVELOPER (MOBILE WEB SPECIALIST),Computer and Information Technology,Information Technology,Y,ND,SS,SS,SS,ND,ND
200216,TRIOS COLLEGE BUSINESS TECHNOLOGY HEALTHCARE INC.,101538,"TRIOS COLLEGE BUSINESS TECHNOLOGY HEALTHCARE, MISSISSAUGA",MISSISSAUGA,L5B 1M3,BUSINESS ADMINISTRATION (APPLICATIONS & ACCOUNTING SPECIALIST),Business,Business Administration,Y,ND,ND,ND,ND,ND,ND
200216,TRIOS COLLEGE BUSINESS TECHNOLOGY HEALTHCARE INC.,101538,"TRIOS COLLEGE BUSINESS TECHNOLOGY HEALTHCARE, MISSISSAUGA",MISSISSAUGA,L5B 1M3,BUSINESS ADMINISTRATION (HUMAN RESOURCES & MARKETING SPECIALIST),Business,Business Administration,Y,SS,ND,ND,ND,ND,ND
200216,TRIOS COLLEGE BUSINESS TECHNOLOGY HEALTHCARE INC.,101538,"TRIOS COLLEGE BUSINESS TECHNOLOGY HEALTHCARE, MISSISSAUGA",MISSISSAUGA,L5B 1M3,BUSINESS AND DIGITAL MARKETING SPECIALIST,Business,Marketing/Advertising,Y,77.8%,100.0%,0.0%,100.0%,ND,ND
200216,TRIOS COLLEGE BUSINESS TECHNOLOGY HEALTHCARE INC.,101538,"TRIOS COLLEGE BUSINESS TECHNOLOGY HEALTHCARE, MISSISSAUGA",MISSISSAUGA,L5B 1M3,COMMUNITY SERVICES WORKER (+INTERNSHIP),Community and Social Services,Community Services Worker,Y,95.5%,37.5%,25.0%,55.6%,ND,ND
200216,TRIOS COLLEGE BUSINESS TECHNOLOGY HEALTHCARE INC.,101538,"TRIOS COLLEGE BUSINESS TECHNOLOGY HEALTHCARE, MISSISSAUGA",MISSISSAUGA,L5B 1M3,DIGITAL MARKETING SPECIALIST,Business,Marketing/Advertising,Y,SS,SS,SS,SS,ND,ND
200216,TRIOS COLLEGE BUSINESS TECHNOLOGY HEALTHCARE INC.,101538,"TRIOS COLLEGE BUSINESS TECHNOLOGY HEALTHCARE, MISSISSAUGA",MISSISSAUGA,L5B 1M3,ENTERPRISE WEB & MOBILE DEVELOPER + INTERNSHIP,Computer and Information Technology,Information Technology,Y,66.7%,50.0%,50.0%,50.0%,ND,ND
200216,TRIOS COLLEGE BUSINESS TECHNOLOGY HEALTHCARE INC.,101538,"TRIOS COLLEGE BUSINESS TECHNOLOGY HEALTHCARE, MISSISSAUGA",MISSISSAUGA,L5B 1M3,HONOURS BUSINESS ADMINISTRATION (+INTERNSHIP),Business,Business Administration,Y,61.5%,0.0%,0.0%,50.0%,ND,ND
200216,TRIOS COLLEGE BUSINESS TECHNOLOGY HEALTHCARE INC.,101538,"TRIOS COLLEGE BUSINESS TECHNOLOGY HEALTHCARE, MISSISSAUGA",MISSISSAUGA,L5B 1M3,HONOURS BUSINESS ADMINISTRATION,Business,Business Administration,Y,ND,SS,SS,SS,ND,ND
200216,TRIOS COLLEGE BUSINESS TECHNOLOGY HEALTHCARE INC.,101538,"TRIOS COLLEGE BUSINESS TECHNOLOGY HEALTHCARE, MISSISSAUGA",MISSISSAUGA,L5B 1M3,INFORMATION TECHNOLOGY ADMINISTRATOR (DATABASE AND WINDOWS SERVER SPECIALIST) + INTERNSHIP,Computer and Information Technology,Information Technology,Y,SS,ND,ND,ND,ND,ND
200216,TRIOS COLLEGE BUSINESS TECHNOLOGY HEALTHCARE INC.,101538,"TRIOS COLLEGE BUSINESS TECHNOLOGY HEALTHCARE, MISSISSAUGA",MISSISSAUGA,L5B 1M3,"INFORMATION TECHNOLOGY ADMINISTRATOR (LINUX, SECURITY & DATABASE SPECIALIST) + INTERNSHIP",Computer and Information Technology,Information Technology,Y,66.7%,ND,ND,ND,ND,ND
200216,TRIOS COLLEGE BUSINESS TECHNOLOGY HEALTHCARE INC.,101538,"TRIOS COLLEGE BUSINESS TECHNOLOGY HEALTHCARE, MISSISSAUGA",MISSISSAUGA,L5B 1M3,"INFORMATION TECHNOLOGY ADMINISTRATOR (LINUX, SECURITY & DATABASE SPECIALIST)",Computer and Information Technology,Information Technology,Y,ND,ND,ND,ND,ND,ND
200216,TRIOS COLLEGE BUSINESS TECHNOLOGY HEALTHCARE INC.,101538,"TRIOS COLLEGE BUSINESS TECHNOLOGY HEALTHCARE, MISSISSAUGA",MISSISSAUGA,L5B 1M3,"INFORMATION TECHNOLOGY ADMINISTRATOR (MESSAGING, MOBILE, LINUX & SECURITY SPECIALIST) + INTERNSHIP (58 WEEKS)*",Computer and Information Technology,Information Technology,Y,SS,See combined program results below,See combined program results below,See combined program results below,See combined program results below,ND
200216,TRIOS COLLEGE BUSINESS TECHNOLOGY HEALTHCARE INC.,101538,"TRIOS COLLEGE BUSINESS TECHNOLOGY HEALTHCARE, MISSISSAUGA",MISSISSAUGA,L5B 1M3,"INFORMATION TECHNOLOGY ADMINISTRATOR (MESSAGING, MOBILE, LINUX & SECURITY SPECIALIST) + INTERNSHIP (61 WEEKS)*",Computer and Information Technology,Information Technology,Y,SS,See combined program results below,See combined program results below,See combined program results below,See combined program results below,ND
200216,TRIOS COLLEGE BUSINESS TECHNOLOGY HEALTHCARE INC.,101538,"TRIOS COLLEGE BUSINESS TECHNOLOGY HEALTHCARE, MISSISSAUGA",MISSISSAUGA,L5B 1M3,"INFORMATION TECHNOLOGY ADMINISTRATOR (MESSAGING, MOBILE, LINUX & SECURITY SPECIALIST) + INTERNSHIP (COMBINED 58 WEEKS AND 61 WEEKS)**",Computer and Information Technology,Information Technology,Y,See program results above,ND,ND,ND,ND,See program results above
200216,TRIOS COLLEGE BUSINESS TECHNOLOGY HEALTHCARE INC.,101538,"TRIOS COLLEGE BUSINESS TECHNOLOGY HEALTHCARE, MISSISSAUGA",MISSISSAUGA,L5B 1M3,"INFORMATION TECHNOLOGY ADMINISTRATOR (MESSAGING, MOBILE, LINUX & SECURITY SPECIALIST)",Computer and Information Technology,Information Technology,Y,ND,SS,SS,SS,ND,ND
200216,TRIOS COLLEGE BUSINESS TECHNOLOGY HEALTHCARE INC.,101538,"TRIOS COLLEGE BUSINESS TECHNOLOGY HEALTHCARE, MISSISSAUGA",MISSISSAUGA,L5B 1M3,"INFORMATION TECHNOLOGY ADMINISTRATOR (WINDOWS SERVER, MESSAGING & MOBILE SPECIALIST) + INTERNSHIP (58 WEEKS)*",Computer and Information Technology,Information Technology,Y,SS,See combined program results below,See combined program results below,See combined program results below,See combined program results below,ND
200216,TRIOS COLLEGE BUSINESS TECHNOLOGY HEALTHCARE INC.,101538,"TRIOS COLLEGE BUSINESS TECHNOLOGY HEALTHCARE, MISSISSAUGA",MISSISSAUGA,L5B 1M3,"INFORMATION TECHNOLOGY ADMINISTRATOR (WINDOWS SERVER, MESSAGING & MOBILE SPECIALIST) + INTERNSHIP (61 WEEKS)*",Computer and Information Technology,Information Technology,Y,SS,See combined program results below,See combined program results below,See combined program results below,See combined program results below,ND
200216,TRIOS COLLEGE BUSINESS TECHNOLOGY HEALTHCARE INC.,101538,"TRIOS COLLEGE BUSINESS TECHNOLOGY HEALTHCARE, MISSISSAUGA",MISSISSAUGA,L5B 1M3,"INFORMATION TECHNOLOGY ADMINISTRATOR (WINDOWS SERVER, MESSAGING & MOBILE SPECIALIST) + INTERNSHIP (COMBINED 58 WEEKS AND 61 WEEKS)**",Computer and Information Technology,Information Technology,Y,See program results above,ND,ND,ND,ND,See program results above
200216,TRIOS COLLEGE BUSINESS TECHNOLOGY HEALTHCARE INC.,101538,"TRIOS COLLEGE BUSINESS TECHNOLOGY HEALTHCARE, MISSISSAUGA",MISSISSAUGA,L5B 1M3,"INFORMATION TECHNOLOGY ADMINISTRATOR (WINDOWS SERVER, MESSAGING & MOBILE SPECIALIST)",Computer and Information Technology,Information Technology,Y,SS,SS,SS,SS,ND,ND
200216,TRIOS COLLEGE BUSINESS TECHNOLOGY HEALTHCARE INC.,101538,"TRIOS COLLEGE BUSINESS TECHNOLOGY HEALTHCARE, MISSISSAUGA",MISSISSAUGA,L5B 1M3,INFORMATION TECHNOLOGY PROFESSIONAL + INTERNSHIP (90 WEEKS)*,Computer and Information Technology,Other - Information Technology,Y,41.7%,See combined program results below,See combined program results below,See combined program results below,See combined program results below,ND
200216,TRIOS COLLEGE BUSINESS TECHNOLOGY HEALTHCARE INC.,101538,"TRIOS COLLEGE BUSINESS TECHNOLOGY HEALTHCARE, MISSISSAUGA",MISSISSAUGA,L5B 1M3,INFORMATION TECHNOLOGY PROFESSIONAL + INTERNSHIP (95 WEEKS)*,Computer and Information Technology,Other - Information Technology,Y,57.1%,See combined program results below,See combined program results below,See combined program results below,See combined program results below,ND
200216,TRIOS COLLEGE BUSINESS TECHNOLOGY HEALTHCARE INC.,101538,"TRIOS COLLEGE BUSINESS TECHNOLOGY HEALTHCARE, MISSISSAUGA",MISSISSAUGA,L5B 1M3,INFORMATION TECHNOLOGY PROFESSIONAL + INTERNSHIP (COMBINED 90 WEEKS AND 95 WEEKS)**,Computer and Information Technology,Other - Information Technology,Y,See program results above,75.0%,62.5%,87.5%,ND,See program results above
200216,TRIOS COLLEGE BUSINESS TECHNOLOGY HEALTHCARE INC.,101538,"TRIOS COLLEGE BUSINESS TECHNOLOGY HEALTHCARE, MISSISSAUGA",MISSISSAUGA,L5B 1M3,INFORMATION TECHNOLOGY PROFESSIONAL,Computer and Information Technology,Other - Information Technology,Y,SS,ND,ND,ND,ND,ND
200216,TRIOS COLLEGE BUSINESS TECHNOLOGY HEALTHCARE INC.,101538,"TRIOS COLLEGE BUSINESS TECHNOLOGY HEALTHCARE, MISSISSAUGA",MISSISSAUGA,L5B 1M3,INSURANCE SPECIALIST,Business,Banking and Financial Services,Y,SS,ND,ND,ND,ND,ND
200216,TRIOS COLLEGE BUSINESS TECHNOLOGY HEALTHCARE INC.,101538,"TRIOS COLLEGE BUSINESS TECHNOLOGY HEALTHCARE, MISSISSAUGA",MISSISSAUGA,L5B 1M3,LAW CLERK SPECIALIST,Law and Public Safety,Law Clerk,Y,SS,SS,SS,SS,ND,ND
200216,TRIOS COLLEGE BUSINESS TECHNOLOGY HEALTHCARE INC.,101538,"TRIOS COLLEGE BUSINESS TECHNOLOGY HEALTHCARE, MISSISSAUGA",MISSISSAUGA,L5B 1M3,LEGAL ASSISTANT,Law and Public Safety,Legal Office Administration,Y,SS,ND,ND,ND,ND,ND
200216,TRIOS COLLEGE BUSINESS TECHNOLOGY HEALTHCARE INC.,101538,"TRIOS COLLEGE BUSINESS TECHNOLOGY HEALTHCARE, MISSISSAUGA",MISSISSAUGA,L5B 1M3,MASSAGE THERAPY,Health Services,Massage Therapist,Y,64.3%,100.0%,80.0%,60.0%,ND,ND
200216,TRIOS COLLEGE BUSINESS TECHNOLOGY HEALTHCARE INC.,101538,"TRIOS COLLEGE BUSINESS TECHNOLOGY HEALTHCARE, MISSISSAUGA",MISSISSAUGA,L5B 1M3,MEDICAL OFFICE ASSISTANT (+INTERNSHIP),Health Services,Medical Office Administration/Management,Y,65.4%,42.9%,42.9%,75.0%,ND,ND
200216,TRIOS COLLEGE BUSINESS TECHNOLOGY HEALTHCARE INC.,101538,"TRIOS COLLEGE BUSINESS TECHNOLOGY HEALTHCARE, MISSISSAUGA",MISSISSAUGA,L5B 1M3,MEDICAL OFFICE ASSISTANT,Health Services,Medical Office Administration/Management,Y,SS,ND,ND,ND,ND,ND
200216,TRIOS COLLEGE BUSINESS TECHNOLOGY HEALTHCARE INC.,101538,"TRIOS COLLEGE BUSINESS TECHNOLOGY HEALTHCARE, MISSISSAUGA",MISSISSAUGA,L5B 1M3,MEDICAL TRANSCRIPTIONIST,Health Services,Medical Office Administration/Management,Y,SS,ND,ND,ND,ND,ND
200216,TRIOS COLLEGE BUSINESS TECHNOLOGY HEALTHCARE INC.,101538,"TRIOS COLLEGE BUSINESS TECHNOLOGY HEALTHCARE, MISSISSAUGA",MISSISSAUGA,L5B 1M3,NETWORK ADMINISTRATOR,Computer and Information Technology,Network Administration,Y,100.0%,66.7%,33.3%,75.0%,ND,ND
200216,TRIOS COLLEGE BUSINESS TECHNOLOGY HEALTHCARE INC.,101538,"TRIOS COLLEGE BUSINESS TECHNOLOGY HEALTHCARE, MISSISSAUGA",MISSISSAUGA,L5B 1M3,OFFICE ADMINISTRATOR (ACCOUNTING SPECIALIST),Business,Office Administration,Y,SS,ND,ND,ND,ND,ND
200216,TRIOS COLLEGE BUSINESS TECHNOLOGY HEALTHCARE INC.,101538,"TRIOS COLLEGE BUSINESS TECHNOLOGY HEALTHCARE, MISSISSAUGA",MISSISSAUGA,L5B 1M3,PARALEGAL,Law and Public Safety,Paralegal,Y,72.7%,90.9%,27.3%,61.5%,ND,ND
200216,TRIOS COLLEGE BUSINESS TECHNOLOGY HEALTHCARE INC.,101538,"TRIOS COLLEGE BUSINESS TECHNOLOGY HEALTHCARE, MISSISSAUGA",MISSISSAUGA,L5B 1M3,PERSONAL SUPPORT WORKER,Health Services,Personal Support Worker/Personal Attendant,Y,76.5%,92.3%,76.9%,89.3%,100.0%,ND
200216,TRIOS COLLEGE BUSINESS TECHNOLOGY HEALTHCARE INC.,101538,"TRIOS COLLEGE BUSINESS TECHNOLOGY HEALTHCARE, MISSISSAUGA",MISSISSAUGA,L5B 1M3,PHYSIOTHERAPY ASSISTANT/OCCUPATIONAL THERAPY ASSISTANT,Health Services,Physiotherapy/Occupational Therapy,Y,100.0%,ND,ND,ND,ND,ND
200216,TRIOS COLLEGE BUSINESS TECHNOLOGY HEALTHCARE INC.,101538,"TRIOS COLLEGE BUSINESS TECHNOLOGY HEALTHCARE, MISSISSAUGA",MISSISSAUGA,L5B 1M3,POLICE FOUNDATIONS,Law and Public Safety,Law Enforcement/Police Foundations,Y,68.4%,50.0%,0.0%,100.0%,ND,ND
200216,TRIOS COLLEGE BUSINESS TECHNOLOGY HEALTHCARE INC.,101538,"TRIOS COLLEGE BUSINESS TECHNOLOGY HEALTHCARE, MISSISSAUGA",MISSISSAUGA,L5B 1M3,SUPPLY CHAIN & LOGISTICS (+INTERNSHIP),Business,Supply Chain Management and Logistics,Y,87.5%,90.0%,90.0%,90.0%,100.0%,ND
200216,TRIOS COLLEGE BUSINESS TECHNOLOGY HEALTHCARE INC.,101538,"TRIOS COLLEGE BUSINESS TECHNOLOGY HEALTHCARE, MISSISSAUGA",MISSISSAUGA,L5B 1M3,SUPPLY CHAIN & LOGISTICS,Business,Supply Chain Management and Logistics,Y,88.9%,50.0%,25.0%,75.0%,ND,ND
200216,TRIOS COLLEGE BUSINESS TECHNOLOGY HEALTHCARE INC.,101538,"TRIOS COLLEGE BUSINESS TECHNOLOGY HEALTHCARE, MISSISSAUGA",MISSISSAUGA,L5B 1M3,SUPPLY CHAIN MANAGEMENT,Business,Supply Chain Management and Logistics,Y,95.2%,100.0%,100.0%,0.0%,ND,ND
200216,TRIOS COLLEGE BUSINESS TECHNOLOGY HEALTHCARE INC.,101538,"TRIOS COLLEGE BUSINESS TECHNOLOGY HEALTHCARE, MISSISSAUGA",MISSISSAUGA,L5B 1M3,VIDEO GAME ART (+ INTERNSHIP),Applied Arts and Science,Animations,Y,ND,SS,SS,SS,ND,ND
200216,TRIOS COLLEGE BUSINESS TECHNOLOGY HEALTHCARE INC.,101538,"TRIOS COLLEGE BUSINESS TECHNOLOGY HEALTHCARE, MISSISSAUGA",MISSISSAUGA,L5B 1M3,VIDEO GAME DESIGN TECHNOLOGIES + INTERNSHIP,Applied Arts and Science,Game/Interactive Media Design,Y,68.8%,ND,ND,ND,ND,ND
200216,TRIOS COLLEGE BUSINESS TECHNOLOGY HEALTHCARE INC.,101538,"TRIOS COLLEGE BUSINESS TECHNOLOGY HEALTHCARE, MISSISSAUGA",MISSISSAUGA,L5B 1M3,WEB TECHNOLOGY SPECIALIST,Computer and Information Technology,Information Technology,Y,62.5%,66.7%,66.7%,100.0%,ND,ND
200216,TRIOS COLLEGE BUSINESS TECHNOLOGY HEALTHCARE INC.,101541,"TRIOS COLLEGE BUSINESS TECHNOLOGY HEALTHCARE, TORONTO",TORONTO,M4W 3R8,+,,,Y,68.9%,77.3%,59.1%,71.2%,100.0%,6.7%
200216,TRIOS COLLEGE BUSINESS TECHNOLOGY HEALTHCARE INC.,101541,"TRIOS COLLEGE BUSINESS TECHNOLOGY HEALTHCARE, TORONTO",TORONTO,M4W 3R8,ACCOUNTING & PAYROLL ADMINISTRATOR,Business,Accounting and Payroll Administration,Y,SS,SS,SS,SS,ND,ND
200216,TRIOS COLLEGE BUSINESS TECHNOLOGY HEALTHCARE INC.,101541,"TRIOS COLLEGE BUSINESS TECHNOLOGY HEALTHCARE, TORONTO",TORONTO,M4W 3R8,ACCOUNTING & PAYROLL SPECIALIST,Business,Accounting,Y,82.9%,83.3%,58.3%,83.3%,100.0%,ND
200216,TRIOS COLLEGE BUSINESS TECHNOLOGY HEALTHCARE INC.,101541,"TRIOS COLLEGE BUSINESS TECHNOLOGY HEALTHCARE, TORONTO",TORONTO,M4W 3R8,ADMINISTRATIVE ASSISTANT,Business,Office Administration,Y,88.9%,50.0%,50.0%,50.0%,ND,ND
200216,TRIOS COLLEGE BUSINESS TECHNOLOGY HEALTHCARE INC.,101541,"TRIOS COLLEGE BUSINESS TECHNOLOGY HEALTHCARE, TORONTO",TORONTO,M4W 3R8,APPLICATIONS DEVELOPER (ENTERPRISE MOBILE SPECIALIST) + INTERNSHIP,Computer and Information Technology,Information Technology,Y,SS,ND,ND,ND,ND,ND
200216,TRIOS COLLEGE BUSINESS TECHNOLOGY HEALTHCARE INC.,101541,"TRIOS COLLEGE BUSINESS TECHNOLOGY HEALTHCARE, TORONTO",TORONTO,M4W 3R8,APPLICATIONS DEVELOPER (ENTERPRISE MOBILE SPECIALIST),Computer and Information Technology,Information Technology,Y,SS,ND,ND,SS,ND,ND
200216,TRIOS COLLEGE BUSINESS TECHNOLOGY HEALTHCARE INC.,101541,"TRIOS COLLEGE BUSINESS TECHNOLOGY HEALTHCARE, TORONTO",TORONTO,M4W 3R8,APPLICATIONS DEVELOPER (MOBILE SPECIALIST) + INTERNSHIP,Computer and Information Technology,Information Technology,Y,SS,SS,SS,SS,ND,ND
200216,TRIOS COLLEGE BUSINESS TECHNOLOGY HEALTHCARE INC.,101541,"TRIOS COLLEGE BUSINESS TECHNOLOGY HEALTHCARE, TORONTO",TORONTO,M4W 3R8,APPLICATIONS DEVELOPER (MOBILE SPECIALIST),Computer and Information Technology,Information Technology,Y,SS,SS,SS,SS,ND,ND
200216,TRIOS COLLEGE BUSINESS TECHNOLOGY HEALTHCARE INC.,101541,"TRIOS COLLEGE BUSINESS TECHNOLOGY HEALTHCARE, TORONTO",TORONTO,M4W 3R8,APPLICATIONS DEVELOPER (MOBILE WEB SPECIALIST) + INTERNSHIP,Computer and Information Technology,Information Technology,Y,66.7%,SS,SS,SS,ND,ND
200216,TRIOS COLLEGE BUSINESS TECHNOLOGY HEALTHCARE INC.,101541,"TRIOS COLLEGE BUSINESS TECHNOLOGY HEALTHCARE, TORONTO",TORONTO,M4W 3R8,APPLICATIONS DEVELOPER (MOBILE WEB SPECIALIST),Computer and Information Technology,Information Technology,Y,ND,SS,SS,SS,ND,ND
200216,TRIOS COLLEGE BUSINESS TECHNOLOGY HEALTHCARE INC.,101541,"TRIOS COLLEGE BUSINESS TECHNOLOGY HEALTHCARE, TORONTO",TORONTO,M4W 3R8,BUSINESS ADMINISTRATION (APPLICATION & ACCOUNTING SPECIALIST),Business,Business Administration,Y,SS,SS,SS,SS,ND,ND
200216,TRIOS COLLEGE BUSINESS TECHNOLOGY HEALTHCARE INC.,101541,"TRIOS COLLEGE BUSINESS TECHNOLOGY HEALTHCARE, TORONTO",TORONTO,M4W 3R8,BUSINESS ADMINISTRATION (HUMAN RESOURCES & APPLICATIONS SPECIALIST),Business,Business Administration,Y,SS,ND,ND,ND,ND,ND
200216,TRIOS COLLEGE BUSINESS TECHNOLOGY HEALTHCARE INC.,101541,"TRIOS COLLEGE BUSINESS TECHNOLOGY HEALTHCARE, TORONTO",TORONTO,M4W 3R8,BUSINESS ADMINISTRATION (HUMAN RESOURCES & MARKETING SPECIALIST),Business,Business Administration,Y,83.3%,0.0%,0.0%,100.0%,ND,ND
200216,TRIOS COLLEGE BUSINESS TECHNOLOGY HEALTHCARE INC.,101541,"TRIOS COLLEGE BUSINESS TECHNOLOGY HEALTHCARE, TORONTO",TORONTO,M4W 3R8,BUSINESS AND DIGITAL MARKETING SPECIALIST,Business,Marketing/Advertising,Y,57.1%,50.0%,50.0%,50.0%,ND,ND
200216,TRIOS COLLEGE BUSINESS TECHNOLOGY HEALTHCARE INC.,101541,"TRIOS COLLEGE BUSINESS TECHNOLOGY HEALTHCARE, TORONTO",TORONTO,M4W 3R8,COMMUNITY SERVICES WORKER (+INTERNSHIP),Community and Social Services,Community Services Worker,Y,57.1%,66.7%,44.4%,70.0%,100.0%,ND
200216,TRIOS COLLEGE BUSINESS TECHNOLOGY HEALTHCARE INC.,101541,"TRIOS COLLEGE BUSINESS TECHNOLOGY HEALTHCARE, TORONTO",TORONTO,M4W 3R8,DIGITAL MARKETING SPECIALIST (45 WEEKS)*,Business,Marketing/Advertising,Y,70.0%,See combined program results below,See combined program results below,See combined program results below,See combined program results below,ND
200216,TRIOS COLLEGE BUSINESS TECHNOLOGY HEALTHCARE INC.,101541,"TRIOS COLLEGE BUSINESS TECHNOLOGY HEALTHCARE, TORONTO",TORONTO,M4W 3R8,DIGITAL MARKETING SPECIALIST (48 WEEKS)*,Business,Marketing/Advertising,Y,SS,See combined program results below,See combined program results below,See combined program results below,See combined program results below,ND
200216,TRIOS COLLEGE BUSINESS TECHNOLOGY HEALTHCARE INC.,101541,"TRIOS COLLEGE BUSINESS TECHNOLOGY HEALTHCARE, TORONTO",TORONTO,M4W 3R8,DIGITAL MARKETING SPECIALIST (COMBINED 45 WEEKS AND 48 WEEKS)**,Business,Marketing/Advertising,Y,See program results above,80.0%,40.0%,60.0%,ND,See program results above
200216,TRIOS COLLEGE BUSINESS TECHNOLOGY HEALTHCARE INC.,101541,"TRIOS COLLEGE BUSINESS TECHNOLOGY HEALTHCARE, TORONTO",TORONTO,M4W 3R8,ENTERPRISE WEB & MOBILE DEVELOPER + INTERNSHIP,Computer and Information Technology,Information Technology,Y,33.3%,50.0%,25.0%,50.0%,ND,ND
200216,TRIOS COLLEGE BUSINESS TECHNOLOGY HEALTHCARE INC.,101541,"TRIOS COLLEGE BUSINESS TECHNOLOGY HEALTHCARE, TORONTO",TORONTO,M4W 3R8,HONOURS BUSINESS ADMINISTRATION (+INTERNSHIP),Business,Business Administration,Y,80.0%,60.0%,60.0%,62.5%,100.0%,ND
200216,TRIOS COLLEGE BUSINESS TECHNOLOGY HEALTHCARE INC.,101541,"TRIOS COLLEGE BUSINESS TECHNOLOGY HEALTHCARE, TORONTO",TORONTO,M4W 3R8,HONOURS BUSINESS ADMINISTRATION,Business,Business Administration,Y,ND,SS,SS,SS,ND,ND
200216,TRIOS COLLEGE BUSINESS TECHNOLOGY HEALTHCARE INC.,101541,"TRIOS COLLEGE BUSINESS TECHNOLOGY HEALTHCARE, TORONTO",TORONTO,M4W 3R8,"INFORMATION TECHNOLOGY ADMINISTRATOR (LINUX, SECURITY & DATABASE SPECIALIST) + INTERNSHIP",Computer and Information Technology,Information Technology,Y,SS,ND,ND,ND,ND,ND
200216,TRIOS COLLEGE BUSINESS TECHNOLOGY HEALTHCARE INC.,101541,"TRIOS COLLEGE BUSINESS TECHNOLOGY HEALTHCARE, TORONTO",TORONTO,M4W 3R8,"INFORMATION TECHNOLOGY ADMINISTRATOR (WINDOWS SERVER, MESSAGING & MOBILE SPECIALIST) + INTERNSHIP (58 WEEKS)*",Computer and Information Technology,Information Technology,Y,33.3%,See combined program results below,See combined program results below,See combined program results below,See combined program results below,ND
200216,TRIOS COLLEGE BUSINESS TECHNOLOGY HEALTHCARE INC.,101541,"TRIOS COLLEGE BUSINESS TECHNOLOGY HEALTHCARE, TORONTO",TORONTO,M4W 3R8,"INFORMATION TECHNOLOGY ADMINISTRATOR (WINDOWS SERVER, MESSAGING & MOBILE SPECIALIST) + INTERNSHIP (61 WEEKS)*",Computer and Information Technology,Information Technology,Y,50.0%,See combined program results below,See combined program results below,See combined program results below,See combined program results below,ND
200216,TRIOS COLLEGE BUSINESS TECHNOLOGY HEALTHCARE INC.,101541,"TRIOS COLLEGE BUSINESS TECHNOLOGY HEALTHCARE, TORONTO",TORONTO,M4W 3R8,"INFORMATION TECHNOLOGY ADMINISTRATOR (WINDOWS SERVER, MESSAGING & MOBILE SPECIALIST) + INTERNSHIP (COMBINED 58 WEEKS AND 61 WEEKS)**",Computer and Information Technology,Information Technology,Y,See program results above,ND,ND,ND,ND,See program results above
200216,TRIOS COLLEGE BUSINESS TECHNOLOGY HEALTHCARE INC.,101541,"TRIOS COLLEGE BUSINESS TECHNOLOGY HEALTHCARE, TORONTO",TORONTO,M4W 3R8,"INFORMATION TECHNOLOGY ADMINISTRATOR (WINDOWS SERVER, MESSAGING & MOBILE SPECIALIST)",Computer and Information Technology,Information Technology,Y,SS,SS,SS,SS,ND,ND
200216,TRIOS COLLEGE BUSINESS TECHNOLOGY HEALTHCARE INC.,101541,"TRIOS COLLEGE BUSINESS TECHNOLOGY HEALTHCARE, TORONTO",TORONTO,M4W 3R8,INFORMATION TECHNOLOGY PROFESSIONAL + INTERNSHIP,Computer and Information Technology,Other - Information Technology,Y,ND,SS,SS,SS,ND,ND
200216,TRIOS COLLEGE BUSINESS TECHNOLOGY HEALTHCARE INC.,101541,"TRIOS COLLEGE BUSINESS TECHNOLOGY HEALTHCARE, TORONTO",TORONTO,M4W 3R8,INFORMATION TECHNOLOGY PROFESSIONAL,Computer and Information Technology,Other - Information Technology,Y,SS,ND,ND,ND,ND,ND
200216,TRIOS COLLEGE BUSINESS TECHNOLOGY HEALTHCARE INC.,101541,"TRIOS COLLEGE BUSINESS TECHNOLOGY HEALTHCARE, TORONTO",TORONTO,M4W 3R8,LAW CLERK SPECIALIST,Law and Public Safety,Law Clerk,Y,83.3%,100.0%,100.0%,100.0%,100.0%,ND
200216,TRIOS COLLEGE BUSINESS TECHNOLOGY HEALTHCARE INC.,101541,"TRIOS COLLEGE BUSINESS TECHNOLOGY HEALTHCARE, TORONTO",TORONTO,M4W 3R8,LEGAL ASSISTANT,Law and Public Safety,Legal Office Administration,Y,ND,ND,ND,ND,ND,ND
200216,TRIOS COLLEGE BUSINESS TECHNOLOGY HEALTHCARE INC.,101541,"TRIOS COLLEGE BUSINESS TECHNOLOGY HEALTHCARE, TORONTO",TORONTO,M4W 3R8,MASSAGE THERAPY,Health Services,Massage Therapist,Y,ND,80.0%,80.0%,75.0%,ND,ND
200216,TRIOS COLLEGE BUSINESS TECHNOLOGY HEALTHCARE INC.,101541,"TRIOS COLLEGE BUSINESS TECHNOLOGY HEALTHCARE, TORONTO",TORONTO,M4W 3R8,MEDICAL OFFICE ASSISTANT (+INTERNSHIP),Health Services,Medical Office Administration/Management,Y,71.4%,87.5%,62.5%,77.8%,100.0%,ND
200216,TRIOS COLLEGE BUSINESS TECHNOLOGY HEALTHCARE INC.,101541,"TRIOS COLLEGE BUSINESS TECHNOLOGY HEALTHCARE, TORONTO",TORONTO,M4W 3R8,NETWORK ADMINISTRATOR,Computer and Information Technology,Network Administration,Y,81.3%,62.5%,25.0%,50.0%,ND,ND
200216,TRIOS COLLEGE BUSINESS TECHNOLOGY HEALTHCARE INC.,101541,"TRIOS COLLEGE BUSINESS TECHNOLOGY HEALTHCARE, TORONTO",TORONTO,M4W 3R8,NETWORK SUPPORT TECHNICIAN,Computer and Information Technology,Information Technology - Hardware Technician/Network Technician,Y,SS,ND,ND,ND,ND,ND
200216,TRIOS COLLEGE BUSINESS TECHNOLOGY HEALTHCARE INC.,101541,"TRIOS COLLEGE BUSINESS TECHNOLOGY HEALTHCARE, TORONTO",TORONTO,M4W 3R8,OFFICE ADMINISTRATOR (ACCOUNTING SPECIALIST),Business,Office Administration,Y,SS,SS,SS,SS,ND,ND
200216,TRIOS COLLEGE BUSINESS TECHNOLOGY HEALTHCARE INC.,101541,"TRIOS COLLEGE BUSINESS TECHNOLOGY HEALTHCARE, TORONTO",TORONTO,M4W 3R8,OFFICE ADMINISTRATOR (APPLICATIONS SPECIALIST),Business,Office Administration,Y,SS,ND,ND,ND,ND,ND
200216,TRIOS COLLEGE BUSINESS TECHNOLOGY HEALTHCARE INC.,101541,"TRIOS COLLEGE BUSINESS TECHNOLOGY HEALTHCARE, TORONTO",TORONTO,M4W 3R8,PARALEGAL,Law and Public Safety,Paralegal,Y,86.4%,83.3%,50.0%,55.0%,ND,ND
200216,TRIOS COLLEGE BUSINESS TECHNOLOGY HEALTHCARE INC.,101541,"TRIOS COLLEGE BUSINESS TECHNOLOGY HEALTHCARE, TORONTO",TORONTO,M4W 3R8,PC SUPPORT TECHNICIAN,Computer and Information Technology,Information Technology - Hardware Technician/Network Technician,Y,SS,ND,ND,ND,ND,ND
200216,TRIOS COLLEGE BUSINESS TECHNOLOGY HEALTHCARE INC.,101541,"TRIOS COLLEGE BUSINESS TECHNOLOGY HEALTHCARE, TORONTO",TORONTO,M4W 3R8,PERSONAL SUPPORT WORKER,Health Services,Personal Support Worker/Personal Attendant,Y,63.9%,86.0%,73.7%,82.8%,100.0%,ND
200216,TRIOS COLLEGE BUSINESS TECHNOLOGY HEALTHCARE INC.,101541,"TRIOS COLLEGE BUSINESS TECHNOLOGY HEALTHCARE, TORONTO",TORONTO,M4W 3R8,PHARMACY ASSISTANT,Health Services,Pharmacy Assistant,Y,88.9%,90.0%,80.0%,90.9%,ND,ND
200216,TRIOS COLLEGE BUSINESS TECHNOLOGY HEALTHCARE INC.,101541,"TRIOS COLLEGE BUSINESS TECHNOLOGY HEALTHCARE, TORONTO",TORONTO,M4W 3R8,PHYSIOTHERAPY ASSISTANT,Health Services,Physiotherapy/Occupational Therapy,Y,ND,ND,ND,ND,ND,ND
200216,TRIOS COLLEGE BUSINESS TECHNOLOGY HEALTHCARE INC.,101541,"TRIOS COLLEGE BUSINESS TECHNOLOGY HEALTHCARE, TORONTO",TORONTO,M4W 3R8,PHYSIOTHERAPY ASSISTANT/OCCUPATIONAL THERAPY ASSISTANT,Health Services,Physiotherapy/Occupational Therapy,Y,60.0%,85.7%,71.4%,75.0%,100.0%,ND
200216,TRIOS COLLEGE BUSINESS TECHNOLOGY HEALTHCARE INC.,101541,"TRIOS COLLEGE BUSINESS TECHNOLOGY HEALTHCARE, TORONTO",TORONTO,M4W 3R8,POLICE FOUNDATIONS,Law and Public Safety,Law Enforcement/Police Foundations,Y,75.0%,50.0%,50.0%,50.0%,ND,ND
200216,TRIOS COLLEGE BUSINESS TECHNOLOGY HEALTHCARE INC.,101541,"TRIOS COLLEGE BUSINESS TECHNOLOGY HEALTHCARE, TORONTO",TORONTO,M4W 3R8,SUPPLY CHAIN & LOGISTICS (+INTERNSHIP),Business,Supply Chain Management and Logistics,Y,79.2%,69.2%,53.8%,76.9%,100.0%,ND
200216,TRIOS COLLEGE BUSINESS TECHNOLOGY HEALTHCARE INC.,101541,"TRIOS COLLEGE BUSINESS TECHNOLOGY HEALTHCARE, TORONTO",TORONTO,M4W 3R8,SUPPLY CHAIN & LOGISTICS,Business,Supply Chain Management and Logistics,Y,83.3%,33.3%,33.3%,66.7%,ND,ND
200216,TRIOS COLLEGE BUSINESS TECHNOLOGY HEALTHCARE INC.,101541,"TRIOS COLLEGE BUSINESS TECHNOLOGY HEALTHCARE, TORONTO",TORONTO,M4W 3R8,SUPPLY CHAIN MANAGEMENT,Business,Supply Chain Management and Logistics,Y,SS,SS,SS,SS,100.0%,ND
200216,TRIOS COLLEGE BUSINESS TECHNOLOGY HEALTHCARE INC.,101541,"TRIOS COLLEGE BUSINESS TECHNOLOGY HEALTHCARE, TORONTO",TORONTO,M4W 3R8,VIDEO GAME ART (+ INTERNSHIP),Applied Arts and Science,Animations,Y,ND,SS,SS,SS,ND,ND
200216,TRIOS COLLEGE BUSINESS TECHNOLOGY HEALTHCARE INC.,101541,"TRIOS COLLEGE BUSINESS TECHNOLOGY HEALTHCARE, TORONTO",TORONTO,M4W 3R8,VIDEO GAME DESIGN AND DEVELOPMENT + INTERNSHIP,Applied Arts and Science,Game/Interactive Media Design,Y,25.0%,ND,ND,ND,ND,ND
200216,TRIOS COLLEGE BUSINESS TECHNOLOGY HEALTHCARE INC.,101541,"TRIOS COLLEGE BUSINESS TECHNOLOGY HEALTHCARE, TORONTO",TORONTO,M4W 3R8,VIDEO GAME DESIGN TECHNOLOGIES + INTERNSHIP,Applied Arts and Science,Game/Interactive Media Design,Y,SS,ND,ND,ND,ND,ND
200216,TRIOS COLLEGE BUSINESS TECHNOLOGY HEALTHCARE INC.,101541,"TRIOS COLLEGE BUSINESS TECHNOLOGY HEALTHCARE, TORONTO",TORONTO,M4W 3R8,WEB TECHNOLOGY SPECIALIST,Computer and Information Technology,Information Technology,Y,SS,SS,SS,SS,ND,ND
200216,TRIOS COLLEGE BUSINESS TECHNOLOGY HEALTHCARE INC.,101543,"TRIOS COLLEGE BUSINESS TECHNOLOGY HEALTHCARE, WINDSOR",WINDSOR,N8T 1E9,+,,,Y,70.4%,74.8%,57.3%,71.7%,50.0%,16.5%
200216,TRIOS COLLEGE BUSINESS TECHNOLOGY HEALTHCARE INC.,101543,"TRIOS COLLEGE BUSINESS TECHNOLOGY HEALTHCARE, WINDSOR",WINDSOR,N8T 1E9,ACCOUNTING & PAYROLL ADMINISTRATOR,Business,Accounting and Payroll Administration,Y,SS,ND,ND,ND,ND,ND
200216,TRIOS COLLEGE BUSINESS TECHNOLOGY HEALTHCARE INC.,101543,"TRIOS COLLEGE BUSINESS TECHNOLOGY HEALTHCARE, WINDSOR",WINDSOR,N8T 1E9,ACCOUNTING & PAYROLL SPECIALIST,Business,Accounting,Y,70.8%,100.0%,66.7%,77.8%,ND,ND
200216,TRIOS COLLEGE BUSINESS TECHNOLOGY HEALTHCARE INC.,101543,"TRIOS COLLEGE BUSINESS TECHNOLOGY HEALTHCARE, WINDSOR",WINDSOR,N8T 1E9,ADMINISTRATIVE ASSISTANT,Business,Office Administration,Y,100.0%,0.0%,0.0%,100.0%,ND,ND
200216,TRIOS COLLEGE BUSINESS TECHNOLOGY HEALTHCARE INC.,101543,"TRIOS COLLEGE BUSINESS TECHNOLOGY HEALTHCARE, WINDSOR",WINDSOR,N8T 1E9,BUSINESS ADMINISTRATION (APPLICATION & ACCOUNTING SPECIALIST),Business,Business Administration,Y,SS,SS,SS,SS,ND,ND
200216,TRIOS COLLEGE BUSINESS TECHNOLOGY HEALTHCARE INC.,101543,"TRIOS COLLEGE BUSINESS TECHNOLOGY HEALTHCARE, WINDSOR",WINDSOR,N8T 1E9,BUSINESS AND DIGITAL MARKETING SPECIALIST,Business,Marketing/Advertising,Y,80.0%,50.0%,33.3%,50.0%,ND,ND
200216,TRIOS COLLEGE BUSINESS TECHNOLOGY HEALTHCARE INC.,101543,"TRIOS COLLEGE BUSINESS TECHNOLOGY HEALTHCARE, WINDSOR",WINDSOR,N8T 1E9,COMMUNITY SERVICES WORKER (+INTERNSHIP),Community and Social Services,Community Services Worker,Y,86.7%,66.7%,33.3%,66.7%,0.0%,ND
200216,TRIOS COLLEGE BUSINESS TECHNOLOGY HEALTHCARE INC.,101543,"TRIOS COLLEGE BUSINESS TECHNOLOGY HEALTHCARE, WINDSOR",WINDSOR,N8T 1E9,COMMUNITY SERVICES WORKER,Community and Social Services,Community Services Worker,Y,SS,ND,ND,ND,ND,ND
200216,TRIOS COLLEGE BUSINESS TECHNOLOGY HEALTHCARE INC.,101543,"TRIOS COLLEGE BUSINESS TECHNOLOGY HEALTHCARE, WINDSOR",WINDSOR,N8T 1E9,DIGITAL MARKETING SPECIALIST,Business,Marketing/Advertising,Y,SS,SS,SS,SS,ND,ND
200216,TRIOS COLLEGE BUSINESS TECHNOLOGY HEALTHCARE INC.,101543,"TRIOS COLLEGE BUSINESS TECHNOLOGY HEALTHCARE, WINDSOR",WINDSOR,N8T 1E9,HONOURS BUSINESS ADMINISTRATION (+INTERNSHIP),Business,Business Administration,Y,63.6%,66.7%,33.3%,66.7%,ND,ND
200216,TRIOS COLLEGE BUSINESS TECHNOLOGY HEALTHCARE INC.,101543,"TRIOS COLLEGE BUSINESS TECHNOLOGY HEALTHCARE, WINDSOR",WINDSOR,N8T 1E9,HONOURS BUSINESS ADMINISTRATION,Business,Business Administration,Y,SS,ND,ND,ND,ND,ND
200216,TRIOS COLLEGE BUSINESS TECHNOLOGY HEALTHCARE INC.,101543,"TRIOS COLLEGE BUSINESS TECHNOLOGY HEALTHCARE, WINDSOR",WINDSOR,N8T 1E9,INSURANCE SPECIALIST,Business,Banking and Financial Services,Y,SS,ND,ND,ND,ND,ND
200216,TRIOS COLLEGE BUSINESS TECHNOLOGY HEALTHCARE INC.,101543,"TRIOS COLLEGE BUSINESS TECHNOLOGY HEALTHCARE, WINDSOR",WINDSOR,N8T 1E9,LAW CLERK SPECIALIST,Law and Public Safety,Law Clerk,Y,54.5%,20.0%,0.0%,33.3%,ND,ND
200216,TRIOS COLLEGE BUSINESS TECHNOLOGY HEALTHCARE INC.,101543,"TRIOS COLLEGE BUSINESS TECHNOLOGY HEALTHCARE, WINDSOR",WINDSOR,N8T 1E9,LEGAL ASSISTANT,Law and Public Safety,Legal Office Administration,Y,ND,ND,ND,ND,ND,ND
200216,TRIOS COLLEGE BUSINESS TECHNOLOGY HEALTHCARE INC.,101543,"TRIOS COLLEGE BUSINESS TECHNOLOGY HEALTHCARE, WINDSOR",WINDSOR,N8T 1E9,MASSAGE THERAPY,Health Services,Massage Therapist,Y,60.0%,50.0%,50.0%,66.7%,ND,ND
200216,TRIOS COLLEGE BUSINESS TECHNOLOGY HEALTHCARE INC.,101543,"TRIOS COLLEGE BUSINESS TECHNOLOGY HEALTHCARE, WINDSOR",WINDSOR,N8T 1E9,MEDICAL OFFICE ASSISTANT (+INTERNSHIP),Health Services,Medical Office Administration/Management,Y,68.4%,66.7%,50.0%,62.5%,ND,ND
200216,TRIOS COLLEGE BUSINESS TECHNOLOGY HEALTHCARE INC.,101543,"TRIOS COLLEGE BUSINESS TECHNOLOGY HEALTHCARE, WINDSOR",WINDSOR,N8T 1E9,MEDICAL OFFICE ASSISTANT,Health Services,Medical Office Administration/Management,Y,SS,ND,ND,ND,ND,ND
200216,TRIOS COLLEGE BUSINESS TECHNOLOGY HEALTHCARE INC.,101543,"TRIOS COLLEGE BUSINESS TECHNOLOGY HEALTHCARE, WINDSOR",WINDSOR,N8T 1E9,MEDICAL TRANSCRIPTIONIST,Health Services,Medical Office Administration/Management,Y,SS,ND,ND,ND,ND,ND
200216,TRIOS COLLEGE BUSINESS TECHNOLOGY HEALTHCARE INC.,101543,"TRIOS COLLEGE BUSINESS TECHNOLOGY HEALTHCARE, WINDSOR",WINDSOR,N8T 1E9,NETWORK ADMINISTRATOR,Computer and Information Technology,Network Administration,Y,66.7%,60.0%,40.0%,40.0%,ND,ND
200216,TRIOS COLLEGE BUSINESS TECHNOLOGY HEALTHCARE INC.,101543,"TRIOS COLLEGE BUSINESS TECHNOLOGY HEALTHCARE, WINDSOR",WINDSOR,N8T 1E9,OFFICE ADMINISTRATOR (ACCOUNTING SPECIALIST),Business,Office Administration,Y,SS,SS,SS,SS,ND,ND
200216,TRIOS COLLEGE BUSINESS TECHNOLOGY HEALTHCARE INC.,101543,"TRIOS COLLEGE BUSINESS TECHNOLOGY HEALTHCARE, WINDSOR",WINDSOR,N8T 1E9,OFFICE ADMINISTRATOR (APPLICATIONS SPECIALIST),Business,Office Administration,Y,SS,SS,SS,SS,ND,ND
200216,TRIOS COLLEGE BUSINESS TECHNOLOGY HEALTHCARE INC.,101543,"TRIOS COLLEGE BUSINESS TECHNOLOGY HEALTHCARE, WINDSOR",WINDSOR,N8T 1E9,PERSONAL SUPPORT WORKER,Health Services,Personal Support Worker/Personal Attendant,Y,65.8%,92.0%,84.0%,89.7%,100.0%,ND
200216,TRIOS COLLEGE BUSINESS TECHNOLOGY HEALTHCARE INC.,101543,"TRIOS COLLEGE BUSINESS TECHNOLOGY HEALTHCARE, WINDSOR",WINDSOR,N8T 1E9,PHARMACY ASSISTANT,Health Services,Pharmacy Assistant,Y,100.0%,83.3%,83.3%,100.0%,ND,ND
200216,TRIOS COLLEGE BUSINESS TECHNOLOGY HEALTHCARE INC.,101543,"TRIOS COLLEGE BUSINESS TECHNOLOGY HEALTHCARE, WINDSOR",WINDSOR,N8T 1E9,PHYSIOTHERAPY ASSISTANT,Health Services,Physiotherapy/Occupational Therapy,Y,62.5%,83.3%,66.7%,33.3%,ND,ND
200216,TRIOS COLLEGE BUSINESS TECHNOLOGY HEALTHCARE INC.,101543,"TRIOS COLLEGE BUSINESS TECHNOLOGY HEALTHCARE, WINDSOR",WINDSOR,N8T 1E9,POLICE FOUNDATIONS,Law and Public Safety,Law Enforcement/Police Foundations,Y,100.0%,100.0%,66.7%,100.0%,ND,ND
200216,TRIOS COLLEGE BUSINESS TECHNOLOGY HEALTHCARE INC.,101543,"TRIOS COLLEGE BUSINESS TECHNOLOGY HEALTHCARE, WINDSOR",WINDSOR,N8T 1E9,SUPPLY CHAIN & LOGISTICS (+INTERNSHIP),Business,Supply Chain Management and Logistics,Y,64.7%,80.0%,40.0%,60.0%,ND,ND
200216,TRIOS COLLEGE BUSINESS TECHNOLOGY HEALTHCARE INC.,101543,"TRIOS COLLEGE BUSINESS TECHNOLOGY HEALTHCARE, WINDSOR",WINDSOR,N8T 1E9,SUPPLY CHAIN & LOGISTICS,Business,Supply Chain Management and Logistics,Y,100.0%,100.0%,100.0%,100.0%,ND,ND
200216,TRIOS COLLEGE BUSINESS TECHNOLOGY HEALTHCARE INC.,102146,"TRIOS COLLEGE BUSINESS TECHNOLOGY HEALTHCARE, HAMILTON",HAMILTON,L8N 3Z1,+,,,Y,74.6%,78.1%,66.7%,73.0%,100.0%,12.1%
200216,TRIOS COLLEGE BUSINESS TECHNOLOGY HEALTHCARE INC.,102146,"TRIOS COLLEGE BUSINESS TECHNOLOGY HEALTHCARE, HAMILTON",HAMILTON,L8N 3Z1,ACCOUNTING & PAYROLL ADMINISTRATOR,Business,Accounting and Payroll Administration,Y,SS,ND,ND,ND,ND,ND
200216,TRIOS COLLEGE BUSINESS TECHNOLOGY HEALTHCARE INC.,102146,"TRIOS COLLEGE BUSINESS TECHNOLOGY HEALTHCARE, HAMILTON",HAMILTON,L8N 3Z1,ACCOUNTING & PAYROLL SPECIALIST,Business,Accounting,Y,90.5%,100.0%,100.0%,100.0%,ND,ND
200216,TRIOS COLLEGE BUSINESS TECHNOLOGY HEALTHCARE INC.,102146,"TRIOS COLLEGE BUSINESS TECHNOLOGY HEALTHCARE, HAMILTON",HAMILTON,L8N 3Z1,ADMINISTRATIVE ASSISTANT,Business,Office Administration,Y,100.0%,80.0%,60.0%,80.0%,ND,ND
200216,TRIOS COLLEGE BUSINESS TECHNOLOGY HEALTHCARE INC.,102146,"TRIOS COLLEGE BUSINESS TECHNOLOGY HEALTHCARE, HAMILTON",HAMILTON,L8N 3Z1,BUSINESS ADMINISTRATION (APPLICATIONS & ACCOUNTING SPECIALIST),Business,Business Administration,Y,64.7%,100.0%,75.0%,60.0%,ND,ND
200216,TRIOS COLLEGE BUSINESS TECHNOLOGY HEALTHCARE INC.,102146,"TRIOS COLLEGE BUSINESS TECHNOLOGY HEALTHCARE, HAMILTON",HAMILTON,L8N 3Z1,BUSINESS AND DIGITAL MARKETING SPECIALIST,Business,Marketing/Advertising,Y,SS,SS,SS,SS,ND,ND
200216,TRIOS COLLEGE BUSINESS TECHNOLOGY HEALTHCARE INC.,102146,"TRIOS COLLEGE BUSINESS TECHNOLOGY HEALTHCARE, HAMILTON",HAMILTON,L8N 3Z1,COMMUNITY SERVICES WORKER (+INTERNSHIP),Community and Social Services,Community Services Worker,Y,66.7%,85.7%,85.7%,85.7%,ND,ND
200216,TRIOS COLLEGE BUSINESS TECHNOLOGY HEALTHCARE INC.,102146,"TRIOS COLLEGE BUSINESS TECHNOLOGY HEALTHCARE, HAMILTON",HAMILTON,L8N 3Z1,COMMUNITY SERVICES WORKER,Community and Social Services,Community Services Worker,Y,SS,ND,ND,ND,ND,ND
200216,TRIOS COLLEGE BUSINESS TECHNOLOGY HEALTHCARE INC.,102146,"TRIOS COLLEGE BUSINESS TECHNOLOGY HEALTHCARE, HAMILTON",HAMILTON,L8N 3Z1,DIGITAL MARKETING SPECIALIST,Business,Marketing/Advertising,Y,ND,SS,SS,SS,ND,ND
200216,TRIOS COLLEGE BUSINESS TECHNOLOGY HEALTHCARE INC.,102146,"TRIOS COLLEGE BUSINESS TECHNOLOGY HEALTHCARE, HAMILTON",HAMILTON,L8N 3Z1,"INFORMATION TECHNOLOGY ADMINISTRATOR (WINDOWS SERVER, MESSAGING & MOBILE SPECIALIST) + INTERNSHIP (58 WEEKS)*",Computer and Information Technology,Information Technology,Y,81.8%,See combined program results below,See combined program results below,See combined program results below,See combined program results below,ND
200216,TRIOS COLLEGE BUSINESS TECHNOLOGY HEALTHCARE INC.,102146,"TRIOS COLLEGE BUSINESS TECHNOLOGY HEALTHCARE, HAMILTON",HAMILTON,L8N 3Z1,"INFORMATION TECHNOLOGY ADMINISTRATOR (WINDOWS SERVER, MESSAGING & MOBILE SPECIALIST) + INTERNSHIP (61 WEEKS)*",Computer and Information Technology,Information Technology,Y,SS,See combined program results below,See combined program results below,See combined program results below,See combined program results below,ND
200216,TRIOS COLLEGE BUSINESS TECHNOLOGY HEALTHCARE INC.,102146,"TRIOS COLLEGE BUSINESS TECHNOLOGY HEALTHCARE, HAMILTON",HAMILTON,L8N 3Z1,"INFORMATION TECHNOLOGY ADMINISTRATOR (WINDOWS SERVER, MESSAGING & MOBILE SPECIALIST) + INTERNSHIP (COMBINED 58 WEEKS AND 61 WEEKS)**",Computer and Information Technology,Information Technology,Y,See program results above,ND,ND,ND,ND,See program results above
200216,TRIOS COLLEGE BUSINESS TECHNOLOGY HEALTHCARE INC.,102146,"TRIOS COLLEGE BUSINESS TECHNOLOGY HEALTHCARE, HAMILTON",HAMILTON,L8N 3Z1,"INFORMATION TECHNOLOGY ADMINISTRATOR (WINDOWS SERVER, MESSAGING & MOBILE SPECIALIST)",Computer and Information Technology,Information Technology,Y,SS,SS,SS,40.0%,ND,ND
200216,TRIOS COLLEGE BUSINESS TECHNOLOGY HEALTHCARE INC.,102146,"TRIOS COLLEGE BUSINESS TECHNOLOGY HEALTHCARE, HAMILTON",HAMILTON,L8N 3Z1,LAW CLERK SPECIALIST,Law and Public Safety,Law Clerk,Y,58.8%,100.0%,100.0%,66.7%,ND,ND
200216,TRIOS COLLEGE BUSINESS TECHNOLOGY HEALTHCARE INC.,102146,"TRIOS COLLEGE BUSINESS TECHNOLOGY HEALTHCARE, HAMILTON",HAMILTON,L8N 3Z1,LEGAL ASSISTANT,Law and Public Safety,Legal Office Administration,Y,ND,SS,SS,SS,ND,ND
200216,TRIOS COLLEGE BUSINESS TECHNOLOGY HEALTHCARE INC.,102146,"TRIOS COLLEGE BUSINESS TECHNOLOGY HEALTHCARE, HAMILTON",HAMILTON,L8N 3Z1,MASSAGE THERAPY,Health Services,Massage Therapist,Y,60.0%,50.0%,25.0%,66.7%,ND,ND
200216,TRIOS COLLEGE BUSINESS TECHNOLOGY HEALTHCARE INC.,102146,"TRIOS COLLEGE BUSINESS TECHNOLOGY HEALTHCARE, HAMILTON",HAMILTON,L8N 3Z1,MEDICAL OFFICE ASSISTANT (+INTERNSHIP),Health Services,Medical Office Administration/Management,Y,80.4%,79.2%,70.8%,80.0%,100.0%,ND
200216,TRIOS COLLEGE BUSINESS TECHNOLOGY HEALTHCARE INC.,102146,"TRIOS COLLEGE BUSINESS TECHNOLOGY HEALTHCARE, HAMILTON",HAMILTON,L8N 3Z1,MEDICAL OFFICE ASSISTANT,Health Services,Medical Office Administration/Management,Y,SS,ND,ND,ND,ND,ND
200216,TRIOS COLLEGE BUSINESS TECHNOLOGY HEALTHCARE INC.,102146,"TRIOS COLLEGE BUSINESS TECHNOLOGY HEALTHCARE, HAMILTON",HAMILTON,L8N 3Z1,MEDICAL TRANSCRIPTIONIST,Health Services,Medical Office Administration/Management,Y,SS,ND,ND,ND,ND,ND
200216,TRIOS COLLEGE BUSINESS TECHNOLOGY HEALTHCARE INC.,102146,"TRIOS COLLEGE BUSINESS TECHNOLOGY HEALTHCARE, HAMILTON",HAMILTON,L8N 3Z1,NETWORK ADMINISTRATOR,Computer and Information Technology,Network Administration,Y,SS,66.7%,50.0%,50.0%,100.0%,ND
200216,TRIOS COLLEGE BUSINESS TECHNOLOGY HEALTHCARE INC.,102146,"TRIOS COLLEGE BUSINESS TECHNOLOGY HEALTHCARE, HAMILTON",HAMILTON,L8N 3Z1,OFFICE ADMINISTRATOR (ACCOUNTING SPECIALIST),Business,Office Administration,Y,ND,SS,SS,SS,ND,ND
200216,TRIOS COLLEGE BUSINESS TECHNOLOGY HEALTHCARE INC.,102146,"TRIOS COLLEGE BUSINESS TECHNOLOGY HEALTHCARE, HAMILTON",HAMILTON,L8N 3Z1,OFFICE ADMINISTRATOR (APPLICATIONS SPECIALIST),Business,Office Administration,Y,SS,ND,ND,ND,ND,ND
200216,TRIOS COLLEGE BUSINESS TECHNOLOGY HEALTHCARE INC.,102146,"TRIOS COLLEGE BUSINESS TECHNOLOGY HEALTHCARE, HAMILTON",HAMILTON,L8N 3Z1,PARALEGAL,Law and Public Safety,Paralegal,Y,72.2%,71.4%,42.9%,42.9%,ND,ND
200216,TRIOS COLLEGE BUSINESS TECHNOLOGY HEALTHCARE INC.,102146,"TRIOS COLLEGE BUSINESS TECHNOLOGY HEALTHCARE, HAMILTON",HAMILTON,L8N 3Z1,PERSONAL SUPPORT WORKER,Health Services,Personal Support Worker/Personal Attendant,Y,71.2%,87.0%,78.3%,91.3%,100.0%,ND
200216,TRIOS COLLEGE BUSINESS TECHNOLOGY HEALTHCARE INC.,102146,"TRIOS COLLEGE BUSINESS TECHNOLOGY HEALTHCARE, HAMILTON",HAMILTON,L8N 3Z1,PHARMACY ASSISTANT,Health Services,Pharmacy Assistant,Y,78.9%,33.3%,33.3%,66.7%,ND,ND
200216,TRIOS COLLEGE BUSINESS TECHNOLOGY HEALTHCARE INC.,102146,"TRIOS COLLEGE BUSINESS TECHNOLOGY HEALTHCARE, HAMILTON",HAMILTON,L8N 3Z1,SUPPLY CHAIN & LOGISTICS (+INTERNSHIP),Business,Supply Chain Management and Logistics,Y,79.4%,66.7%,55.6%,44.4%,ND,ND
200216,TRIOS COLLEGE BUSINESS TECHNOLOGY HEALTHCARE INC.,102146,"TRIOS COLLEGE BUSINESS TECHNOLOGY HEALTHCARE, HAMILTON",HAMILTON,L8N 3Z1,SUPPLY CHAIN & LOGISTICS,Business,Supply Chain Management and Logistics,Y,SS,ND,ND,ND,ND,ND
200216,TRIOS COLLEGE BUSINESS TECHNOLOGY HEALTHCARE INC.,102146,"TRIOS COLLEGE BUSINESS TECHNOLOGY HEALTHCARE, HAMILTON",HAMILTON,L8N 3Z1,VIDEO GAME DESIGN AND DEVELOPMENT + INTERNSHIP,Applied Arts and Science,Game/Interactive Media Design,Y,58.3%,ND,ND,ND,ND,ND
200216,TRIOS COLLEGE BUSINESS TECHNOLOGY HEALTHCARE INC.,102147,"TRIOS COLLEGE BUSINESS TECHNOLOGY HEALTHCARE, KITCHENER CAMPUS",KITCHENER,N2G 0N5,+,,,Y,76.5%,81.0%,62.7%,66.5%,100.0%,9.8%
200216,TRIOS COLLEGE BUSINESS TECHNOLOGY HEALTHCARE INC.,102147,"TRIOS COLLEGE BUSINESS TECHNOLOGY HEALTHCARE, KITCHENER CAMPUS",KITCHENER,N2G 0N5,ACCOUNTING & PAYROLL ADMINISTRATOR,Business,Accounting and Payroll Administration,Y,SS,SS,SS,SS,ND,ND
200216,TRIOS COLLEGE BUSINESS TECHNOLOGY HEALTHCARE INC.,102147,"TRIOS COLLEGE BUSINESS TECHNOLOGY HEALTHCARE, KITCHENER CAMPUS",KITCHENER,N2G 0N5,ACCOUNTING & PAYROLL SPECIALIST,Business,Accounting,Y,85.7%,87.5%,75.0%,87.5%,ND,ND
200216,TRIOS COLLEGE BUSINESS TECHNOLOGY HEALTHCARE INC.,102147,"TRIOS COLLEGE BUSINESS TECHNOLOGY HEALTHCARE, KITCHENER CAMPUS",KITCHENER,N2G 0N5,ADMINISTRATIVE ASSISTANT,Business,Office Administration,Y,83.3%,0.0%,0.0%,100.0%,ND,ND
200216,TRIOS COLLEGE BUSINESS TECHNOLOGY HEALTHCARE INC.,102147,"TRIOS COLLEGE BUSINESS TECHNOLOGY HEALTHCARE, KITCHENER CAMPUS",KITCHENER,N2G 0N5,BUSINESS ADMINISTRATION (APPLICATIONS & ACCOUNTING SPECIALIST),Business,Business Administration,Y,SS,SS,SS,SS,ND,ND
200216,TRIOS COLLEGE BUSINESS TECHNOLOGY HEALTHCARE INC.,102147,"TRIOS COLLEGE BUSINESS TECHNOLOGY HEALTHCARE, KITCHENER CAMPUS",KITCHENER,N2G 0N5,BUSINESS ADMINISTRATION (HUMAN RESOURCES & APPLICATIONS SPECIALIST),Business,Business Administration,Y,SS,SS,SS,SS,ND,ND
200216,TRIOS COLLEGE BUSINESS TECHNOLOGY HEALTHCARE INC.,102147,"TRIOS COLLEGE BUSINESS TECHNOLOGY HEALTHCARE, KITCHENER CAMPUS",KITCHENER,N2G 0N5,BUSINESS ADMINISTRATION (HUMAN RESOURCES & MARKETING SPECIALIST),Business,Business Administration,Y,60.0%,SS,SS,SS,ND,ND
200216,TRIOS COLLEGE BUSINESS TECHNOLOGY HEALTHCARE INC.,102147,"TRIOS COLLEGE BUSINESS TECHNOLOGY HEALTHCARE, KITCHENER CAMPUS",KITCHENER,N2G 0N5,BUSINESS AND DIGITAL MARKETING SPECIALIST,Business,Marketing/Advertising,Y,75.0%,100.0%,0.0%,100.0%,ND,ND
200216,TRIOS COLLEGE BUSINESS TECHNOLOGY HEALTHCARE INC.,102147,"TRIOS COLLEGE BUSINESS TECHNOLOGY HEALTHCARE, KITCHENER CAMPUS",KITCHENER,N2G 0N5,COMMUNITY SERVICES WORKER (+INTERNSHIP),Community and Social Services,Community Services Worker,Y,71.4%,83.3%,66.7%,50.0%,100.0%,ND
200216,TRIOS COLLEGE BUSINESS TECHNOLOGY HEALTHCARE INC.,102147,"TRIOS COLLEGE BUSINESS TECHNOLOGY HEALTHCARE, KITCHENER CAMPUS",KITCHENER,N2G 0N5,COMMUNITY SERVICES WORKER,Community and Social Services,Community Services Worker,Y,ND,ND,ND,ND,ND,ND
200216,TRIOS COLLEGE BUSINESS TECHNOLOGY HEALTHCARE INC.,102147,"TRIOS COLLEGE BUSINESS TECHNOLOGY HEALTHCARE, KITCHENER CAMPUS",KITCHENER,N2G 0N5,DIGITAL MARKETING SPECIALIST,Business,Marketing/Advertising,Y,ND,ND,ND,ND,ND,ND
200216,TRIOS COLLEGE BUSINESS TECHNOLOGY HEALTHCARE INC.,102147,"TRIOS COLLEGE BUSINESS TECHNOLOGY HEALTHCARE, KITCHENER CAMPUS",KITCHENER,N2G 0N5,ENTERPRISE WEB & MOBILE DEVELOPER + INTERNSHIP,Computer and Information Technology,Information Technology,Y,ND,SS,SS,SS,ND,ND
200216,TRIOS COLLEGE BUSINESS TECHNOLOGY HEALTHCARE INC.,102147,"TRIOS COLLEGE BUSINESS TECHNOLOGY HEALTHCARE, KITCHENER CAMPUS",KITCHENER,N2G 0N5,HONOURS BUSINESS ADMINISTRATION (+INTERNSHIP),Business,Business Administration,Y,88.9%,40.0%,20.0%,33.3%,ND,ND
200216,TRIOS COLLEGE BUSINESS TECHNOLOGY HEALTHCARE INC.,102147,"TRIOS COLLEGE BUSINESS TECHNOLOGY HEALTHCARE, KITCHENER CAMPUS",KITCHENER,N2G 0N5,HONOURS BUSINESS ADMINISTRATION,Business,Business Administration,Y,ND,ND,ND,ND,ND,ND
200216,TRIOS COLLEGE BUSINESS TECHNOLOGY HEALTHCARE INC.,102147,"TRIOS COLLEGE BUSINESS TECHNOLOGY HEALTHCARE, KITCHENER CAMPUS",KITCHENER,N2G 0N5,INFORMATION TECHNOLOGY ADMINISTRATOR (DATABASE AND WINDOWS SERVER SPECIALIST) + INTERNSHIP,Computer and Information Technology,Information Technology,Y,SS,ND,ND,ND,ND,ND
200216,TRIOS COLLEGE BUSINESS TECHNOLOGY HEALTHCARE INC.,102147,"TRIOS COLLEGE BUSINESS TECHNOLOGY HEALTHCARE, KITCHENER CAMPUS",KITCHENER,N2G 0N5,"INFORMATION TECHNOLOGY ADMINISTRATOR (LINUX, SECURITY & DATABASE SPECIALIST) + INTERNSHIP",Computer and Information Technology,Information Technology,Y,SS,ND,ND,ND,ND,ND
200216,TRIOS COLLEGE BUSINESS TECHNOLOGY HEALTHCARE INC.,102147,"TRIOS COLLEGE BUSINESS TECHNOLOGY HEALTHCARE, KITCHENER CAMPUS",KITCHENER,N2G 0N5,"INFORMATION TECHNOLOGY ADMINISTRATOR (LINUX, SECURITY & DATABASE SPECIALIST)",Computer and Information Technology,Information Technology,Y,ND,SS,SS,SS,ND,ND
200216,TRIOS COLLEGE BUSINESS TECHNOLOGY HEALTHCARE INC.,102147,"TRIOS COLLEGE BUSINESS TECHNOLOGY HEALTHCARE, KITCHENER CAMPUS",KITCHENER,N2G 0N5,"INFORMATION TECHNOLOGY ADMINISTRATOR (MESSAGING, MOBILE, LINUX & SECURITY SPECIALIST)",Computer and Information Technology,Information Technology,Y,ND,SS,SS,SS,ND,ND
200216,TRIOS COLLEGE BUSINESS TECHNOLOGY HEALTHCARE INC.,102147,"TRIOS COLLEGE BUSINESS TECHNOLOGY HEALTHCARE, KITCHENER CAMPUS",KITCHENER,N2G 0N5,"INFORMATION TECHNOLOGY ADMINISTRATOR (WINDOWS SERVER, MESSAGING & MOBILE SPECIALIST) + INTERNSHIP",Computer and Information Technology,Information Technology,Y,SS,ND,ND,ND,ND,ND
200216,TRIOS COLLEGE BUSINESS TECHNOLOGY HEALTHCARE INC.,102147,"TRIOS COLLEGE BUSINESS TECHNOLOGY HEALTHCARE, KITCHENER CAMPUS",KITCHENER,N2G 0N5,INFORMATION TECHNOLOGY PROFESSIONAL + INTERNSHIP (90 WEEKS)*,Computer and Information Technology,Other - Information Technology,Y,44.4%,See combined program results below,See combined program results below,See combined program results below,See combined program results below,ND
200216,TRIOS COLLEGE BUSINESS TECHNOLOGY HEALTHCARE INC.,102147,"TRIOS COLLEGE BUSINESS TECHNOLOGY HEALTHCARE, KITCHENER CAMPUS",KITCHENER,N2G 0N5,INFORMATION TECHNOLOGY PROFESSIONAL + INTERNSHIP (95 WEEKS)*,Computer and Information Technology,Other - Information Technology,Y,SS,See combined program results below,See combined program results below,See combined program results below,See combined program results below,ND
200216,TRIOS COLLEGE BUSINESS TECHNOLOGY HEALTHCARE INC.,102147,"TRIOS COLLEGE BUSINESS TECHNOLOGY HEALTHCARE, KITCHENER CAMPUS",KITCHENER,N2G 0N5,INFORMATION TECHNOLOGY PROFESSIONAL + INTERNSHIP (COMBINED 90 WEEKS AND 95 WEEKS)**,Computer and Information Technology,Other - Information Technology,Y,See program results above,75.0%,62.5%,50.0%,ND,See program results above
200216,TRIOS COLLEGE BUSINESS TECHNOLOGY HEALTHCARE INC.,102147,"TRIOS COLLEGE BUSINESS TECHNOLOGY HEALTHCARE, KITCHENER CAMPUS",KITCHENER,N2G 0N5,INFORMATION TECHNOLOGY PROFESSIONAL,Computer and Information Technology,Other - Information Technology,Y,SS,ND,ND,ND,ND,ND
200216,TRIOS COLLEGE BUSINESS TECHNOLOGY HEALTHCARE INC.,102147,"TRIOS COLLEGE BUSINESS TECHNOLOGY HEALTHCARE, KITCHENER CAMPUS",KITCHENER,N2G 0N5,LAW CLERK SPECIALIST,Law and Public Safety,Law Clerk,Y,81.8%,66.7%,33.3%,33.3%,ND,ND
200216,TRIOS COLLEGE BUSINESS TECHNOLOGY HEALTHCARE INC.,102147,"TRIOS COLLEGE BUSINESS TECHNOLOGY HEALTHCARE, KITCHENER CAMPUS",KITCHENER,N2G 0N5,LEGAL ASSISTANT,Law and Public Safety,Legal Office Administration,Y,SS,ND,ND,SS,ND,ND
200216,TRIOS COLLEGE BUSINESS TECHNOLOGY HEALTHCARE INC.,102147,"TRIOS COLLEGE BUSINESS TECHNOLOGY HEALTHCARE, KITCHENER CAMPUS",KITCHENER,N2G 0N5,MASSAGE THERAPY,Health Services,Massage Therapist,Y,ND,92.3%,69.2%,42.9%,ND,ND
200216,TRIOS COLLEGE BUSINESS TECHNOLOGY HEALTHCARE INC.,102147,"TRIOS COLLEGE BUSINESS TECHNOLOGY HEALTHCARE, KITCHENER CAMPUS",KITCHENER,N2G 0N5,MEDICAL OFFICE ASSISTANT (+INTERNSHIP),Health Services,Medical Office Administration/Management,Y,82.8%,71.4%,57.1%,70.8%,100.0%,ND
200216,TRIOS COLLEGE BUSINESS TECHNOLOGY HEALTHCARE INC.,102147,"TRIOS COLLEGE BUSINESS TECHNOLOGY HEALTHCARE, KITCHENER CAMPUS",KITCHENER,N2G 0N5,MEDICAL OFFICE ASSISTANT,Health Services,Medical Office Administration/Management,Y,SS,ND,ND,ND,ND,ND
200216,TRIOS COLLEGE BUSINESS TECHNOLOGY HEALTHCARE INC.,102147,"TRIOS COLLEGE BUSINESS TECHNOLOGY HEALTHCARE, KITCHENER CAMPUS",KITCHENER,N2G 0N5,MEDICAL TRANSCRIPTIONIST,Health Services,Medical Office Administration/Management,Y,SS,ND,ND,ND,ND,ND
200216,TRIOS COLLEGE BUSINESS TECHNOLOGY HEALTHCARE INC.,102147,"TRIOS COLLEGE BUSINESS TECHNOLOGY HEALTHCARE, KITCHENER CAMPUS",KITCHENER,N2G 0N5,NETWORK ADMINISTRATOR,Computer and Information Technology,Network Administration,Y,81.8%,33.3%,33.3%,33.3%,ND,ND
200216,TRIOS COLLEGE BUSINESS TECHNOLOGY HEALTHCARE INC.,102147,"TRIOS COLLEGE BUSINESS TECHNOLOGY HEALTHCARE, KITCHENER CAMPUS",KITCHENER,N2G 0N5,NETWORK SUPPORT TECHNICIAN,Computer and Information Technology,Information Technology - Hardware Technician/Network Technician,Y,SS,ND,ND,SS,ND,ND
200216,TRIOS COLLEGE BUSINESS TECHNOLOGY HEALTHCARE INC.,102147,"TRIOS COLLEGE BUSINESS TECHNOLOGY HEALTHCARE, KITCHENER CAMPUS",KITCHENER,N2G 0N5,OFFICE ADMINISTRATOR (ACCOUNTING SPECIALIST),Business,Office Administration,Y,ND,ND,ND,ND,ND,ND
200216,TRIOS COLLEGE BUSINESS TECHNOLOGY HEALTHCARE INC.,102147,"TRIOS COLLEGE BUSINESS TECHNOLOGY HEALTHCARE, KITCHENER CAMPUS",KITCHENER,N2G 0N5,PARALEGAL,Law and Public Safety,Paralegal,Y,80.0%,85.7%,28.6%,25.0%,ND,ND
200216,TRIOS COLLEGE BUSINESS TECHNOLOGY HEALTHCARE INC.,102147,"TRIOS COLLEGE BUSINESS TECHNOLOGY HEALTHCARE, KITCHENER CAMPUS",KITCHENER,N2G 0N5,PERSONAL SUPPORT WORKER,Health Services,Personal Support Worker/Personal Attendant,Y,76.1%,97.5%,82.5%,92.9%,100.0%,ND
200216,TRIOS COLLEGE BUSINESS TECHNOLOGY HEALTHCARE INC.,102147,"TRIOS COLLEGE BUSINESS TECHNOLOGY HEALTHCARE, KITCHENER CAMPUS",KITCHENER,N2G 0N5,PHARMACY ASSISTANT,Health Services,Pharmacy Assistant,Y,87.5%,77.8%,66.7%,90.0%,ND,ND
200216,TRIOS COLLEGE BUSINESS TECHNOLOGY HEALTHCARE INC.,102147,"TRIOS COLLEGE BUSINESS TECHNOLOGY HEALTHCARE, KITCHENER CAMPUS",KITCHENER,N2G 0N5,POLICE FOUNDATIONS,Law and Public Safety,Law Enforcement/Police Foundations,Y,78.9%,80.0%,40.0%,83.3%,ND,ND
200216,TRIOS COLLEGE BUSINESS TECHNOLOGY HEALTHCARE INC.,102147,"TRIOS COLLEGE BUSINESS TECHNOLOGY HEALTHCARE, KITCHENER CAMPUS",KITCHENER,N2G 0N5,SUPPLY CHAIN & LOGISTICS (+INTERNSHIP),Business,Supply Chain Management and Logistics,Y,63.2%,60.0%,50.0%,41.7%,ND,ND
200216,TRIOS COLLEGE BUSINESS TECHNOLOGY HEALTHCARE INC.,102147,"TRIOS COLLEGE BUSINESS TECHNOLOGY HEALTHCARE, KITCHENER CAMPUS",KITCHENER,N2G 0N5,SUPPLY CHAIN & LOGISTICS,Business,Supply Chain Management and Logistics,Y,ND,ND,ND,ND,ND,ND
200216,TRIOS COLLEGE BUSINESS TECHNOLOGY HEALTHCARE INC.,102147,"TRIOS COLLEGE BUSINESS TECHNOLOGY HEALTHCARE, KITCHENER CAMPUS",KITCHENER,N2G 0N5,VIDEO GAME DESIGN AND DEVELOPMENT + INTERNSHIP,Applied Arts and Science,Game/Interactive Media Design,Y,45.5%,ND,ND,ND,ND,ND
200216,TRIOS COLLEGE BUSINESS TECHNOLOGY HEALTHCARE INC.,102147,"TRIOS COLLEGE BUSINESS TECHNOLOGY HEALTHCARE, KITCHENER CAMPUS",KITCHENER,N2G 0N5,VIDEO GAME DEVELOPMENT (+INTERNSHIP),Applied Arts and Science,Animations,Y,ND,ND,ND,ND,ND,ND
200216,TRIOS COLLEGE BUSINESS TECHNOLOGY HEALTHCARE INC.,102148,"TRIOS COLLEGE BUSINESS TECHNOLOGY HEALTHCARE, LONDON",LONDON,N5V 3C6,+,,,Y,73.1%,83.5%,70.5%,79.9%,90.9%,8.0%
200216,TRIOS COLLEGE BUSINESS TECHNOLOGY HEALTHCARE INC.,102148,"TRIOS COLLEGE BUSINESS TECHNOLOGY HEALTHCARE, LONDON",LONDON,N5V 3C6,ACCOUNTING & PAYROLL ADMINISTRATOR,Business,Accounting and Payroll Administration,Y,SS,SS,SS,SS,ND,ND
200216,TRIOS COLLEGE BUSINESS TECHNOLOGY HEALTHCARE INC.,102148,"TRIOS COLLEGE BUSINESS TECHNOLOGY HEALTHCARE, LONDON",LONDON,N5V 3C6,ACCOUNTING & PAYROLL SPECIALIST,Business,Accounting,Y,70.6%,90.0%,70.0%,81.8%,ND,ND
200216,TRIOS COLLEGE BUSINESS TECHNOLOGY HEALTHCARE INC.,102148,"TRIOS COLLEGE BUSINESS TECHNOLOGY HEALTHCARE, LONDON",LONDON,N5V 3C6,ADDICTION WORKER (47 WEEKS)*,Community and Social Services,Community Services Worker,Y,50.0%,See combined program results below,See combined program results below,See combined program results below,See combined program results below,ND
200216,TRIOS COLLEGE BUSINESS TECHNOLOGY HEALTHCARE INC.,102148,"TRIOS COLLEGE BUSINESS TECHNOLOGY HEALTHCARE, LONDON",LONDON,N5V 3C6,ADDICTION WORKER (49 WEEKS)*,Community and Social Services,Community Services Worker,Y,80.0%,See combined program results below,See combined program results below,See combined program results below,See combined program results below,ND
200216,TRIOS COLLEGE BUSINESS TECHNOLOGY HEALTHCARE INC.,102148,"TRIOS COLLEGE BUSINESS TECHNOLOGY HEALTHCARE, LONDON",LONDON,N5V 3C6,ADDICTION WORKER (COMBINED 47 WEEKS AND 49 WEEKS)**,Community and Social Services,Community Services Worker,Y,See program results above,81.8%,63.6%,90.9%,100.0%,See program results above
200216,TRIOS COLLEGE BUSINESS TECHNOLOGY HEALTHCARE INC.,102148,"TRIOS COLLEGE BUSINESS TECHNOLOGY HEALTHCARE, LONDON",LONDON,N5V 3C6,ADMINISTRATIVE ASSISTANT,Business,Office Administration,Y,80.0%,ND,ND,ND,ND,ND
200216,TRIOS COLLEGE BUSINESS TECHNOLOGY HEALTHCARE INC.,102148,"TRIOS COLLEGE BUSINESS TECHNOLOGY HEALTHCARE, LONDON",LONDON,N5V 3C6,APPLICATIONS DEVELOPER (ENTERPRISE MOBILE SPECIALIST) + INTERNSHIP,Computer and Information Technology,Information Technology,Y,SS,SS,SS,SS,ND,ND
200216,TRIOS COLLEGE BUSINESS TECHNOLOGY HEALTHCARE INC.,102148,"TRIOS COLLEGE BUSINESS TECHNOLOGY HEALTHCARE, LONDON",LONDON,N5V 3C6,APPLICATIONS DEVELOPER (ENTERPRISE WEB SPECIALIST) + INTERNSHIP,Computer and Information Technology,Web Applications and Development,Y,SS,ND,ND,ND,ND,ND
200216,TRIOS COLLEGE BUSINESS TECHNOLOGY HEALTHCARE INC.,102148,"TRIOS COLLEGE BUSINESS TECHNOLOGY HEALTHCARE, LONDON",LONDON,N5V 3C6,APPLICATIONS DEVELOPER (MOBILE SPECIALIST) + INTERNSHIP,Computer and Information Technology,Information Technology,Y,SS,ND,ND,ND,ND,ND
200216,TRIOS COLLEGE BUSINESS TECHNOLOGY HEALTHCARE INC.,102148,"TRIOS COLLEGE BUSINESS TECHNOLOGY HEALTHCARE, LONDON",LONDON,N5V 3C6,APPLICATIONS DEVELOPER (MOBILE SPECIALIST),Computer and Information Technology,Information Technology,Y,ND,SS,SS,SS,ND,ND
200216,TRIOS COLLEGE BUSINESS TECHNOLOGY HEALTHCARE INC.,102148,"TRIOS COLLEGE BUSINESS TECHNOLOGY HEALTHCARE, LONDON",LONDON,N5V 3C6,BUSINESS ADMINISTRATION (APPLICATIONS & ACCOUNTING SPECIALIST),Business,Business Administration,Y,SS,SS,SS,SS,ND,ND
200216,TRIOS COLLEGE BUSINESS TECHNOLOGY HEALTHCARE INC.,102148,"TRIOS COLLEGE BUSINESS TECHNOLOGY HEALTHCARE, LONDON",LONDON,N5V 3C6,BUSINESS ADMINISTRATION (HUMAN RESOURCES & APPLICATIONS SPECIALIST),Business,Business Administration,Y,SS,ND,ND,ND,ND,ND
200216,TRIOS COLLEGE BUSINESS TECHNOLOGY HEALTHCARE INC.,102148,"TRIOS COLLEGE BUSINESS TECHNOLOGY HEALTHCARE, LONDON",LONDON,N5V 3C6,BUSINESS ADMINISTRATION (HUMAN RESOURCES & MARKETING SPECIALIST),Business,Business Administration,Y,SS,ND,ND,ND,ND,ND
200216,TRIOS COLLEGE BUSINESS TECHNOLOGY HEALTHCARE INC.,102148,"TRIOS COLLEGE BUSINESS TECHNOLOGY HEALTHCARE, LONDON",LONDON,N5V 3C6,BUSINESS AND DIGITAL MARKETING SPECIALIST (53 WEEKS)*,Business,Marketing/Advertising,Y,SS,See combined program results below,See combined program results below,See combined program results below,See combined program results below,ND
200216,TRIOS COLLEGE BUSINESS TECHNOLOGY HEALTHCARE INC.,102148,"TRIOS COLLEGE BUSINESS TECHNOLOGY HEALTHCARE, LONDON",LONDON,N5V 3C6,BUSINESS AND DIGITAL MARKETING SPECIALIST (56 WEEKS)*,Business,Marketing/Advertising,Y,SS,See combined program results below,See combined program results below,See combined program results below,See combined program results below,ND
200216,TRIOS COLLEGE BUSINESS TECHNOLOGY HEALTHCARE INC.,102148,"TRIOS COLLEGE BUSINESS TECHNOLOGY HEALTHCARE, LONDON",LONDON,N5V 3C6,BUSINESS AND DIGITAL MARKETING SPECIALIST (COMBINED 53 WEEKS AND 56 WEEKS)**,Business,Marketing/Advertising,Y,See program results above,SS,SS,SS,ND,See program results above
200216,TRIOS COLLEGE BUSINESS TECHNOLOGY HEALTHCARE INC.,102148,"TRIOS COLLEGE BUSINESS TECHNOLOGY HEALTHCARE, LONDON",LONDON,N5V 3C6,COMMUNITY SERVICES WORKER (+INTERNSHIP),Community and Social Services,Community Services Worker,Y,73.1%,63.6%,45.5%,83.3%,ND,ND
200216,TRIOS COLLEGE BUSINESS TECHNOLOGY HEALTHCARE INC.,102148,"TRIOS COLLEGE BUSINESS TECHNOLOGY HEALTHCARE, LONDON",LONDON,N5V 3C6,DIGITAL MARKETING SPECIALIST,Business,Marketing/Advertising,Y,SS,ND,ND,ND,ND,ND
200216,TRIOS COLLEGE BUSINESS TECHNOLOGY HEALTHCARE INC.,102148,"TRIOS COLLEGE BUSINESS TECHNOLOGY HEALTHCARE, LONDON",LONDON,N5V 3C6,ENTERPRISE WEB & MOBILE DEVELOPER + INTERNSHIP,Computer and Information Technology,Information Technology,Y,63.6%,100.0%,100.0%,100.0%,ND,ND
200216,TRIOS COLLEGE BUSINESS TECHNOLOGY HEALTHCARE INC.,102148,"TRIOS COLLEGE BUSINESS TECHNOLOGY HEALTHCARE, LONDON",LONDON,N5V 3C6,ENTERPRISE WEB & MOBILE DEVELOPER,Computer and Information Technology,Other - Information Technology,Y,SS,ND,ND,ND,ND,ND
200216,TRIOS COLLEGE BUSINESS TECHNOLOGY HEALTHCARE INC.,102148,"TRIOS COLLEGE BUSINESS TECHNOLOGY HEALTHCARE, LONDON",LONDON,N5V 3C6,EQUINE MASSAGE THERAPY,Health Services,Other - Health Services,Y,36.8%,ND,ND,ND,ND,ND
200216,TRIOS COLLEGE BUSINESS TECHNOLOGY HEALTHCARE INC.,102148,"TRIOS COLLEGE BUSINESS TECHNOLOGY HEALTHCARE, LONDON",LONDON,N5V 3C6,HONOURS BUSINESS ADMINISTRATION (+INTERNSHIP),Business,Business Administration,Y,SS,SS,SS,SS,ND,ND
200216,TRIOS COLLEGE BUSINESS TECHNOLOGY HEALTHCARE INC.,102148,"TRIOS COLLEGE BUSINESS TECHNOLOGY HEALTHCARE, LONDON",LONDON,N5V 3C6,HONOURS BUSINESS ADMINISTRATION,Business,Business Administration,Y,SS,SS,SS,SS,ND,ND
200216,TRIOS COLLEGE BUSINESS TECHNOLOGY HEALTHCARE INC.,102148,"TRIOS COLLEGE BUSINESS TECHNOLOGY HEALTHCARE, LONDON",LONDON,N5V 3C6,INFORMATION TECHNOLOGY ADMINISTRATOR (DATABASE & WINDOWS SERVER SPECIALIST),Computer and Information Technology,Information Technology,Y,ND,ND,ND,ND,ND,ND
200216,TRIOS COLLEGE BUSINESS TECHNOLOGY HEALTHCARE INC.,102148,"TRIOS COLLEGE BUSINESS TECHNOLOGY HEALTHCARE, LONDON",LONDON,N5V 3C6,"INFORMATION TECHNOLOGY ADMINISTRATOR (MESSAGING, MOBILE, LINUX & SECURITY SPECIALIST) + INTERNSHIP",Computer and Information Technology,Information Technology,Y,SS,ND,ND,ND,ND,ND
200216,TRIOS COLLEGE BUSINESS TECHNOLOGY HEALTHCARE INC.,102148,"TRIOS COLLEGE BUSINESS TECHNOLOGY HEALTHCARE, LONDON",LONDON,N5V 3C6,"INFORMATION TECHNOLOGY ADMINISTRATOR (MESSAGING, MOBILE, LINUX & SECURITY SPECIALIST)",Computer and Information Technology,Information Technology,Y,ND,ND,ND,ND,ND,ND
200216,TRIOS COLLEGE BUSINESS TECHNOLOGY HEALTHCARE INC.,102148,"TRIOS COLLEGE BUSINESS TECHNOLOGY HEALTHCARE, LONDON",LONDON,N5V 3C6,"INFORMATION TECHNOLOGY ADMINISTRATOR (WINDOWS SERVER, MESSAGING & MOBILE SPECIALIST) + INTERNSHIP",Computer and Information Technology,Information Technology,Y,SS,ND,ND,ND,ND,ND
200216,TRIOS COLLEGE BUSINESS TECHNOLOGY HEALTHCARE INC.,102148,"TRIOS COLLEGE BUSINESS TECHNOLOGY HEALTHCARE, LONDON",LONDON,N5V 3C6,"INFORMATION TECHNOLOGY ADMINISTRATOR (WINDOWS SERVER, MESSAGING & MOBILE SPECIALIST)",Computer and Information Technology,Information Technology,Y,ND,SS,SS,SS,ND,ND
200216,TRIOS COLLEGE BUSINESS TECHNOLOGY HEALTHCARE INC.,102148,"TRIOS COLLEGE BUSINESS TECHNOLOGY HEALTHCARE, LONDON",LONDON,N5V 3C6,INFORMATION TECHNOLOGY PROFESSIONAL + INTERNSHIP (90 WEEKS)*,Computer and Information Technology,Other - Information Technology,Y,SS,See combined program results below,See combined program results below,See combined program results below,See combined program results below,ND
200216,TRIOS COLLEGE BUSINESS TECHNOLOGY HEALTHCARE INC.,102148,"TRIOS COLLEGE BUSINESS TECHNOLOGY HEALTHCARE, LONDON",LONDON,N5V 3C6,INFORMATION TECHNOLOGY PROFESSIONAL + INTERNSHIP (96 WEEKS)*,Computer and Information Technology,Other - Information Technology,Y,SS,See combined program results below,See combined program results below,See combined program results below,See combined program results below,ND
200216,TRIOS COLLEGE BUSINESS TECHNOLOGY HEALTHCARE INC.,102148,"TRIOS COLLEGE BUSINESS TECHNOLOGY HEALTHCARE, LONDON",LONDON,N5V 3C6,INFORMATION TECHNOLOGY PROFESSIONAL + INTERNSHIP (COMBINED 90 WEEKS AND 96 WEEKS)**,Computer and Information Technology,Other - Information Technology,Y,See program results above,ND,ND,ND,ND,See program results above
200216,TRIOS COLLEGE BUSINESS TECHNOLOGY HEALTHCARE INC.,102148,"TRIOS COLLEGE BUSINESS TECHNOLOGY HEALTHCARE, LONDON",LONDON,N5V 3C6,INSURANCE SPECIALIST,Business,Banking and Financial Services,Y,60.0%,ND,ND,ND,ND,ND
200216,TRIOS COLLEGE BUSINESS TECHNOLOGY HEALTHCARE INC.,102148,"TRIOS COLLEGE BUSINESS TECHNOLOGY HEALTHCARE, LONDON",LONDON,N5V 3C6,LAW CLERK SPECIALIST,Law and Public Safety,Law Clerk,Y,65.0%,100.0%,100.0%,66.7%,100.0%,ND
200216,TRIOS COLLEGE BUSINESS TECHNOLOGY HEALTHCARE INC.,102148,"TRIOS COLLEGE BUSINESS TECHNOLOGY HEALTHCARE, LONDON",LONDON,N5V 3C6,LEGAL ASSISTANT,Law and Public Safety,Legal Office Administration,Y,SS,ND,ND,ND,ND,ND
200216,TRIOS COLLEGE BUSINESS TECHNOLOGY HEALTHCARE INC.,102148,"TRIOS COLLEGE BUSINESS TECHNOLOGY HEALTHCARE, LONDON",LONDON,N5V 3C6,MASSAGE THERAPY (88 WEEKS)*,Health Services,Massage Therapist,Y,65.0%,See combined program results below,See combined program results below,See combined program results below,See combined program results below,ND
200216,TRIOS COLLEGE BUSINESS TECHNOLOGY HEALTHCARE INC.,102148,"TRIOS COLLEGE BUSINESS TECHNOLOGY HEALTHCARE, LONDON",LONDON,N5V 3C6,MASSAGE THERAPY (94 WEEKS)*,Health Services,Massage Therapist,Y,70.0%,See combined program results below,See combined program results below,See combined program results below,See combined program results below,ND
200216,TRIOS COLLEGE BUSINESS TECHNOLOGY HEALTHCARE INC.,102148,"TRIOS COLLEGE BUSINESS TECHNOLOGY HEALTHCARE, LONDON",LONDON,N5V 3C6,MASSAGE THERAPY (COMBINED 88 WEEKS AND 94 WEEKS)**,Health Services,Massage Therapist,Y,See program results above,100.0%,66.7%,50.0%,ND,See program results above
200216,TRIOS COLLEGE BUSINESS TECHNOLOGY HEALTHCARE INC.,102148,"TRIOS COLLEGE BUSINESS TECHNOLOGY HEALTHCARE, LONDON",LONDON,N5V 3C6,MEDICAL OFFICE ASSISTANT (+INTERNSHIP),Health Services,Medical Office Administration/Management,Y,75.0%,81.0%,47.6%,73.9%,ND,ND
200216,TRIOS COLLEGE BUSINESS TECHNOLOGY HEALTHCARE INC.,102148,"TRIOS COLLEGE BUSINESS TECHNOLOGY HEALTHCARE, LONDON",LONDON,N5V 3C6,MEDICAL TRANSCRIPTIONIST,Health Services,Medical Office Administration/Management,Y,SS,SS,SS,50.0%,ND,ND
200216,TRIOS COLLEGE BUSINESS TECHNOLOGY HEALTHCARE INC.,102148,"TRIOS COLLEGE BUSINESS TECHNOLOGY HEALTHCARE, LONDON",LONDON,N5V 3C6,NETWORK ADMINISTRATOR,Computer and Information Technology,Network Administration,Y,75.0%,100.0%,100.0%,100.0%,ND,ND
200216,TRIOS COLLEGE BUSINESS TECHNOLOGY HEALTHCARE INC.,102148,"TRIOS COLLEGE BUSINESS TECHNOLOGY HEALTHCARE, LONDON",LONDON,N5V 3C6,OCCUPATIONAL THERAPY ASSISTANT,Health Services,Physiotherapy/Occupational Therapy,Y,SS,SS,SS,SS,ND,ND
200216,TRIOS COLLEGE BUSINESS TECHNOLOGY HEALTHCARE INC.,102148,"TRIOS COLLEGE BUSINESS TECHNOLOGY HEALTHCARE, LONDON",LONDON,N5V 3C6,OFFICE ADMINISTRATOR (ACCOUNTING SPECIALIST),Business,Office Administration,Y,SS,ND,ND,ND,ND,ND
200216,TRIOS COLLEGE BUSINESS TECHNOLOGY HEALTHCARE INC.,102148,"TRIOS COLLEGE BUSINESS TECHNOLOGY HEALTHCARE, LONDON",LONDON,N5V 3C6,OFFICE ADMINISTRATOR (APPLICATIONS SPECIALIST),Business,Office Administration,Y,SS,ND,ND,ND,ND,ND
200216,TRIOS COLLEGE BUSINESS TECHNOLOGY HEALTHCARE INC.,102148,"TRIOS COLLEGE BUSINESS TECHNOLOGY HEALTHCARE, LONDON",LONDON,N5V 3C6,PARALEGAL,Law and Public Safety,Paralegal,Y,68.4%,50.0%,16.7%,62.5%,ND,ND
200216,TRIOS COLLEGE BUSINESS TECHNOLOGY HEALTHCARE INC.,102148,"TRIOS COLLEGE BUSINESS TECHNOLOGY HEALTHCARE, LONDON",LONDON,N5V 3C6,PC SUPPORT TECHNICIAN,Computer and Information Technology,Information Technology - Hardware Technician/Network Technician,Y,SS,SS,SS,SS,100.0%,ND
200216,TRIOS COLLEGE BUSINESS TECHNOLOGY HEALTHCARE INC.,102148,"TRIOS COLLEGE BUSINESS TECHNOLOGY HEALTHCARE, LONDON",LONDON,N5V 3C6,PERSONAL SUPPORT WORKER,Health Services,Personal Support Worker/Personal Attendant,Y,78.3%,91.9%,85.1%,92.3%,80.0%,ND
200216,TRIOS COLLEGE BUSINESS TECHNOLOGY HEALTHCARE INC.,102148,"TRIOS COLLEGE BUSINESS TECHNOLOGY HEALTHCARE, LONDON",LONDON,N5V 3C6,PHARMACY ASSISTANT,Health Services,Pharmacy Assistant,Y,ND,SS,SS,SS,ND,ND
200216,TRIOS COLLEGE BUSINESS TECHNOLOGY HEALTHCARE INC.,102148,"TRIOS COLLEGE BUSINESS TECHNOLOGY HEALTHCARE, LONDON",LONDON,N5V 3C6,PHYSIOTHERAPY ASSISTANT,Health Services,Physiotherapy/Occupational Therapy,Y,ND,SS,SS,SS,ND,ND
200216,TRIOS COLLEGE BUSINESS TECHNOLOGY HEALTHCARE INC.,102148,"TRIOS COLLEGE BUSINESS TECHNOLOGY HEALTHCARE, LONDON",LONDON,N5V 3C6,PHYSIOTHERAPY ASSISTANT/OCCUPATIONAL THERAPY ASSISTANT,Health Services,Physiotherapy/Occupational Therapy,Y,73.3%,100.0%,80.0%,80.0%,100.0%,ND
200216,TRIOS COLLEGE BUSINESS TECHNOLOGY HEALTHCARE INC.,102148,"TRIOS COLLEGE BUSINESS TECHNOLOGY HEALTHCARE, LONDON",LONDON,N5V 3C6,POLICE FOUNDATIONS,Law and Public Safety,Law Enforcement/Police Foundations,Y,72.7%,ND,ND,ND,ND,ND
200216,TRIOS COLLEGE BUSINESS TECHNOLOGY HEALTHCARE INC.,102148,"TRIOS COLLEGE BUSINESS TECHNOLOGY HEALTHCARE, LONDON",LONDON,N5V 3C6,SUPPLY CHAIN & LOGISTICS (+INTERNSHIP),Business,Supply Chain Management and Logistics,Y,64.5%,83.3%,83.3%,50.0%,ND,ND
200216,TRIOS COLLEGE BUSINESS TECHNOLOGY HEALTHCARE INC.,102148,"TRIOS COLLEGE BUSINESS TECHNOLOGY HEALTHCARE, LONDON",LONDON,N5V 3C6,SUPPLY CHAIN & LOGISTICS,Business,Supply Chain Management and Logistics,Y,SS,SS,SS,SS,100.0%,ND
200216,TRIOS COLLEGE BUSINESS TECHNOLOGY HEALTHCARE INC.,102148,"TRIOS COLLEGE BUSINESS TECHNOLOGY HEALTHCARE, LONDON",LONDON,N5V 3C6,VIDEO GAME ART (+ INTERNSHIP),Applied Arts and Science,Animations,Y,ND,ND,ND,ND,ND,ND
200216,TRIOS COLLEGE BUSINESS TECHNOLOGY HEALTHCARE INC.,102148,"TRIOS COLLEGE BUSINESS TECHNOLOGY HEALTHCARE, LONDON",LONDON,N5V 3C6,VIDEO GAME DESIGN AND DEVELOPMENT + INTERNSHIP,Applied Arts and Science,Game/Interactive Media Design,Y,50.0%,ND,ND,ND,ND,ND
200216,TRIOS COLLEGE BUSINESS TECHNOLOGY HEALTHCARE INC.,102148,"TRIOS COLLEGE BUSINESS TECHNOLOGY HEALTHCARE, LONDON",LONDON,N5V 3C6,VIDEO GAME DESIGN TECHNOLOGIES + INTERNSHIP,Applied Arts and Science,Game/Interactive Media Design,Y,87.5%,ND,ND,ND,ND,ND
200216,TRIOS COLLEGE BUSINESS TECHNOLOGY HEALTHCARE INC.,102148,"TRIOS COLLEGE BUSINESS TECHNOLOGY HEALTHCARE, LONDON",LONDON,N5V 3C6,WEB TECHNOLOGY SPECIALIST,Computer and Information Technology,Information Technology,Y,SS,SS,SS,SS,ND,ND
200216,TRIOS COLLEGE BUSINESS TECHNOLOGY HEALTHCARE INC.,102149,"TRIOS COLLEGE BUSINESS TECHNOLOGY HEALTHCARE, BRAMPTON",BRAMPTON,L6V 1C1,+,,,Y,71.6%,73.6%,52.1%,73.8%,75.0%,7.8%
200216,TRIOS COLLEGE BUSINESS TECHNOLOGY HEALTHCARE INC.,102149,"TRIOS COLLEGE BUSINESS TECHNOLOGY HEALTHCARE, BRAMPTON",BRAMPTON,L6V 1C1,ACCOUNTING & PAYROLL ADMINISTRATOR,Business,Accounting and Payroll Administration,Y,77.8%,100.0%,50.0%,25.0%,100.0%,ND
200216,TRIOS COLLEGE BUSINESS TECHNOLOGY HEALTHCARE INC.,102149,"TRIOS COLLEGE BUSINESS TECHNOLOGY HEALTHCARE, BRAMPTON",BRAMPTON,L6V 1C1,ACCOUNTING & PAYROLL SPECIALIST,Business,Accounting,Y,85.1%,83.3%,72.2%,82.4%,ND,ND
200216,TRIOS COLLEGE BUSINESS TECHNOLOGY HEALTHCARE INC.,102149,"TRIOS COLLEGE BUSINESS TECHNOLOGY HEALTHCARE, BRAMPTON",BRAMPTON,L6V 1C1,ADMINISTRATIVE ASSISTANT,Business,Office Administration,Y,75.0%,25.0%,0.0%,75.0%,ND,ND
200216,TRIOS COLLEGE BUSINESS TECHNOLOGY HEALTHCARE INC.,102149,"TRIOS COLLEGE BUSINESS TECHNOLOGY HEALTHCARE, BRAMPTON",BRAMPTON,L6V 1C1,ADVANCED BUSINESS OFFICE APPLICATIONS,Business,Office Administration,Y,SS,ND,ND,ND,ND,ND
200216,TRIOS COLLEGE BUSINESS TECHNOLOGY HEALTHCARE INC.,102149,"TRIOS COLLEGE BUSINESS TECHNOLOGY HEALTHCARE, BRAMPTON",BRAMPTON,L6V 1C1,APPLICATIONS DEVELOPER (MOBILE WEB SPECIALIST) + INTERNSHIP,Computer and Information Technology,Information Technology,Y,62.5%,ND,ND,ND,ND,ND
200216,TRIOS COLLEGE BUSINESS TECHNOLOGY HEALTHCARE INC.,102149,"TRIOS COLLEGE BUSINESS TECHNOLOGY HEALTHCARE, BRAMPTON",BRAMPTON,L6V 1C1,BUSINESS ADMINISTRATION (APPLICATIONS & ACCOUNTING SPECIALIST),Business,Business Administration,Y,66.7%,SS,SS,SS,ND,ND
200216,TRIOS COLLEGE BUSINESS TECHNOLOGY HEALTHCARE INC.,102149,"TRIOS COLLEGE BUSINESS TECHNOLOGY HEALTHCARE, BRAMPTON",BRAMPTON,L6V 1C1,BUSINESS AND DIGITAL MARKETING SPECIALIST,Business,Marketing/Advertising,Y,SS,ND,ND,ND,ND,ND
200216,TRIOS COLLEGE BUSINESS TECHNOLOGY HEALTHCARE INC.,102149,"TRIOS COLLEGE BUSINESS TECHNOLOGY HEALTHCARE, BRAMPTON",BRAMPTON,L6V 1C1,COMMUNITY SERVICES WORKER (+INTERNSHIP),Community and Social Services,Community Services Worker,Y,73.1%,64.3%,42.9%,71.4%,ND,ND
200216,TRIOS COLLEGE BUSINESS TECHNOLOGY HEALTHCARE INC.,102149,"TRIOS COLLEGE BUSINESS TECHNOLOGY HEALTHCARE, BRAMPTON",BRAMPTON,L6V 1C1,DIGITAL MARKETING SPECIALIST,Business,Marketing/Advertising,Y,ND,SS,SS,SS,ND,ND
200216,TRIOS COLLEGE BUSINESS TECHNOLOGY HEALTHCARE INC.,102149,"TRIOS COLLEGE BUSINESS TECHNOLOGY HEALTHCARE, BRAMPTON",BRAMPTON,L6V 1C1,HONOURS BUSINESS ADMINISTRATION (+INTERNSHIP),Business,Business Administration,Y,57.1%,SS,SS,SS,ND,ND
200216,TRIOS COLLEGE BUSINESS TECHNOLOGY HEALTHCARE INC.,102149,"TRIOS COLLEGE BUSINESS TECHNOLOGY HEALTHCARE, BRAMPTON",BRAMPTON,L6V 1C1,HONOURS BUSINESS ADMINISTRATION,Business,Business Administration,Y,SS,ND,ND,ND,ND,ND
200216,TRIOS COLLEGE BUSINESS TECHNOLOGY HEALTHCARE INC.,102149,"TRIOS COLLEGE BUSINESS TECHNOLOGY HEALTHCARE, BRAMPTON",BRAMPTON,L6V 1C1,INFORMATION TECHNOLOGY ADMINISTRATOR (DATABASE & WINDOWS SERVER SPECIALIST),Computer and Information Technology,Information Technology,Y,ND,ND,ND,ND,ND,ND
200216,TRIOS COLLEGE BUSINESS TECHNOLOGY HEALTHCARE INC.,102149,"TRIOS COLLEGE BUSINESS TECHNOLOGY HEALTHCARE, BRAMPTON",BRAMPTON,L6V 1C1,INFORMATION TECHNOLOGY ADMINISTRATOR (DATABASE AND WINDOWS SERVER SPECIALIST) + INTERNSHIP,Computer and Information Technology,Information Technology,Y,SS,ND,ND,ND,ND,ND
200216,TRIOS COLLEGE BUSINESS TECHNOLOGY HEALTHCARE INC.,102149,"TRIOS COLLEGE BUSINESS TECHNOLOGY HEALTHCARE, BRAMPTON",BRAMPTON,L6V 1C1,"INFORMATION TECHNOLOGY ADMINISTRATOR (LINUX, SECURITY & DATABASE SPECIALIST) + INTERNSHIP",Computer and Information Technology,Information Technology,Y,SS,ND,ND,ND,ND,ND
200216,TRIOS COLLEGE BUSINESS TECHNOLOGY HEALTHCARE INC.,102149,"TRIOS COLLEGE BUSINESS TECHNOLOGY HEALTHCARE, BRAMPTON",BRAMPTON,L6V 1C1,"INFORMATION TECHNOLOGY ADMINISTRATOR (MESSAGING, MOBILE, LINUX & SECURITY SPECIALIST) + INTERNSHIP (58 WEEKS)*",Computer and Information Technology,Information Technology,Y,SS,See combined program results below,See combined program results below,See combined program results below,See combined program results below,ND
200216,TRIOS COLLEGE BUSINESS TECHNOLOGY HEALTHCARE INC.,102149,"TRIOS COLLEGE BUSINESS TECHNOLOGY HEALTHCARE, BRAMPTON",BRAMPTON,L6V 1C1,"INFORMATION TECHNOLOGY ADMINISTRATOR (MESSAGING, MOBILE, LINUX & SECURITY SPECIALIST) + INTERNSHIP (62 WEEKS)*",Computer and Information Technology,Information Technology,Y,SS,See combined program results below,See combined program results below,See combined program results below,See combined program results below,ND
200216,TRIOS COLLEGE BUSINESS TECHNOLOGY HEALTHCARE INC.,102149,"TRIOS COLLEGE BUSINESS TECHNOLOGY HEALTHCARE, BRAMPTON",BRAMPTON,L6V 1C1,"INFORMATION TECHNOLOGY ADMINISTRATOR (MESSAGING, MOBILE, LINUX & SECURITY SPECIALIST) + INTERNSHIP (COMBINED 58 WEEKS AND 62 WEEKS)**",Computer and Information Technology,Information Technology,Y,See program results above,ND,ND,ND,ND,See program results above
200216,TRIOS COLLEGE BUSINESS TECHNOLOGY HEALTHCARE INC.,102149,"TRIOS COLLEGE BUSINESS TECHNOLOGY HEALTHCARE, BRAMPTON",BRAMPTON,L6V 1C1,"INFORMATION TECHNOLOGY ADMINISTRATOR (WINDOWS SERVER, MESSAGING & MOBILE SPECIALIST) + INTERNSHIP (58 WEEKS)*",Computer and Information Technology,Information Technology,Y,SS,See combined program results below,See combined program results below,See combined program results below,See combined program results below,ND
200216,TRIOS COLLEGE BUSINESS TECHNOLOGY HEALTHCARE INC.,102149,"TRIOS COLLEGE BUSINESS TECHNOLOGY HEALTHCARE, BRAMPTON",BRAMPTON,L6V 1C1,"INFORMATION TECHNOLOGY ADMINISTRATOR (WINDOWS SERVER, MESSAGING & MOBILE SPECIALIST) + INTERNSHIP (61 WEEKS)*",Computer and Information Technology,Information Technology,Y,57.1%,See combined program results below,See combined program results below,See combined program results below,See combined program results below,ND
200216,TRIOS COLLEGE BUSINESS TECHNOLOGY HEALTHCARE INC.,102149,"TRIOS COLLEGE BUSINESS TECHNOLOGY HEALTHCARE, BRAMPTON",BRAMPTON,L6V 1C1,"INFORMATION TECHNOLOGY ADMINISTRATOR (WINDOWS SERVER, MESSAGING & MOBILE SPECIALIST) + INTERNSHIP (COMBINED 58 WEEKS AND 61 WEEKS)**",Computer and Information Technology,Information Technology,Y,See program results above,ND,ND,ND,ND,See program results above
200216,TRIOS COLLEGE BUSINESS TECHNOLOGY HEALTHCARE INC.,102149,"TRIOS COLLEGE BUSINESS TECHNOLOGY HEALTHCARE, BRAMPTON",BRAMPTON,L6V 1C1,"INFORMATION TECHNOLOGY ADMINISTRATOR (WINDOWS SERVER, MESSAGING & MOBILE SPECIALIST)",Computer and Information Technology,Information Technology,Y,ND,SS,SS,SS,ND,ND
200216,TRIOS COLLEGE BUSINESS TECHNOLOGY HEALTHCARE INC.,102149,"TRIOS COLLEGE BUSINESS TECHNOLOGY HEALTHCARE, BRAMPTON",BRAMPTON,L6V 1C1,INFORMATION TECHNOLOGY PROFESSIONAL + INTERNSHIP,Computer and Information Technology,Other - Information Technology,Y,73.3%,100.0%,0.0%,0.0%,ND,ND
200216,TRIOS COLLEGE BUSINESS TECHNOLOGY HEALTHCARE INC.,102149,"TRIOS COLLEGE BUSINESS TECHNOLOGY HEALTHCARE, BRAMPTON",BRAMPTON,L6V 1C1,INFORMATION TECHNOLOGY PROFESSIONAL,Computer and Information Technology,Other - Information Technology,Y,ND,ND,ND,ND,ND,ND
200216,TRIOS COLLEGE BUSINESS TECHNOLOGY HEALTHCARE INC.,102149,"TRIOS COLLEGE BUSINESS TECHNOLOGY HEALTHCARE, BRAMPTON",BRAMPTON,L6V 1C1,LAW CLERK SPECIALIST,Law and Public Safety,Law Clerk,Y,71.4%,ND,ND,ND,ND,ND
200216,TRIOS COLLEGE BUSINESS TECHNOLOGY HEALTHCARE INC.,102149,"TRIOS COLLEGE BUSINESS TECHNOLOGY HEALTHCARE, BRAMPTON",BRAMPTON,L6V 1C1,LEGAL ASSISTANT,Law and Public Safety,Legal Office Administration,Y,ND,ND,ND,ND,ND,ND
200216,TRIOS COLLEGE BUSINESS TECHNOLOGY HEALTHCARE INC.,102149,"TRIOS COLLEGE BUSINESS TECHNOLOGY HEALTHCARE, BRAMPTON",BRAMPTON,L6V 1C1,MEDICAL OFFICE ASSISTANT (+INTERNSHIP),Health Services,Medical Office Administration/Management,Y,74.1%,73.3%,40.0%,70.6%,ND,ND
200216,TRIOS COLLEGE BUSINESS TECHNOLOGY HEALTHCARE INC.,102149,"TRIOS COLLEGE BUSINESS TECHNOLOGY HEALTHCARE, BRAMPTON",BRAMPTON,L6V 1C1,MEDICAL OFFICE ASSISTANT,Health Services,Medical Office Administration/Management,Y,SS,SS,SS,SS,ND,ND
200216,TRIOS COLLEGE BUSINESS TECHNOLOGY HEALTHCARE INC.,102149,"TRIOS COLLEGE BUSINESS TECHNOLOGY HEALTHCARE, BRAMPTON",BRAMPTON,L6V 1C1,NETWORK ADMINISTRATOR,Computer and Information Technology,Network Administration,Y,77.8%,100.0%,100.0%,100.0%,ND,ND
200216,TRIOS COLLEGE BUSINESS TECHNOLOGY HEALTHCARE INC.,102149,"TRIOS COLLEGE BUSINESS TECHNOLOGY HEALTHCARE, BRAMPTON",BRAMPTON,L6V 1C1,OCCUPATIONAL THERAPY ASSISTANT,Health Services,Physiotherapy/Occupational Therapy,Y,SS,ND,ND,SS,ND,ND
200216,TRIOS COLLEGE BUSINESS TECHNOLOGY HEALTHCARE INC.,102149,"TRIOS COLLEGE BUSINESS TECHNOLOGY HEALTHCARE, BRAMPTON",BRAMPTON,L6V 1C1,OFFICE ADMINISTRATOR (APPLICATIONS SPECIALIST),Business,Office Administration,Y,SS,SS,SS,SS,ND,ND
200216,TRIOS COLLEGE BUSINESS TECHNOLOGY HEALTHCARE INC.,102149,"TRIOS COLLEGE BUSINESS TECHNOLOGY HEALTHCARE, BRAMPTON",BRAMPTON,L6V 1C1,PARALEGAL,Law and Public Safety,Paralegal,Y,78.9%,63.6%,18.2%,36.4%,ND,ND
200216,TRIOS COLLEGE BUSINESS TECHNOLOGY HEALTHCARE INC.,102149,"TRIOS COLLEGE BUSINESS TECHNOLOGY HEALTHCARE, BRAMPTON",BRAMPTON,L6V 1C1,PC SUPPORT TECHNICIAN,Computer and Information Technology,Information Technology - Hardware Technician/Network Technician,Y,SS,ND,ND,ND,ND,ND
200216,TRIOS COLLEGE BUSINESS TECHNOLOGY HEALTHCARE INC.,102149,"TRIOS COLLEGE BUSINESS TECHNOLOGY HEALTHCARE, BRAMPTON",BRAMPTON,L6V 1C1,PERSONAL SUPPORT WORKER,Health Services,Personal Support Worker/Personal Attendant,Y,60.0%,77.8%,66.7%,90.2%,ND,ND
200216,TRIOS COLLEGE BUSINESS TECHNOLOGY HEALTHCARE INC.,102149,"TRIOS COLLEGE BUSINESS TECHNOLOGY HEALTHCARE, BRAMPTON",BRAMPTON,L6V 1C1,PHARMACY ASSISTANT,Health Services,Pharmacy Assistant,Y,85.7%,81.8%,72.7%,83.3%,100.0%,ND
200216,TRIOS COLLEGE BUSINESS TECHNOLOGY HEALTHCARE INC.,102149,"TRIOS COLLEGE BUSINESS TECHNOLOGY HEALTHCARE, BRAMPTON",BRAMPTON,L6V 1C1,PHYSIOTHERAPY ASSISTANT,Health Services,Physiotherapy/Occupational Therapy,Y,SS,SS,SS,SS,ND,ND
200216,TRIOS COLLEGE BUSINESS TECHNOLOGY HEALTHCARE INC.,102149,"TRIOS COLLEGE BUSINESS TECHNOLOGY HEALTHCARE, BRAMPTON",BRAMPTON,L6V 1C1,PHYSIOTHERAPY ASSISTANT/OCCUPATIONAL THERAPY ASSISTANT,Health Services,Physiotherapy/Occupational Therapy,Y,35.0%,80.0%,70.0%,90.0%,100.0%,ND
200216,TRIOS COLLEGE BUSINESS TECHNOLOGY HEALTHCARE INC.,102149,"TRIOS COLLEGE BUSINESS TECHNOLOGY HEALTHCARE, BRAMPTON",BRAMPTON,L6V 1C1,POLICE FOUNDATIONS,Law and Public Safety,Law Enforcement/Police Foundations,Y,60.0%,50.0%,50.0%,100.0%,ND,ND
200216,TRIOS COLLEGE BUSINESS TECHNOLOGY HEALTHCARE INC.,102149,"TRIOS COLLEGE BUSINESS TECHNOLOGY HEALTHCARE, BRAMPTON",BRAMPTON,L6V 1C1,SUPPLY CHAIN & LOGISTICS (+INTERNSHIP),Business,Supply Chain Management and Logistics,Y,88.9%,71.4%,50.0%,73.3%,0.0%,ND
200216,TRIOS COLLEGE BUSINESS TECHNOLOGY HEALTHCARE INC.,102149,"TRIOS COLLEGE BUSINESS TECHNOLOGY HEALTHCARE, BRAMPTON",BRAMPTON,L6V 1C1,SUPPLY CHAIN & LOGISTICS,Business,Supply Chain Management and Logistics,Y,93.3%,60.0%,40.0%,80.0%,ND,ND
200216,TRIOS COLLEGE BUSINESS TECHNOLOGY HEALTHCARE INC.,102149,"TRIOS COLLEGE BUSINESS TECHNOLOGY HEALTHCARE, BRAMPTON",BRAMPTON,L6V 1C1,SUPPLY CHAIN CUSTOMER SERVICE REPRESENTATIVE,Business,Supply Chain Management and Logistics,Y,SS,SS,SS,SS,ND,ND
200216,TRIOS COLLEGE BUSINESS TECHNOLOGY HEALTHCARE INC.,115111,"TRIOS COLLEGE BUSINESS TECHNOLOGY HEALTHCARE, SCARBOROUGH",SCARBOROUGH,M1P 2L6,+,,,Y,71.7%,82.9%,69.5%,74.4%,100.0%,5.0%
200216,TRIOS COLLEGE BUSINESS TECHNOLOGY HEALTHCARE INC.,115111,"TRIOS COLLEGE BUSINESS TECHNOLOGY HEALTHCARE, SCARBOROUGH",SCARBOROUGH,M1P 2L6,ACCOUNTING & PAYROLL ADMINISTRATOR,Business,Accounting and Payroll Administration,Y,ND,SS,SS,SS,ND,ND
200216,TRIOS COLLEGE BUSINESS TECHNOLOGY HEALTHCARE INC.,115111,"TRIOS COLLEGE BUSINESS TECHNOLOGY HEALTHCARE, SCARBOROUGH",SCARBOROUGH,M1P 2L6,ACCOUNTING & PAYROLL SPECIALIST,Business,Accounting,Y,76.9%,100.0%,66.7%,66.7%,ND,ND
200216,TRIOS COLLEGE BUSINESS TECHNOLOGY HEALTHCARE INC.,115111,"TRIOS COLLEGE BUSINESS TECHNOLOGY HEALTHCARE, SCARBOROUGH",SCARBOROUGH,M1P 2L6,ADMINISTRATIVE ASSISTANT,Business,Office Administration,Y,66.7%,ND,ND,ND,ND,ND
200216,TRIOS COLLEGE BUSINESS TECHNOLOGY HEALTHCARE INC.,115111,"TRIOS COLLEGE BUSINESS TECHNOLOGY HEALTHCARE, SCARBOROUGH",SCARBOROUGH,M1P 2L6,BUSINESS ADMINISTRATION (APPLICATIONS & ACCOUNTING SPECIALIST),Business,Business Administration,Y,SS,ND,ND,ND,ND,ND
200216,TRIOS COLLEGE BUSINESS TECHNOLOGY HEALTHCARE INC.,115111,"TRIOS COLLEGE BUSINESS TECHNOLOGY HEALTHCARE, SCARBOROUGH",SCARBOROUGH,M1P 2L6,BUSINESS ADMINISTRATION (HUMAN RESOURCES & MARKETING SPECIALIST),Business,Business Administration,Y,SS,SS,SS,SS,ND,ND
200216,TRIOS COLLEGE BUSINESS TECHNOLOGY HEALTHCARE INC.,115111,"TRIOS COLLEGE BUSINESS TECHNOLOGY HEALTHCARE, SCARBOROUGH",SCARBOROUGH,M1P 2L6,BUSINESS AND DIGITAL MARKETING SPECIALIST,Business,Marketing/Advertising,Y,71.4%,100.0%,0.0%,0.0%,ND,ND
200216,TRIOS COLLEGE BUSINESS TECHNOLOGY HEALTHCARE INC.,115111,"TRIOS COLLEGE BUSINESS TECHNOLOGY HEALTHCARE, SCARBOROUGH",SCARBOROUGH,M1P 2L6,COMMUNITY SERVICES WORKER (+INTERNSHIP),Community and Social Services,Community Services Worker,Y,64.3%,75.0%,50.0%,50.0%,ND,ND
200216,TRIOS COLLEGE BUSINESS TECHNOLOGY HEALTHCARE INC.,115111,"TRIOS COLLEGE BUSINESS TECHNOLOGY HEALTHCARE, SCARBOROUGH",SCARBOROUGH,M1P 2L6,DIGITAL MARKETING SPECIALIST,Business,Marketing/Advertising,Y,100.0%,100.0%,50.0%,100.0%,ND,ND
200216,TRIOS COLLEGE BUSINESS TECHNOLOGY HEALTHCARE INC.,115111,"TRIOS COLLEGE BUSINESS TECHNOLOGY HEALTHCARE, SCARBOROUGH",SCARBOROUGH,M1P 2L6,HONOURS BUSINESS ADMINISTRATION (+INTERNSHIP),Business,Business Administration,Y,SS,ND,ND,ND,ND,ND
200216,TRIOS COLLEGE BUSINESS TECHNOLOGY HEALTHCARE INC.,115111,"TRIOS COLLEGE BUSINESS TECHNOLOGY HEALTHCARE, SCARBOROUGH",SCARBOROUGH,M1P 2L6,INFORMATION TECHNOLOGY ADMINISTRATOR (DATABASE & WINDOWS SERVER SPECIALIST),Computer and Information Technology,Information Technology,Y,ND,SS,SS,SS,ND,ND
200216,TRIOS COLLEGE BUSINESS TECHNOLOGY HEALTHCARE INC.,115111,"TRIOS COLLEGE BUSINESS TECHNOLOGY HEALTHCARE, SCARBOROUGH",SCARBOROUGH,M1P 2L6,INFORMATION TECHNOLOGY ADMINISTRATOR (DATABASE AND WINDOWS SERVER SPECIALIST) + INTERNSHIP (58 WEEKS)*,Computer and Information Technology,Information Technology,Y,SS,See combined program results below,See combined program results below,See combined program results below,See combined program results below,ND
200216,TRIOS COLLEGE BUSINESS TECHNOLOGY HEALTHCARE INC.,115111,"TRIOS COLLEGE BUSINESS TECHNOLOGY HEALTHCARE, SCARBOROUGH",SCARBOROUGH,M1P 2L6,INFORMATION TECHNOLOGY ADMINISTRATOR (DATABASE AND WINDOWS SERVER SPECIALIST) + INTERNSHIP (61 WEEKS)*,Computer and Information Technology,Information Technology,Y,SS,See combined program results below,See combined program results below,See combined program results below,See combined program results below,ND
200216,TRIOS COLLEGE BUSINESS TECHNOLOGY HEALTHCARE INC.,115111,"TRIOS COLLEGE BUSINESS TECHNOLOGY HEALTHCARE, SCARBOROUGH",SCARBOROUGH,M1P 2L6,INFORMATION TECHNOLOGY ADMINISTRATOR (DATABASE AND WINDOWS SERVER SPECIALIST) + INTERNSHIP (COMBINED 58 WEEKS AND 61 WEEKS)**,Computer and Information Technology,Information Technology,Y,See program results above,ND,ND,ND,ND,See program results above
200216,TRIOS COLLEGE BUSINESS TECHNOLOGY HEALTHCARE INC.,115111,"TRIOS COLLEGE BUSINESS TECHNOLOGY HEALTHCARE, SCARBOROUGH",SCARBOROUGH,M1P 2L6,"INFORMATION TECHNOLOGY ADMINISTRATOR (LINUX, SECURITY & DATABASE SPECIALIST) + INTERNSHIP",Computer and Information Technology,Information Technology,Y,SS,ND,ND,ND,ND,ND
200216,TRIOS COLLEGE BUSINESS TECHNOLOGY HEALTHCARE INC.,115111,"TRIOS COLLEGE BUSINESS TECHNOLOGY HEALTHCARE, SCARBOROUGH",SCARBOROUGH,M1P 2L6,"INFORMATION TECHNOLOGY ADMINISTRATOR (LINUX, SECURITY & DATABASE SPECIALIST)",Computer and Information Technology,Information Technology,Y,ND,SS,SS,SS,ND,ND
200216,TRIOS COLLEGE BUSINESS TECHNOLOGY HEALTHCARE INC.,115111,"TRIOS COLLEGE BUSINESS TECHNOLOGY HEALTHCARE, SCARBOROUGH",SCARBOROUGH,M1P 2L6,"INFORMATION TECHNOLOGY ADMINISTRATOR (MESSAGING, MOBILE, LINUX & SECURITY SPECIALIST) + INTERNSHIP (58 WEEKS)*",Computer and Information Technology,Information Technology,Y,40.0%,See combined program results below,See combined program results below,See combined program results below,See combined program results below,ND
200216,TRIOS COLLEGE BUSINESS TECHNOLOGY HEALTHCARE INC.,115111,"TRIOS COLLEGE BUSINESS TECHNOLOGY HEALTHCARE, SCARBOROUGH",SCARBOROUGH,M1P 2L6,"INFORMATION TECHNOLOGY ADMINISTRATOR (MESSAGING, MOBILE, LINUX & SECURITY SPECIALIST) + INTERNSHIP (61 WEEKS)*",Computer and Information Technology,Information Technology,Y,SS,See combined program results below,See combined program results below,See combined program results below,See combined program results below,ND
200216,TRIOS COLLEGE BUSINESS TECHNOLOGY HEALTHCARE INC.,115111,"TRIOS COLLEGE BUSINESS TECHNOLOGY HEALTHCARE, SCARBOROUGH",SCARBOROUGH,M1P 2L6,"INFORMATION TECHNOLOGY ADMINISTRATOR (MESSAGING, MOBILE, LINUX & SECURITY SPECIALIST) + INTERNSHIP (COMBINED 58 WEEKS AND 61 WEEKS)**",Computer and Information Technology,Information Technology,Y,See program results above,ND,ND,ND,ND,See program results above
200216,TRIOS COLLEGE BUSINESS TECHNOLOGY HEALTHCARE INC.,115111,"TRIOS COLLEGE BUSINESS TECHNOLOGY HEALTHCARE, SCARBOROUGH",SCARBOROUGH,M1P 2L6,"INFORMATION TECHNOLOGY ADMINISTRATOR (MESSAGING, MOBILE, LINUX & SECURITY SPECIALIST)",Computer and Information Technology,Information Technology,Y,ND,SS,SS,SS,100.0%,ND
200216,TRIOS COLLEGE BUSINESS TECHNOLOGY HEALTHCARE INC.,115111,"TRIOS COLLEGE BUSINESS TECHNOLOGY HEALTHCARE, SCARBOROUGH",SCARBOROUGH,M1P 2L6,"INFORMATION TECHNOLOGY ADMINISTRATOR (WINDOWS SERVER, MESSAGING & MOBILE SPECIALIST) + INTERNSHIP (58 WEEKS)*",Computer and Information Technology,Information Technology,Y,SS,See combined program results below,See combined program results below,See combined program results below,See combined program results below,ND
200216,TRIOS COLLEGE BUSINESS TECHNOLOGY HEALTHCARE INC.,115111,"TRIOS COLLEGE BUSINESS TECHNOLOGY HEALTHCARE, SCARBOROUGH",SCARBOROUGH,M1P 2L6,"INFORMATION TECHNOLOGY ADMINISTRATOR (WINDOWS SERVER, MESSAGING & MOBILE SPECIALIST) + INTERNSHIP (61 WEEKS)*",Computer and Information Technology,Information Technology,Y,SS,See combined program results below,See combined program results below,See combined program results below,See combined program results below,ND
200216,TRIOS COLLEGE BUSINESS TECHNOLOGY HEALTHCARE INC.,115111,"TRIOS COLLEGE BUSINESS TECHNOLOGY HEALTHCARE, SCARBOROUGH",SCARBOROUGH,M1P 2L6,"INFORMATION TECHNOLOGY ADMINISTRATOR (WINDOWS SERVER, MESSAGING & MOBILE SPECIALIST) + INTERNSHIP (COMBINED 58 WEEKS AND 61 WEEKS)**",Computer and Information Technology,Information Technology,Y,See program results above,ND,ND,ND,ND,See program results above
200216,TRIOS COLLEGE BUSINESS TECHNOLOGY HEALTHCARE INC.,115111,"TRIOS COLLEGE BUSINESS TECHNOLOGY HEALTHCARE, SCARBOROUGH",SCARBOROUGH,M1P 2L6,"INFORMATION TECHNOLOGY ADMINISTRATOR (WINDOWS SERVER, MESSAGING & MOBILE SPECIALIST)",Computer and Information Technology,Information Technology,Y,ND,SS,SS,SS,ND,ND
200216,TRIOS COLLEGE BUSINESS TECHNOLOGY HEALTHCARE INC.,115111,"TRIOS COLLEGE BUSINESS TECHNOLOGY HEALTHCARE, SCARBOROUGH",SCARBOROUGH,M1P 2L6,INFORMATION TECHNOLOGY PROFESSIONAL + INTERNSHIP (90 WEEKS)*,Computer and Information Technology,Other - Information Technology,Y,42.9%,See combined program results below,See combined program results below,See combined program results below,See combined program results below,ND
200216,TRIOS COLLEGE BUSINESS TECHNOLOGY HEALTHCARE INC.,115111,"TRIOS COLLEGE BUSINESS TECHNOLOGY HEALTHCARE, SCARBOROUGH",SCARBOROUGH,M1P 2L6,INFORMATION TECHNOLOGY PROFESSIONAL + INTERNSHIP (95 WEEKS)*,Computer and Information Technology,Other - Information Technology,Y,SS,See combined program results below,See combined program results below,See combined program results below,See combined program results below,ND
200216,TRIOS COLLEGE BUSINESS TECHNOLOGY HEALTHCARE INC.,115111,"TRIOS COLLEGE BUSINESS TECHNOLOGY HEALTHCARE, SCARBOROUGH",SCARBOROUGH,M1P 2L6,INFORMATION TECHNOLOGY PROFESSIONAL + INTERNSHIP (COMBINED 90 WEEKS AND 95 WEEKS)**,Computer and Information Technology,Other - Information Technology,Y,See program results above,SS,SS,66.7%,100.0%,See program results above
200216,TRIOS COLLEGE BUSINESS TECHNOLOGY HEALTHCARE INC.,115111,"TRIOS COLLEGE BUSINESS TECHNOLOGY HEALTHCARE, SCARBOROUGH",SCARBOROUGH,M1P 2L6,INFORMATION TECHNOLOGY PROFESSIONAL,Computer and Information Technology,Other - Information Technology,Y,SS,ND,ND,ND,ND,ND
200216,TRIOS COLLEGE BUSINESS TECHNOLOGY HEALTHCARE INC.,115111,"TRIOS COLLEGE BUSINESS TECHNOLOGY HEALTHCARE, SCARBOROUGH",SCARBOROUGH,M1P 2L6,MEDICAL OFFICE ASSISTANT (+INTERNSHIP),Health Services,Medical Office Administration/Management,Y,75.0%,60.0%,40.0%,80.0%,ND,ND
200216,TRIOS COLLEGE BUSINESS TECHNOLOGY HEALTHCARE INC.,115111,"TRIOS COLLEGE BUSINESS TECHNOLOGY HEALTHCARE, SCARBOROUGH",SCARBOROUGH,M1P 2L6,MEDICAL TRANSCRIPTIONIST,Health Services,Medical Office Administration/Management,Y,SS,ND,ND,ND,ND,ND
200216,TRIOS COLLEGE BUSINESS TECHNOLOGY HEALTHCARE INC.,115111,"TRIOS COLLEGE BUSINESS TECHNOLOGY HEALTHCARE, SCARBOROUGH",SCARBOROUGH,M1P 2L6,NETWORK ADMINISTRATOR,Computer and Information Technology,Network Administration,Y,81.3%,66.7%,66.7%,33.3%,ND,ND
200216,TRIOS COLLEGE BUSINESS TECHNOLOGY HEALTHCARE INC.,115111,"TRIOS COLLEGE BUSINESS TECHNOLOGY HEALTHCARE, SCARBOROUGH",SCARBOROUGH,M1P 2L6,PC SUPPORT TECHNICIAN,Computer and Information Technology,Information Technology - Hardware Technician/Network Technician,Y,SS,SS,SS,SS,ND,ND
200216,TRIOS COLLEGE BUSINESS TECHNOLOGY HEALTHCARE INC.,115111,"TRIOS COLLEGE BUSINESS TECHNOLOGY HEALTHCARE, SCARBOROUGH",SCARBOROUGH,M1P 2L6,PERSONAL SUPPORT WORKER,Health Services,Personal Support Worker/Personal Attendant,Y,74.1%,89.7%,82.1%,92.7%,100.0%,ND
200216,TRIOS COLLEGE BUSINESS TECHNOLOGY HEALTHCARE INC.,115111,"TRIOS COLLEGE BUSINESS TECHNOLOGY HEALTHCARE, SCARBOROUGH",SCARBOROUGH,M1P 2L6,POLICE FOUNDATIONS,Law and Public Safety,Law Enforcement/Police Foundations,Y,42.9%,SS,SS,SS,ND,ND
200216,TRIOS COLLEGE BUSINESS TECHNOLOGY HEALTHCARE INC.,115111,"TRIOS COLLEGE BUSINESS TECHNOLOGY HEALTHCARE, SCARBOROUGH",SCARBOROUGH,M1P 2L6,SUPPLY CHAIN & LOGISTICS (+INTERNSHIP),Business,Supply Chain Management and Logistics,Y,78.9%,75.0%,62.5%,50.0%,100.0%,ND
200216,TRIOS COLLEGE BUSINESS TECHNOLOGY HEALTHCARE INC.,115111,"TRIOS COLLEGE BUSINESS TECHNOLOGY HEALTHCARE, SCARBOROUGH",SCARBOROUGH,M1P 2L6,SUPPLY CHAIN & LOGISTICS,Business,Supply Chain Management and Logistics,Y,80.0%,ND,ND,ND,ND,ND
200222,846819 ONTARIO INC.,+,+,,,+,,,Y,38.9%,90.9%,81.8%,63.6%,ND,ND
200222,846819 ONTARIO INC.,101546,"BRUNO'S SCHOOL OF HAIR DESIGN, HAMILTON",HAMILTON,L8K 1V9,+,,,Y,38.9%,90.9%,81.8%,63.6%,ND,ND
200222,846819 ONTARIO INC.,101546,"BRUNO'S SCHOOL OF HAIR DESIGN, HAMILTON",HAMILTON,L8K 1V9,HAIRSTYLING (PART TIME),Service Trade,Hairstylist,Y,18.2%,SS,SS,SS,ND,ND
200222,846819 ONTARIO INC.,101546,"BRUNO'S SCHOOL OF HAIR DESIGN, HAMILTON",HAMILTON,L8K 1V9,HAIRSTYLING,Service Trade,Hairstylist,Y,48.0%,87.5%,75.0%,75.0%,ND,ND
200224,KIKKAWA SHIATSU SCHOOL INC.,+,+,,,+,,,Y,71.4%,100.0%,86.7%,40.0%,ND,ND
200224,KIKKAWA SHIATSU SCHOOL INC.,101551,"KIKKAWA COLLEGE, TORONTO",TORONTO,M6P 4A9,+,,,Y,71.4%,100.0%,86.7%,40.0%,ND,2.5%
200224,KIKKAWA SHIATSU SCHOOL INC.,101551,"KIKKAWA COLLEGE, TORONTO",TORONTO,M6P 4A9,MASSAGE (90 WKS.),Health Services,Massage Therapist,Y,72.7%,100.0%,80.0%,40.0%,ND,ND
200224,KIKKAWA SHIATSU SCHOOL INC.,101551,"KIKKAWA COLLEGE, TORONTO",TORONTO,M6P 4A9,MASSAGE (99 WKS.),Health Services,Massage Therapist,Y,71.0%,100.0%,90.0%,40.0%,ND,ND
200240,HEALTH CARE VOCATIONAL CENTRES INC.,+,+,,,+,,,Y,73.2%,80.2%,62.7%,80.1%,87.9%,ND
200240,HEALTH CARE VOCATIONAL CENTRES INC.,101585,"CAREER COLLEGE GROUP, LAWRENCE AVE. E.",SCARBOROUGH,M1R 3A6,+,,,Y,76.7%,79.3%,66.3%,88.2%,100.0%,3.5%
200240,HEALTH CARE VOCATIONAL CENTRES INC.,101585,"CAREER COLLEGE GROUP, LAWRENCE AVE. E.",SCARBOROUGH,M1R 3A6,DENTAL ADMINISTRATOR ONLINE,Health Services,Office/Clerical/Administration - Dental/Medical,Y,ND,70.0%,70.0%,50.0%,ND,ND
200240,HEALTH CARE VOCATIONAL CENTRES INC.,101585,"CAREER COLLEGE GROUP, LAWRENCE AVE. E.",SCARBOROUGH,M1R 3A6,DENTAL ADMINISTRATOR,Health Services,Office/Clerical/Administration - Dental/Medical,Y,65.5%,ND,ND,ND,ND,ND
200240,HEALTH CARE VOCATIONAL CENTRES INC.,101585,"CAREER COLLEGE GROUP, LAWRENCE AVE. E.",SCARBOROUGH,M1R 3A6,DENTAL ASSISTING - LEVEL I & II,Health Services,Dental Chairside Assistant,Y,91.8%,84.4%,81.3%,94.1%,100.0%,ND
200240,HEALTH CARE VOCATIONAL CENTRES INC.,101585,"CAREER COLLEGE GROUP, LAWRENCE AVE. E.",SCARBOROUGH,M1R 3A6,EARLY CHILDCARE ASSISTANT,Human Services,Early Childhood Assistant,Y,47.4%,77.8%,66.7%,83.3%,ND,ND
200240,HEALTH CARE VOCATIONAL CENTRES INC.,101585,"CAREER COLLEGE GROUP, LAWRENCE AVE. E.",SCARBOROUGH,M1R 3A6,FITNESS AND HEALTH PROMOTION,Human Services,Other - Human Services,Y,ND,ND,ND,ND,ND,ND
200240,HEALTH CARE VOCATIONAL CENTRES INC.,101585,"CAREER COLLEGE GROUP, LAWRENCE AVE. E.",SCARBOROUGH,M1R 3A6,HEALTH AND FITNESS,Human Services,Other - Human Services,Y,ND,ND,ND,ND,ND,ND
200240,HEALTH CARE VOCATIONAL CENTRES INC.,101585,"CAREER COLLEGE GROUP, LAWRENCE AVE. E.",SCARBOROUGH,M1R 3A6,MASSAGE THERAPY (PT),Health Services,Massage Therapist,Y,68.4%,50.0%,50.0%,100.0%,ND,ND
200240,HEALTH CARE VOCATIONAL CENTRES INC.,101585,"CAREER COLLEGE GROUP, LAWRENCE AVE. E.",SCARBOROUGH,M1R 3A6,MEDICAL LABORATORY TECHNICIAN/ASSISTANT,Health Services,Medical Laboratory Technician,Y,73.0%,63.4%,43.9%,84.1%,100.0%,ND
200240,HEALTH CARE VOCATIONAL CENTRES INC.,101585,"CAREER COLLEGE GROUP, LAWRENCE AVE. E.",SCARBOROUGH,M1R 3A6,MEDICAL OFFICE ADMINISTRATOR,Health Services,Medical Office Administration/Management,Y,88.9%,90.6%,62.5%,82.9%,100.0%,ND
200240,HEALTH CARE VOCATIONAL CENTRES INC.,101585,"CAREER COLLEGE GROUP, LAWRENCE AVE. E.",SCARBOROUGH,M1R 3A6,PERSONAL SUPPORT WORKER (F/T DAYS),Health Services,Personal Support Worker/Personal Attendant,Y,67.4%,95.2%,95.2%,95.7%,ND,ND
200240,HEALTH CARE VOCATIONAL CENTRES INC.,101585,"CAREER COLLEGE GROUP, LAWRENCE AVE. E.",SCARBOROUGH,M1R 3A6,PERSONAL SUPPORT WORKER (FT EVENINGS),Health Services,Personal Support Worker/Personal Attendant,Y,70.5%,91.7%,66.7%,92.3%,ND,ND
200240,HEALTH CARE VOCATIONAL CENTRES INC.,101585,"CAREER COLLEGE GROUP, LAWRENCE AVE. E.",SCARBOROUGH,M1R 3A6,PHARMACY ASSISTANT,Health Services,Pharmacy Assistant,Y,85.7%,76.2%,66.7%,100.0%,100.0%,ND
200240,HEALTH CARE VOCATIONAL CENTRES INC.,101601,"CAREER COLLEGE GROUP, LAWRENCE AVE. W.",TORONTO,M6A 3B4,+,,,Y,69.5%,80.9%,60.0%,81.1%,80.0%,4.9%
200240,HEALTH CARE VOCATIONAL CENTRES INC.,101601,"CAREER COLLEGE GROUP, LAWRENCE AVE. W.",TORONTO,M6A 3B4,COMMUNITY SERVICE WORKER,Community and Social Services,Community Services Worker,Y,68.4%,83.3%,66.7%,66.7%,ND,ND
200240,HEALTH CARE VOCATIONAL CENTRES INC.,101601,"CAREER COLLEGE GROUP, LAWRENCE AVE. W.",TORONTO,M6A 3B4,DENTAL ADMINISTRATOR,Health Services,Office/Clerical/Administration - Dental/Medical,Y,61.5%,71.4%,42.9%,66.7%,ND,ND
200240,HEALTH CARE VOCATIONAL CENTRES INC.,101601,"CAREER COLLEGE GROUP, LAWRENCE AVE. W.",TORONTO,M6A 3B4,DENTAL ASSISTING - LEVEL I & II,Health Services,Dental Chairside Assistant,Y,80.0%,87.0%,87.0%,79.2%,100.0%,ND
200240,HEALTH CARE VOCATIONAL CENTRES INC.,101601,"CAREER COLLEGE GROUP, LAWRENCE AVE. W.",TORONTO,M6A 3B4,EARLY CHILDCARE ASSISTANT,Human Services,Early Childhood Assistant,Y,46.7%,80.0%,50.0%,92.3%,0.0%,ND
200240,HEALTH CARE VOCATIONAL CENTRES INC.,101601,"CAREER COLLEGE GROUP, LAWRENCE AVE. W.",TORONTO,M6A 3B4,INTRA ORAL DENTAL ASSISTANT,Health Services,Intra-Oral Dental Assistant,Y,SS,ND,ND,ND,ND,ND
200240,HEALTH CARE VOCATIONAL CENTRES INC.,101601,"CAREER COLLEGE GROUP, LAWRENCE AVE. W.",TORONTO,M6A 3B4,MASSAGE THERAPY (FT),Health Services,Massage Therapist,Y,83.3%,100.0%,66.7%,66.7%,ND,ND
200240,HEALTH CARE VOCATIONAL CENTRES INC.,101601,"CAREER COLLEGE GROUP, LAWRENCE AVE. W.",TORONTO,M6A 3B4,MEDICAL LABORATORY TECHNICIAN/ASSISTANT,Health Services,Medical Laboratory Technician,Y,80.8%,74.3%,25.7%,75.7%,100.0%,ND
200240,HEALTH CARE VOCATIONAL CENTRES INC.,101601,"CAREER COLLEGE GROUP, LAWRENCE AVE. W.",TORONTO,M6A 3B4,MEDICAL OFFICE ADMINISTRATOR,Health Services,Medical Office Administration/Management,Y,87.6%,74.0%,58.0%,90.2%,100.0%,ND
200240,HEALTH CARE VOCATIONAL CENTRES INC.,101601,"CAREER COLLEGE GROUP, LAWRENCE AVE. W.",TORONTO,M6A 3B4,PERSONAL SUPPORT WORKER (F/T DAYS),Health Services,Personal Support Worker/Personal Attendant,Y,53.9%,88.9%,81.5%,89.7%,ND,ND
200240,HEALTH CARE VOCATIONAL CENTRES INC.,101601,"CAREER COLLEGE GROUP, LAWRENCE AVE. W.",TORONTO,M6A 3B4,PERSONAL SUPPORT WORKER (F/T EVENINGS),Health Services,Personal Support Worker/Personal Attendant,Y,56.5%,87.5%,70.8%,87.0%,ND,ND
200240,HEALTH CARE VOCATIONAL CENTRES INC.,101601,"CAREER COLLEGE GROUP, LAWRENCE AVE. W.",TORONTO,M6A 3B4,PHARMACY ASSISTANT,Health Services,Pharmacy Assistant,Y,89.8%,82.4%,52.9%,70.0%,100.0%,ND
200240,HEALTH CARE VOCATIONAL CENTRES INC.,101602,"CAREER COLLEGE GROUP, LONDON/HIGHBURY",LONDON,N5Y 5B8,+,,,Y,81.0%,74.1%,59.3%,35.7%,66.7%,12.7%
200240,HEALTH CARE VOCATIONAL CENTRES INC.,101602,"CAREER COLLEGE GROUP, LONDON/HIGHBURY",LONDON,N5Y 5B8,CABINETMAKING,Service Trade,Other- Service Trade,Y,88.9%,100.0%,100.0%,50.0%,0.0%,ND
200240,HEALTH CARE VOCATIONAL CENTRES INC.,101602,"CAREER COLLEGE GROUP, LONDON/HIGHBURY",LONDON,N5Y 5B8,CONSTRUCTION & MAINTENANCE ELECTRICIAN PRE-APPRENTICESHIP,Service Trade,Other- Service Trade,Y,93.2%,65.0%,35.0%,30.0%,ND,ND
200240,HEALTH CARE VOCATIONAL CENTRES INC.,101602,"CAREER COLLEGE GROUP, LONDON/HIGHBURY",LONDON,N5Y 5B8,"HEATING, VENTILATION, AIR CONDITIONING (HVAC) TECHNICIAN",Service Trade,Other- Service Trade,Y,78.7%,71.4%,66.7%,19.0%,100.0%,ND
200240,HEALTH CARE VOCATIONAL CENTRES INC.,101602,"CAREER COLLEGE GROUP, LONDON/HIGHBURY",LONDON,N5Y 5B8,HOME RENOVATION TECHNICIAN,Service Trade,Other- Service Trade,Y,52.6%,100.0%,80.0%,80.0%,ND,ND
200240,HEALTH CARE VOCATIONAL CENTRES INC.,101602,"CAREER COLLEGE GROUP, LONDON/HIGHBURY",LONDON,N5Y 5B8,STRUCTURAL & PRESSURE VESSEL WELDER,Industrial Trade,Welder,Y,82.1%,66.7%,66.7%,75.0%,ND,ND
200240,HEALTH CARE VOCATIONAL CENTRES INC.,106859,"CAREER COLLEGE GROUP, BRAMPTON",BRAMPTON,L6Y 1N7,+,,,Y,73.0%,82.1%,63.6%,83.4%,88.9%,7.7%
200240,HEALTH CARE VOCATIONAL CENTRES INC.,106859,"CAREER COLLEGE GROUP, BRAMPTON",BRAMPTON,L6Y 1N7,CONSTRUCTION & MAINTENANCE ELECTRICIAN PRE-APPRENTICESHIP,Service Trade,Other- Service Trade,Y,93.3%,75.0%,50.0%,77.8%,100.0%,ND
200240,HEALTH CARE VOCATIONAL CENTRES INC.,106859,"CAREER COLLEGE GROUP, BRAMPTON",BRAMPTON,L6Y 1N7,DENTAL ASSISTING - LEVEL I & II,Health Services,Dental Chairside Assistant,Y,83.3%,92.3%,84.6%,93.3%,100.0%,ND
200240,HEALTH CARE VOCATIONAL CENTRES INC.,106859,"CAREER COLLEGE GROUP, BRAMPTON",BRAMPTON,L6Y 1N7,EARLY CHILDCARE ASSISTANT,Human Services,Early Childhood Assistant,Y,88.9%,100.0%,75.0%,100.0%,100.0%,ND
200240,HEALTH CARE VOCATIONAL CENTRES INC.,106859,"CAREER COLLEGE GROUP, BRAMPTON",BRAMPTON,L6Y 1N7,"HEATING, VENTILATION, AIR CONDITIONING (HVAC) TECHNICIAN",Service Trade,Other- Service Trade,Y,75.0%,77.8%,55.6%,70.0%,0.0%,ND
200240,HEALTH CARE VOCATIONAL CENTRES INC.,106859,"CAREER COLLEGE GROUP, BRAMPTON",BRAMPTON,L6Y 1N7,HOME INSPECTION,Services,Other - Services,Y,61.5%,75.0%,0.0%,50.0%,ND,ND
200240,HEALTH CARE VOCATIONAL CENTRES INC.,106859,"CAREER COLLEGE GROUP, BRAMPTON",BRAMPTON,L6Y 1N7,MASSAGE THERAPY (FT),Health Services,Massage Therapist,Y,ND,SS,SS,SS,ND,ND
200240,HEALTH CARE VOCATIONAL CENTRES INC.,106859,"CAREER COLLEGE GROUP, BRAMPTON",BRAMPTON,L6Y 1N7,MASSAGE THERAPY (PT),Health Services,Massage Therapist,Y,55.0%,63.6%,54.5%,100.0%,ND,ND
200240,HEALTH CARE VOCATIONAL CENTRES INC.,106859,"CAREER COLLEGE GROUP, BRAMPTON",BRAMPTON,L6Y 1N7,MEDICAL LABORATORY TECHNICIAN/ASSISTANT,Health Services,Medical Laboratory Technician,Y,58.0%,78.6%,61.9%,76.2%,100.0%,ND
200240,HEALTH CARE VOCATIONAL CENTRES INC.,106859,"CAREER COLLEGE GROUP, BRAMPTON",BRAMPTON,L6Y 1N7,MEDICAL OFFICE ADMINISTRATOR,Health Services,Medical Office Administration/Management,Y,84.0%,87.0%,69.6%,81.5%,100.0%,ND
200240,HEALTH CARE VOCATIONAL CENTRES INC.,106859,"CAREER COLLEGE GROUP, BRAMPTON",BRAMPTON,L6Y 1N7,PERSONAL SUPPORT WORKER (F/T DAYS),Health Services,Personal Support Worker/Personal Attendant,Y,65.8%,91.3%,78.3%,100.0%,ND,ND
200240,HEALTH CARE VOCATIONAL CENTRES INC.,106859,"CAREER COLLEGE GROUP, BRAMPTON",BRAMPTON,L6Y 1N7,PERSONAL SUPPORT WORKER (F/T EVENINGS),Health Services,Personal Support Worker/Personal Attendant,Y,57.9%,100.0%,100.0%,100.0%,100.0%,ND
200240,HEALTH CARE VOCATIONAL CENTRES INC.,106859,"CAREER COLLEGE GROUP, BRAMPTON",BRAMPTON,L6Y 1N7,PHARMACY ASSISTANT,Health Services,Pharmacy Assistant,Y,94.1%,80.0%,40.0%,60.0%,ND,ND
200240,HEALTH CARE VOCATIONAL CENTRES INC.,106859,"CAREER COLLEGE GROUP, BRAMPTON",BRAMPTON,L6Y 1N7,STRUCTURAL & PRESSURE VESSEL WELDER,Industrial Trade,Welder,Y,60.0%,100.0%,50.0%,75.0%,ND,ND
200241,THE WILLIS BUSINESS COLLEGE LIMITED,+,+,,,+,,,Y,72.2%,84.0%,70.1%,81.8%,93.8%,ND
200241,THE WILLIS BUSINESS COLLEGE LIMITED,101587,"WILLIS COLLEGE OF BUSINESS, TECHNOLOGY, HEALTHCARE, OTTAWA",OTTAWA,K1K 3B8,+,,,Y,71.8%,84.0%,70.0%,82.0%,93.8%,9.8%
200241,THE WILLIS BUSINESS COLLEGE LIMITED,101587,"WILLIS COLLEGE OF BUSINESS, TECHNOLOGY, HEALTHCARE, OTTAWA",OTTAWA,K1K 3B8,ACCOUNTING AND PAYROLL TECHNICIAN (DISTANCE EDUCATION),Business,Accounting,Y,ND,SS,SS,SS,ND,ND
200241,THE WILLIS BUSINESS COLLEGE LIMITED,101587,"WILLIS COLLEGE OF BUSINESS, TECHNOLOGY, HEALTHCARE, OTTAWA",OTTAWA,K1K 3B8,ADDICTIONS AND COMMUNITY SERVICES WORKER (DISTANCE EDUCATION),Community and Social Services,Community Services Worker,Y,ND,84.6%,69.2%,86.2%,66.7%,ND
200241,THE WILLIS BUSINESS COLLEGE LIMITED,101587,"WILLIS COLLEGE OF BUSINESS, TECHNOLOGY, HEALTHCARE, OTTAWA",OTTAWA,K1K 3B8,ADDICTIONS AND COMMUNITY SERVICES WORKER,Community and Social Services,Community Services Worker,Y,65.0%,81.3%,56.3%,43.8%,ND,ND
200241,THE WILLIS BUSINESS COLLEGE LIMITED,101587,"WILLIS COLLEGE OF BUSINESS, TECHNOLOGY, HEALTHCARE, OTTAWA",OTTAWA,K1K 3B8,ADMINISTRATIVE ASSISTANT - DISTANCE EDUCATION,Business,Office Administration,Y,ND,SS,SS,SS,ND,ND
200241,THE WILLIS BUSINESS COLLEGE LIMITED,101587,"WILLIS COLLEGE OF BUSINESS, TECHNOLOGY, HEALTHCARE, OTTAWA",OTTAWA,K1K 3B8,ADMINISTRATIVE ASSISTANT,Business,Office Administration,Y,80.0%,SS,SS,SS,ND,ND
200241,THE WILLIS BUSINESS COLLEGE LIMITED,101587,"WILLIS COLLEGE OF BUSINESS, TECHNOLOGY, HEALTHCARE, OTTAWA",OTTAWA,K1K 3B8,APPLIED CYBER SECURITY ANALYST,Computer and Information Technology,Computer Security and Project Management,Y,72.2%,ND,ND,ND,ND,ND
200241,THE WILLIS BUSINESS COLLEGE LIMITED,101587,"WILLIS COLLEGE OF BUSINESS, TECHNOLOGY, HEALTHCARE, OTTAWA",OTTAWA,K1K 3B8,BOOKKEEPING PAYROLL ASSISTANT,Business,Business Administration,Y,SS,SS,SS,SS,ND,ND
200241,THE WILLIS BUSINESS COLLEGE LIMITED,101587,"WILLIS COLLEGE OF BUSINESS, TECHNOLOGY, HEALTHCARE, OTTAWA",OTTAWA,K1K 3B8,BUSINESS ADMINISTRATION - ACCOUNTING & BUSINESS MANAGEMENT SPECIALIST,Business,Business Administration,Y,SS,SS,SS,SS,ND,ND
200241,THE WILLIS BUSINESS COLLEGE LIMITED,101587,"WILLIS COLLEGE OF BUSINESS, TECHNOLOGY, HEALTHCARE, OTTAWA",OTTAWA,K1K 3B8,BUSINESS ADMINISTRATION -BUSINESS MANAGEMENT & HUMAN RESOURCES SPECIALIST,Business,Business Administration,Y,100.0%,80.0%,80.0%,100.0%,ND,ND
200241,THE WILLIS BUSINESS COLLEGE LIMITED,101587,"WILLIS COLLEGE OF BUSINESS, TECHNOLOGY, HEALTHCARE, OTTAWA",OTTAWA,K1K 3B8,CYBERSECURITY ANALYST (DISTANCE EDUCATION),Computer and Information Technology,Computer Security and Project Management,Y,ND,50.0%,50.0%,30.0%,ND,ND
200241,THE WILLIS BUSINESS COLLEGE LIMITED,101587,"WILLIS COLLEGE OF BUSINESS, TECHNOLOGY, HEALTHCARE, OTTAWA",OTTAWA,K1K 3B8,CYBERSECURITY ANALYST,Computer and Information Technology,Computer Security and Project Management,Y,ND,64.3%,35.7%,64.3%,ND,ND
200241,THE WILLIS BUSINESS COLLEGE LIMITED,101587,"WILLIS COLLEGE OF BUSINESS, TECHNOLOGY, HEALTHCARE, OTTAWA",OTTAWA,K1K 3B8,CYBERSECURITY OPERATOR (DISTANCE EDUCATION),Computer and Information Technology,Computer Security and Project Management,Y,ND,SS,SS,SS,ND,ND
200241,THE WILLIS BUSINESS COLLEGE LIMITED,101587,"WILLIS COLLEGE OF BUSINESS, TECHNOLOGY, HEALTHCARE, OTTAWA",OTTAWA,K1K 3B8,CYBERSECURITY OPERATOR,Computer and Information Technology,Computer Security and Project Management,Y,80.0%,SS,SS,SS,ND,ND
200241,THE WILLIS BUSINESS COLLEGE LIMITED,101587,"WILLIS COLLEGE OF BUSINESS, TECHNOLOGY, HEALTHCARE, OTTAWA",OTTAWA,K1K 3B8,DENTAL ASSISTANT - LEVEL I & II,Health Services,Dental Chairside Assistant,Y,58.3%,57.1%,42.9%,71.4%,ND,ND
200241,THE WILLIS BUSINESS COLLEGE LIMITED,101587,"WILLIS COLLEGE OF BUSINESS, TECHNOLOGY, HEALTHCARE, OTTAWA",OTTAWA,K1K 3B8,EXECUTIVE BUSINESS ADMINISTRATION - DISTANCE EDUCATION,Business,Business Administration,Y,ND,ND,ND,ND,ND,ND
200241,THE WILLIS BUSINESS COLLEGE LIMITED,101587,"WILLIS COLLEGE OF BUSINESS, TECHNOLOGY, HEALTHCARE, OTTAWA",OTTAWA,K1K 3B8,EXECUTIVE BUSINESS ADMINISTRATION DIPLOMA,Business,Business Administration,Y,85.4%,66.7%,40.0%,53.3%,100.0%,ND
200241,THE WILLIS BUSINESS COLLEGE LIMITED,101587,"WILLIS COLLEGE OF BUSINESS, TECHNOLOGY, HEALTHCARE, OTTAWA",OTTAWA,K1K 3B8,HELP DESK AND NETWORK SUPPORT TECHNICIAN (DISTANCE EDUCATION),Computer and Information Technology,Information Technology - Hardware Technician/Network Technician,Y,ND,SS,SS,SS,ND,ND
200241,THE WILLIS BUSINESS COLLEGE LIMITED,101587,"WILLIS COLLEGE OF BUSINESS, TECHNOLOGY, HEALTHCARE, OTTAWA",OTTAWA,K1K 3B8,HELP DESK AND NETWORK SUPPORT TECHNICIAN,Computer and Information Technology,Information Technology - Hardware Technician/Network Technician,Y,SS,ND,ND,ND,ND,ND
200241,THE WILLIS BUSINESS COLLEGE LIMITED,101587,"WILLIS COLLEGE OF BUSINESS, TECHNOLOGY, HEALTHCARE, OTTAWA",OTTAWA,K1K 3B8,HUMAN RESOURCES WITH PAYROLL (DISTANCE EDUCATION),Business,Human Resources,Y,ND,SS,SS,SS,ND,ND
200241,THE WILLIS BUSINESS COLLEGE LIMITED,101587,"WILLIS COLLEGE OF BUSINESS, TECHNOLOGY, HEALTHCARE, OTTAWA",OTTAWA,K1K 3B8,HUMAN RESOURCES WITH PAYROLL (42 WEEKS)*,Business,Human Resources,Y,100.0%,See combined program results below,See combined program results below,See combined program results below,See combined program results below,ND
200241,THE WILLIS BUSINESS COLLEGE LIMITED,101587,"WILLIS COLLEGE OF BUSINESS, TECHNOLOGY, HEALTHCARE, OTTAWA",OTTAWA,K1K 3B8,HUMAN RESOURCES WITH PAYROLL (47 WEEKS)*,Business,Human Resources,Y,SS,See combined program results below,See combined program results below,See combined program results below,See combined program results below,ND
200241,THE WILLIS BUSINESS COLLEGE LIMITED,101587,"WILLIS COLLEGE OF BUSINESS, TECHNOLOGY, HEALTHCARE, OTTAWA",OTTAWA,K1K 3B8,HUMAN RESOURCES WITH PAYROLL (COMBINED 42 WEEKS AND 47 WEEKS)**,Business,Human Resources,Y,See program results above,ND,ND,ND,ND,See program results above
200241,THE WILLIS BUSINESS COLLEGE LIMITED,101587,"WILLIS COLLEGE OF BUSINESS, TECHNOLOGY, HEALTHCARE, OTTAWA",OTTAWA,K1K 3B8,MEDICAL OFFICE ADMINISTRATOR WITH WARD CLERK SPECIALIST - DISTANCE EDUCATION,Health Services,Medical Office Administration/Management,Y,ND,100.0%,61.1%,88.9%,100.0%,ND
200241,THE WILLIS BUSINESS COLLEGE LIMITED,101587,"WILLIS COLLEGE OF BUSINESS, TECHNOLOGY, HEALTHCARE, OTTAWA",OTTAWA,K1K 3B8,MEDICAL OFFICE ADMINISTRATOR WITH WARD CLERK SPECIALIST,Health Services,Medical Office Administration/Management,Y,83.9%,81.8%,63.6%,71.4%,100.0%,ND
200241,THE WILLIS BUSINESS COLLEGE LIMITED,101587,"WILLIS COLLEGE OF BUSINESS, TECHNOLOGY, HEALTHCARE, OTTAWA",OTTAWA,K1K 3B8,PERSONAL SUPPORT WORKER,Health Services,Personal Support Worker/Personal Attendant,Y,57.8%,92.3%,86.4%,94.4%,100.0%,ND
200241,THE WILLIS BUSINESS COLLEGE LIMITED,101587,"WILLIS COLLEGE OF BUSINESS, TECHNOLOGY, HEALTHCARE, OTTAWA",OTTAWA,K1K 3B8,PHARMACY ASSISTANT (DISTANCE EDUCATION),Health Services,Pharmacy Assistant,Y,ND,SS,SS,SS,ND,ND
200241,THE WILLIS BUSINESS COLLEGE LIMITED,101587,"WILLIS COLLEGE OF BUSINESS, TECHNOLOGY, HEALTHCARE, OTTAWA",OTTAWA,K1K 3B8,PHARMACY ASSISTANT,Health Services,Pharmacy Assistant,Y,100.0%,ND,ND,100.0%,ND,ND
200241,THE WILLIS BUSINESS COLLEGE LIMITED,101587,"WILLIS COLLEGE OF BUSINESS, TECHNOLOGY, HEALTHCARE, OTTAWA",OTTAWA,K1K 3B8,SOFTWARE DEVELOPER - MOBILE APPLICATIONS,Computer and Information Technology,Information Technology,Y,85.7%,ND,ND,ND,ND,ND
200241,THE WILLIS BUSINESS COLLEGE LIMITED,101587,"WILLIS COLLEGE OF BUSINESS, TECHNOLOGY, HEALTHCARE, OTTAWA",OTTAWA,K1K 3B8,SUPPLY CHAIN MANAGEMENT - DISTANCE EDUCATION,Business,Supply Chain Management and Logistics,Y,ND,SS,SS,SS,ND,ND
200241,THE WILLIS BUSINESS COLLEGE LIMITED,134894,"WILLIS COLLEGE OF BUSINESS, TECHNOLOGY, HEALTHCARE, ARNPRIOR",ARNPRIOR,K7S 3G9,+,,,Y,100.0%,100.0%,100.0%,0.0%,ND,7.8%
200241,THE WILLIS BUSINESS COLLEGE LIMITED,134894,"WILLIS COLLEGE OF BUSINESS, TECHNOLOGY, HEALTHCARE, ARNPRIOR",ARNPRIOR,K7S 3G9,CYBER SECURITY ANALYST,Computer and Information Technology,Computer Security and Project Management,Y,ND,ND,ND,ND,ND,ND
200241,THE WILLIS BUSINESS COLLEGE LIMITED,134894,"WILLIS COLLEGE OF BUSINESS, TECHNOLOGY, HEALTHCARE, ARNPRIOR",ARNPRIOR,K7S 3G9,EXECUTIVE BUSINESS ADMINISTRATION DIPLOMA,Business,Business Administration,Y,SS,ND,ND,ND,ND,ND
200241,THE WILLIS BUSINESS COLLEGE LIMITED,134894,"WILLIS COLLEGE OF BUSINESS, TECHNOLOGY, HEALTHCARE, ARNPRIOR",ARNPRIOR,K7S 3G9,MEDICAL OFFICE ADMINISTRATOR WITH WARD CLERK SPECIALIST,Health Services,Medical Office Administration/Management,Y,SS,ND,ND,ND,ND,ND
200241,THE WILLIS BUSINESS COLLEGE LIMITED,134894,"WILLIS COLLEGE OF BUSINESS, TECHNOLOGY, HEALTHCARE, ARNPRIOR",ARNPRIOR,K7S 3G9,NETWORK SECURITY PROFESSIONAL,Computer and Information Technology,Information Technology,Y,SS,SS,SS,SS,ND,ND
200243,THE HARRIS INST. FOR THE ARTS INC.,+,+,,,+,,,Y,61.5%,81.8%,72.7%,76.9%,ND,ND
200243,THE HARRIS INST. FOR THE ARTS INC.,101590,"HARRIS INSTITUTE, TORONTO",TORONTO,M5A 2R2,+,,,Y,61.5%,81.8%,72.7%,76.9%,ND,10.0%
200243,THE HARRIS INST. FOR THE ARTS INC.,101590,"HARRIS INSTITUTE, TORONTO",TORONTO,M5A 2R2,ARTS MANAGEMENT PROGRAM,Applied Arts and Science,Music Production and Recording Arts Technology,Y,70.6%,100.0%,100.0%,83.3%,ND,ND
200243,THE HARRIS INST. FOR THE ARTS INC.,101590,"HARRIS INSTITUTE, TORONTO",TORONTO,M5A 2R2,AUDIO PRODUCTION PROGRAM,Applied Arts and Science,Music Production and Recording Arts Technology,Y,54.5%,71.4%,57.1%,71.4%,ND,ND
200244,THE AUTOMOTIVE TRAINING CENTRE (ONTARIO ) LTD.,+,+,,,+,,,Y,82.7%,77.5%,49.3%,68.9%,100.0%,ND
200244,THE AUTOMOTIVE TRAINING CENTRE (ONTARIO ) LTD.,101339,"CANADIAN AUTOMOTIVE AND TRUCKING INSTITUTE, CAMBRIDGE",CAMBRIDGE,N1T 2A9,+,,,Y,71.3%,80.0%,50.0%,58.3%,ND,4.6%
200244,THE AUTOMOTIVE TRAINING CENTRE (ONTARIO ) LTD.,101339,"CANADIAN AUTOMOTIVE AND TRUCKING INSTITUTE, CAMBRIDGE",CAMBRIDGE,N1T 2A9,AUTOMOTIVE TECHNOLOGY DIPLOMA,Motive Power Trade,Automotive Service Technician,Y,77.5%,80.0%,50.0%,58.3%,ND,ND
200244,THE AUTOMOTIVE TRAINING CENTRE (ONTARIO ) LTD.,101339,"CANADIAN AUTOMOTIVE AND TRUCKING INSTITUTE, CAMBRIDGE",CAMBRIDGE,N1T 2A9,TRANSPORTATION OPERATIONS AND DISPATCHING,Business,Supply Chain Management and Logistics,Y,0.0%,ND,ND,ND,ND,ND
200244,THE AUTOMOTIVE TRAINING CENTRE (ONTARIO ) LTD.,101591,"AUTOMOTIVE TRAINING CENTRE (THE), TORONTO",TORONTO,M8Z 2R4,+,,,Y,88.7%,77.0%,49.2%,71.0%,100.0%,8.1%
200244,THE AUTOMOTIVE TRAINING CENTRE (ONTARIO ) LTD.,101591,"AUTOMOTIVE TRAINING CENTRE (THE), TORONTO",TORONTO,M8Z 2R4,AUTOMOTIVE SERVICE OPERATIONS SPECIALIST,Motive Power Trade,Automotive Service Technician,Y,SS,SS,SS,SS,ND,ND
200244,THE AUTOMOTIVE TRAINING CENTRE (ONTARIO ) LTD.,101591,"AUTOMOTIVE TRAINING CENTRE (THE), TORONTO",TORONTO,M8Z 2R4,AUTOMOTIVE TECHNOLOGY DIPLOMA,Motive Power Trade,Automotive Service Technician,Y,91.6%,78.6%,50.0%,71.9%,100.0%,ND
200244,THE AUTOMOTIVE TRAINING CENTRE (ONTARIO ) LTD.,101591,"AUTOMOTIVE TRAINING CENTRE (THE), TORONTO",TORONTO,M8Z 2R4,TRANSPORTATION OPERATIONS AND DISPATCHING,Business,Supply Chain Management and Logistics,Y,45.5%,33.3%,33.3%,33.3%,ND,ND
200245,1756702 ONTARIO INC.,+,+,,,+,,,Y,87.2%,42.4%,24.2%,85.4%,ND,ND
200245,1756702 ONTARIO INC.,101593,"ACADEMY OF LEARNING CAREER AND BUSINESS COLLEGE, 101593",SCARBOROUGH,M1S 5K7,+,,,Y,87.2%,42.4%,24.2%,85.4%,ND,3.7%
200245,1756702 ONTARIO INC.,101593,"ACADEMY OF LEARNING CAREER AND BUSINESS COLLEGE, 101593",SCARBOROUGH,M1S 5K7,ADMINISTRATIVE ASSISTANT,Business,Office Administration,Y,ND,ND,ND,SS,ND,ND
200245,1756702 ONTARIO INC.,101593,"ACADEMY OF LEARNING CAREER AND BUSINESS COLLEGE, 101593",SCARBOROUGH,M1S 5K7,BUSINESS ACCOUNTING,Business,Accounting,Y,ND,ND,ND,ND,ND,ND
200245,1756702 ONTARIO INC.,101593,"ACADEMY OF LEARNING CAREER AND BUSINESS COLLEGE, 101593",SCARBOROUGH,M1S 5K7,BUSINESS ADMINISTRATION DIPLOMA,Business,Business Administration,Y,96.2%,25.0%,0.0%,100.0%,ND,ND
200245,1756702 ONTARIO INC.,101593,"ACADEMY OF LEARNING CAREER AND BUSINESS COLLEGE, 101593",SCARBOROUGH,M1S 5K7,BUSINESS OFFICE ACCOUNTING CLERK,Business,Accounting,Y,ND,SS,SS,SS,ND,ND
200245,1756702 ONTARIO INC.,101593,"ACADEMY OF LEARNING CAREER AND BUSINESS COLLEGE, 101593",SCARBOROUGH,M1S 5K7,COMMUNITY SERVICE WORKER (2017),Community and Social Services,Community Services Worker,Y,50.0%,SS,SS,SS,ND,ND
200245,1756702 ONTARIO INC.,101593,"ACADEMY OF LEARNING CAREER AND BUSINESS COLLEGE, 101593",SCARBOROUGH,M1S 5K7,COMPUTER SERVICE TECHNICIAN,Computer and Information Technology,Information Technology,Y,SS,ND,ND,ND,ND,ND
200245,1756702 ONTARIO INC.,101593,"ACADEMY OF LEARNING CAREER AND BUSINESS COLLEGE, 101593",SCARBOROUGH,M1S 5K7,COMPUTERIZED ACCOUNTING,Business,Accounting,Y,SS,SS,SS,SS,ND,ND
200245,1756702 ONTARIO INC.,101593,"ACADEMY OF LEARNING CAREER AND BUSINESS COLLEGE, 101593",SCARBOROUGH,M1S 5K7,CONFERENCE AND EVENT PLANNER,Business,Hospitality Administration/Management,Y,87.3%,30.0%,10.0%,69.2%,ND,ND
200245,1756702 ONTARIO INC.,101593,"ACADEMY OF LEARNING CAREER AND BUSINESS COLLEGE, 101593",SCARBOROUGH,M1S 5K7,CUSTOMER SERVICE AND INFORMATION CLERK,Services,Customer Service/Retail Sales,Y,SS,ND,ND,ND,ND,ND
200245,1756702 ONTARIO INC.,101593,"ACADEMY OF LEARNING CAREER AND BUSINESS COLLEGE, 101593",SCARBOROUGH,M1S 5K7,DENTAL ADMINISTRATIVE ASSISTANT CERTIFICATE,Health Services,Office/Clerical/Administration - Dental/Medical,Y,SS,SS,SS,SS,ND,ND
200245,1756702 ONTARIO INC.,101593,"ACADEMY OF LEARNING CAREER AND BUSINESS COLLEGE, 101593",SCARBOROUGH,M1S 5K7,GRAPHIC DESIGNER,Applied Arts and Science,Graphic Design/Printing,Y,ND,SS,SS,SS,ND,ND
200245,1756702 ONTARIO INC.,101593,"ACADEMY OF LEARNING CAREER AND BUSINESS COLLEGE, 101593",SCARBOROUGH,M1S 5K7,HOME INSPECTION CERTIFICATE,Services,Other - Services,Y,SS,ND,ND,ND,ND,ND
200245,1756702 ONTARIO INC.,101593,"ACADEMY OF LEARNING CAREER AND BUSINESS COLLEGE, 101593",SCARBOROUGH,M1S 5K7,HOME INSPECTION DIPLOMA,Services,Other - Services,Y,85.7%,100.0%,60.0%,100.0%,ND,ND
200245,1756702 ONTARIO INC.,101593,"ACADEMY OF LEARNING CAREER AND BUSINESS COLLEGE, 101593",SCARBOROUGH,M1S 5K7,MEDICAL OFFICE ADMINISTRATION,Health Services,Medical Office Administration/Management,Y,SS,SS,SS,SS,ND,ND
200245,1756702 ONTARIO INC.,101593,"ACADEMY OF LEARNING CAREER AND BUSINESS COLLEGE, 101593",SCARBOROUGH,M1S 5K7,MEDICAL OFFICE ASSISTANT WITH HEALTH UNIT COORDINATOR SPECIALTY,Health Services,Medical Office Administration/Management,Y,SS,SS,SS,SS,ND,ND
200245,1756702 ONTARIO INC.,101593,"ACADEMY OF LEARNING CAREER AND BUSINESS COLLEGE, 101593",SCARBOROUGH,M1S 5K7,MEDICAL OFFICE ASSISTANT,Health Services,Medical Office Administration/Management,Y,81.8%,ND,ND,ND,ND,ND
200245,1756702 ONTARIO INC.,101593,"ACADEMY OF LEARNING CAREER AND BUSINESS COLLEGE, 101593",SCARBOROUGH,M1S 5K7,MEDICAL RECEPTIONIST,Health Services,Office/Clerical/Administration - Dental/Medical,Y,SS,SS,SS,SS,ND,ND
200245,1756702 ONTARIO INC.,101593,"ACADEMY OF LEARNING CAREER AND BUSINESS COLLEGE, 101593",SCARBOROUGH,M1S 5K7,PROJECT ADMINISTRATION,Business,Project Administration/Management,Y,ND,ND,ND,SS,ND,ND
200245,1756702 ONTARIO INC.,101593,"ACADEMY OF LEARNING CAREER AND BUSINESS COLLEGE, 101593",SCARBOROUGH,M1S 5K7,SALES PROFESSIONAL,Services,Customer Service/Retail Sales,Y,SS,SS,SS,SS,ND,ND
200245,1756702 ONTARIO INC.,101593,"ACADEMY OF LEARNING CAREER AND BUSINESS COLLEGE, 101593",SCARBOROUGH,M1S 5K7,WEB DESIGNER,Computer and Information Technology,Information Technology,Y,ND,ND,ND,ND,ND,ND
200246,1241064 ONTARIO LTD.,+,+,,,+,,,Y,88.2%,64.7%,41.2%,78.9%,ND,ND
200246,1241064 ONTARIO LTD.,101594,"ACADEMY OF LEARNING CAREER AND BUSINESS COLLEGE, TORONTO/3585 LAWRENCE AVE. E.",TORONTO,M1G 1P4,+,,,Y,88.2%,64.7%,41.2%,78.9%,ND,7.7%
200246,1241064 ONTARIO LTD.,101594,"ACADEMY OF LEARNING CAREER AND BUSINESS COLLEGE, TORONTO/3585 LAWRENCE AVE. E.",TORONTO,M1G 1P4,ACCOUNTING AND PAYROLL ADMINISTRATOR,Business,Accounting and Payroll Administration,Y,SS,ND,ND,ND,ND,ND
200246,1241064 ONTARIO LTD.,101594,"ACADEMY OF LEARNING CAREER AND BUSINESS COLLEGE, TORONTO/3585 LAWRENCE AVE. E.",TORONTO,M1G 1P4,BUSINESS ADMINISTRATION DIPLOMA,Business,Business Administration,Y,88.9%,66.7%,50.0%,85.7%,ND,ND
200246,1241064 ONTARIO LTD.,101594,"ACADEMY OF LEARNING CAREER AND BUSINESS COLLEGE, TORONTO/3585 LAWRENCE AVE. E.",TORONTO,M1G 1P4,COMPUTER SERVICE TECHNICIAN,Computer and Information Technology,Information Technology,Y,SS,ND,ND,ND,ND,ND
200246,1241064 ONTARIO LTD.,101594,"ACADEMY OF LEARNING CAREER AND BUSINESS COLLEGE, TORONTO/3585 LAWRENCE AVE. E.",TORONTO,M1G 1P4,COMPUTERIZED ACCOUNTING,Business,Accounting,Y,SS,ND,ND,ND,ND,ND
200246,1241064 ONTARIO LTD.,101594,"ACADEMY OF LEARNING CAREER AND BUSINESS COLLEGE, TORONTO/3585 LAWRENCE AVE. E.",TORONTO,M1G 1P4,CONFERENCE AND EVENT PLANNER,Business,Hospitality Administration/Management,Y,SS,SS,SS,SS,ND,ND
200246,1241064 ONTARIO LTD.,101594,"ACADEMY OF LEARNING CAREER AND BUSINESS COLLEGE, TORONTO/3585 LAWRENCE AVE. E.",TORONTO,M1G 1P4,CUSTOMER SERVICE AND INFORMATION CLERK,Services,Customer Service/Retail Sales,Y,SS,ND,ND,ND,ND,ND
200246,1241064 ONTARIO LTD.,101594,"ACADEMY OF LEARNING CAREER AND BUSINESS COLLEGE, TORONTO/3585 LAWRENCE AVE. E.",TORONTO,M1G 1P4,GRAPHIC DESIGNER,Applied Arts and Science,Graphic Design/Printing,Y,ND,SS,SS,SS,ND,ND
200246,1241064 ONTARIO LTD.,101594,"ACADEMY OF LEARNING CAREER AND BUSINESS COLLEGE, TORONTO/3585 LAWRENCE AVE. E.",TORONTO,M1G 1P4,HOME INSPECTION DIPLOMA,Services,Other - Services,Y,SS,SS,SS,SS,ND,ND
200246,1241064 ONTARIO LTD.,101594,"ACADEMY OF LEARNING CAREER AND BUSINESS COLLEGE, TORONTO/3585 LAWRENCE AVE. E.",TORONTO,M1G 1P4,INTERNATIONAL HOSPITALITY,Business,Hospitality Administration/Management,Y,SS,ND,ND,ND,ND,ND
200246,1241064 ONTARIO LTD.,101594,"ACADEMY OF LEARNING CAREER AND BUSINESS COLLEGE, TORONTO/3585 LAWRENCE AVE. E.",TORONTO,M1G 1P4,MARKETING COORDINATOR,Business,Marketing/Advertising,Y,SS,ND,ND,ND,ND,ND
200246,1241064 ONTARIO LTD.,101594,"ACADEMY OF LEARNING CAREER AND BUSINESS COLLEGE, TORONTO/3585 LAWRENCE AVE. E.",TORONTO,M1G 1P4,MEDICAL RECEPTIONIST,Health Services,Office/Clerical/Administration - Dental/Medical,Y,100.0%,100.0%,100.0%,100.0%,ND,ND
200246,1241064 ONTARIO LTD.,101594,"ACADEMY OF LEARNING CAREER AND BUSINESS COLLEGE, TORONTO/3585 LAWRENCE AVE. E.",TORONTO,M1G 1P4,NETWORK ADMINISTRATOR,Computer and Information Technology,Network Administration,Y,SS,SS,SS,SS,ND,ND
200246,1241064 ONTARIO LTD.,101594,"ACADEMY OF LEARNING CAREER AND BUSINESS COLLEGE, TORONTO/3585 LAWRENCE AVE. E.",TORONTO,M1G 1P4,PC SUPPORT SPECIALIST,Computer and Information Technology,Information Technology,Y,ND,SS,SS,SS,ND,ND
200246,1241064 ONTARIO LTD.,101594,"ACADEMY OF LEARNING CAREER AND BUSINESS COLLEGE, TORONTO/3585 LAWRENCE AVE. E.",TORONTO,M1G 1P4,PROJECT ADMINISTRATION,Business,Project Administration/Management,Y,SS,SS,SS,SS,ND,ND
200246,1241064 ONTARIO LTD.,101594,"ACADEMY OF LEARNING CAREER AND BUSINESS COLLEGE, TORONTO/3585 LAWRENCE AVE. E.",TORONTO,M1G 1P4,SOFTWARE AND WEB DEVELOPER,Computer and Information Technology,Information Technology,Y,ND,SS,SS,SS,ND,ND
200246,1241064 ONTARIO LTD.,101594,"ACADEMY OF LEARNING CAREER AND BUSINESS COLLEGE, TORONTO/3585 LAWRENCE AVE. E.",TORONTO,M1G 1P4,WEB DESIGNER,Computer and Information Technology,Information Technology,Y,SS,SS,SS,SS,ND,ND
200249,WESTERVELT COLLEGE INC.,+,+,,,+,,,Y,76.5%,90.1%,79.8%,84.7%,94.7%,ND
200249,WESTERVELT COLLEGE INC.,101219,"ANDERSON COLLEGE OF HEALTH, BUSINESS AND TECHNOLOGY, KITCHENER",KITCHENER,N2G 4L1,+,,,Y,80.2%,90.6%,84.0%,88.2%,100.0%,6.2%
200249,WESTERVELT COLLEGE INC.,101219,"ANDERSON COLLEGE OF HEALTH, BUSINESS AND TECHNOLOGY, KITCHENER",KITCHENER,N2G 4L1,BUSINESS ACCOUNTING AND PAYROLL,Business,Accounting,Y,SS,SS,SS,SS,ND,ND
200249,WESTERVELT COLLEGE INC.,101219,"ANDERSON COLLEGE OF HEALTH, BUSINESS AND TECHNOLOGY, KITCHENER",KITCHENER,N2G 4L1,DEVELOPMENTAL SERVICE WORKER,Community and Social Services,Community Services Worker,Y,60.0%,SS,SS,SS,ND,ND
200249,WESTERVELT COLLEGE INC.,101219,"ANDERSON COLLEGE OF HEALTH, BUSINESS AND TECHNOLOGY, KITCHENER",KITCHENER,N2G 4L1,INTRA ORAL DENTAL ASSISTANT,Health Services,Intra-Oral Dental Assistant,Y,96.0%,91.3%,82.6%,95.7%,100.0%,ND
200249,WESTERVELT COLLEGE INC.,101219,"ANDERSON COLLEGE OF HEALTH, BUSINESS AND TECHNOLOGY, KITCHENER",KITCHENER,N2G 4L1,MASSAGE THERAPY,Health Services,Massage Therapist,Y,38.9%,100.0%,100.0%,50.0%,ND,ND
200249,WESTERVELT COLLEGE INC.,101219,"ANDERSON COLLEGE OF HEALTH, BUSINESS AND TECHNOLOGY, KITCHENER",KITCHENER,N2G 4L1,MEDICAL LABORATORY TECHNICIAN/ASSISTANT,Health Services,Medical Laboratory Technician,Y,78.4%,100.0%,92.3%,85.7%,ND,ND
200249,WESTERVELT COLLEGE INC.,101219,"ANDERSON COLLEGE OF HEALTH, BUSINESS AND TECHNOLOGY, KITCHENER",KITCHENER,N2G 4L1,MEDICAL OFFICE ADMINISTRATOR,Health Services,Medical Office Administration/Management,Y,100.0%,100.0%,100.0%,77.8%,100.0%,ND
200249,WESTERVELT COLLEGE INC.,101219,"ANDERSON COLLEGE OF HEALTH, BUSINESS AND TECHNOLOGY, KITCHENER",KITCHENER,N2G 4L1,PERSONAL SUPPORT WORKER 2018,Health Services,Personal Support Worker/Personal Attendant,Y,81.8%,87.2%,83.0%,97.9%,100.0%,ND
200249,WESTERVELT COLLEGE INC.,101219,"ANDERSON COLLEGE OF HEALTH, BUSINESS AND TECHNOLOGY, KITCHENER",KITCHENER,N2G 4L1,PHARMACY ASSISTANT,Health Services,Pharmacy Assistant,Y,87.5%,85.7%,71.4%,71.4%,100.0%,ND
200249,WESTERVELT COLLEGE INC.,101599,"ANDERSON COLLEGE OF HEALTH, BUSINESS AND TECHNOLOGY, BRANTFORD",BRANTFORD,N3R 5K2,+,,,Y,71.3%,92.2%,79.7%,81.5%,100.0%,11.3%
200249,WESTERVELT COLLEGE INC.,101599,"ANDERSON COLLEGE OF HEALTH, BUSINESS AND TECHNOLOGY, BRANTFORD",BRANTFORD,N3R 5K2,BUSINESS ACCOUNTING AND PAYROLL,Business,Accounting,Y,SS,100.0%,60.0%,80.0%,100.0%,ND
200249,WESTERVELT COLLEGE INC.,101599,"ANDERSON COLLEGE OF HEALTH, BUSINESS AND TECHNOLOGY, BRANTFORD",BRANTFORD,N3R 5K2,CHILD AND YOUTH CARE WITH ADDICTIONS SUPPORT WORKER,Community and Social Services,Community Services Worker,Y,57.1%,100.0%,100.0%,50.0%,ND,ND
200249,WESTERVELT COLLEGE INC.,101599,"ANDERSON COLLEGE OF HEALTH, BUSINESS AND TECHNOLOGY, BRANTFORD",BRANTFORD,N3R 5K2,COMMUNITY SERVICE WORKER,Community and Social Services,Community Services Worker,Y,60.0%,ND,ND,ND,ND,ND
200249,WESTERVELT COLLEGE INC.,101599,"ANDERSON COLLEGE OF HEALTH, BUSINESS AND TECHNOLOGY, BRANTFORD",BRANTFORD,N3R 5K2,DEVELOPMENTAL SERVICE WORKER,Community and Social Services,Community Services Worker,Y,SS,SS,SS,SS,ND,ND
200249,WESTERVELT COLLEGE INC.,101599,"ANDERSON COLLEGE OF HEALTH, BUSINESS AND TECHNOLOGY, BRANTFORD",BRANTFORD,N3R 5K2,EXECUTIVE ADMINISTRATION,Business,Office Administration,Y,SS,SS,SS,SS,ND,ND
200249,WESTERVELT COLLEGE INC.,101599,"ANDERSON COLLEGE OF HEALTH, BUSINESS AND TECHNOLOGY, BRANTFORD",BRANTFORD,N3R 5K2,INTRA ORAL DENTAL ASSISTANT,Health Services,Intra-Oral Dental Assistant,Y,64.3%,100.0%,100.0%,100.0%,ND,ND
200249,WESTERVELT COLLEGE INC.,101599,"ANDERSON COLLEGE OF HEALTH, BUSINESS AND TECHNOLOGY, BRANTFORD",BRANTFORD,N3R 5K2,MASSAGE THERAPY,Health Services,Massage Therapist,Y,66.7%,100.0%,100.0%,100.0%,ND,ND
200249,WESTERVELT COLLEGE INC.,101599,"ANDERSON COLLEGE OF HEALTH, BUSINESS AND TECHNOLOGY, BRANTFORD",BRANTFORD,N3R 5K2,MEDICAL OFFICE ADMINISTRATOR,Health Services,Medical Office Administration/Management,Y,80.0%,83.3%,58.3%,75.0%,ND,ND
200249,WESTERVELT COLLEGE INC.,101599,"ANDERSON COLLEGE OF HEALTH, BUSINESS AND TECHNOLOGY, BRANTFORD",BRANTFORD,N3R 5K2,OFFICE/SMALL BUSINESS ADMINISTRATION,Business,Office Administration,Y,71.4%,100.0%,75.0%,50.0%,ND,ND
200249,WESTERVELT COLLEGE INC.,101599,"ANDERSON COLLEGE OF HEALTH, BUSINESS AND TECHNOLOGY, BRANTFORD",BRANTFORD,N3R 5K2,PERSONAL SUPPORT WORKER (F/T DAYS),Health Services,Personal Support Worker/Personal Attendant,Y,75.4%,93.5%,87.1%,90.6%,100.0%,ND
200249,WESTERVELT COLLEGE INC.,101599,"ANDERSON COLLEGE OF HEALTH, BUSINESS AND TECHNOLOGY, BRANTFORD",BRANTFORD,N3R 5K2,RETAIL PHARMACY,Health Services,Pharmacy Technician,Y,SS,ND,ND,ND,ND,ND
200249,WESTERVELT COLLEGE INC.,101600,"ANDERSON COLLEGE OF HEALTH, BUSINESS AND TECHNOLOGY, LONDON/RICHMOND",LONDON,N6B 2H8,+,,,Y,80.7%,90.1%,82.1%,86.9%,83.3%,6.7%
200249,WESTERVELT COLLEGE INC.,101600,"ANDERSON COLLEGE OF HEALTH, BUSINESS AND TECHNOLOGY, LONDON/RICHMOND",LONDON,N6B 2H8,BUSINESS ACCOUNTING AND PAYROLL,Business,Accounting,Y,100.0%,75.0%,50.0%,75.0%,0.0%,ND
200249,WESTERVELT COLLEGE INC.,101600,"ANDERSON COLLEGE OF HEALTH, BUSINESS AND TECHNOLOGY, LONDON/RICHMOND",LONDON,N6B 2H8,EXECUTIVE ADMINISTRATION,Business,Office Administration,Y,SS,SS,SS,SS,ND,ND
200249,WESTERVELT COLLEGE INC.,101600,"ANDERSON COLLEGE OF HEALTH, BUSINESS AND TECHNOLOGY, LONDON/RICHMOND",LONDON,N6B 2H8,HEALTH INFORMATION MANAGEMENT,Health Services,Health Services Administration/Management,Y,90.0%,100.0%,100.0%,100.0%,100.0%,ND
200249,WESTERVELT COLLEGE INC.,101600,"ANDERSON COLLEGE OF HEALTH, BUSINESS AND TECHNOLOGY, LONDON/RICHMOND",LONDON,N6B 2H8,INFORMATION TECHNOLOGY TECHNICIAN,Service Trade,Electronic Service Technician,Y,100.0%,66.7%,33.3%,100.0%,ND,ND
200249,WESTERVELT COLLEGE INC.,101600,"ANDERSON COLLEGE OF HEALTH, BUSINESS AND TECHNOLOGY, LONDON/RICHMOND",LONDON,N6B 2H8,INTRA ORAL DENTAL ASSISTANT,Health Services,Intra-Oral Dental Assistant,Y,85.4%,86.7%,73.3%,80.0%,100.0%,ND
200249,WESTERVELT COLLEGE INC.,101600,"ANDERSON COLLEGE OF HEALTH, BUSINESS AND TECHNOLOGY, LONDON/RICHMOND",LONDON,N6B 2H8,"LAW, SECURITY, AND POLICE FOUNDATIONS",Law and Public Safety,Law Enforcement/Police Foundations,Y,60.0%,SS,SS,SS,ND,ND
200249,WESTERVELT COLLEGE INC.,101600,"ANDERSON COLLEGE OF HEALTH, BUSINESS AND TECHNOLOGY, LONDON/RICHMOND",LONDON,N6B 2H8,MASSAGE THERAPY,Health Services,Massage Therapist,Y,58.8%,100.0%,100.0%,100.0%,ND,ND
200249,WESTERVELT COLLEGE INC.,101600,"ANDERSON COLLEGE OF HEALTH, BUSINESS AND TECHNOLOGY, LONDON/RICHMOND",LONDON,N6B 2H8,MEDICAL LABORATORY TECHNICIAN/ASSISTANT,Health Services,Medical Laboratory Technician,Y,86.0%,92.3%,84.6%,100.0%,ND,ND
200249,WESTERVELT COLLEGE INC.,101600,"ANDERSON COLLEGE OF HEALTH, BUSINESS AND TECHNOLOGY, LONDON/RICHMOND",LONDON,N6B 2H8,MEDICAL OFFICE ADMINISTRATOR,Health Services,Medical Office Administration/Management,Y,85.3%,100.0%,90.0%,90.9%,ND,ND
200249,WESTERVELT COLLEGE INC.,101600,"ANDERSON COLLEGE OF HEALTH, BUSINESS AND TECHNOLOGY, LONDON/RICHMOND",LONDON,N6B 2H8,OFFICE/SMALL BUSINESS ADMINISTRATION,Business,Office Administration,Y,SS,ND,ND,ND,ND,ND
200249,WESTERVELT COLLEGE INC.,101600,"ANDERSON COLLEGE OF HEALTH, BUSINESS AND TECHNOLOGY, LONDON/RICHMOND",LONDON,N6B 2H8,ORTHOPAEDIC TECHNICIAN,Health Services,Other - Health Services,Y,90.0%,100.0%,100.0%,40.0%,ND,ND
200249,WESTERVELT COLLEGE INC.,101600,"ANDERSON COLLEGE OF HEALTH, BUSINESS AND TECHNOLOGY, LONDON/RICHMOND",LONDON,N6B 2H8,PARALEGAL STUDIES,Law and Public Safety,Paralegal,Y,91.7%,40.0%,40.0%,100.0%,ND,ND
200249,WESTERVELT COLLEGE INC.,101600,"ANDERSON COLLEGE OF HEALTH, BUSINESS AND TECHNOLOGY, LONDON/RICHMOND",LONDON,N6B 2H8,PERSONAL SUPPORT WORKER (F/T DAYS),Health Services,Personal Support Worker/Personal Attendant,Y,76.2%,89.7%,82.8%,88.7%,100.0%,ND
200249,WESTERVELT COLLEGE INC.,101600,"ANDERSON COLLEGE OF HEALTH, BUSINESS AND TECHNOLOGY, LONDON/RICHMOND",LONDON,N6B 2H8,PERSONAL SUPPORT WORKER 2018,Health Services,Personal Support Worker/Personal Attendant,Y,ND,92.9%,92.9%,100.0%,ND,ND
200249,WESTERVELT COLLEGE INC.,101600,"ANDERSON COLLEGE OF HEALTH, BUSINESS AND TECHNOLOGY, LONDON/RICHMOND",LONDON,N6B 2H8,PHARMACY ASSISTANT,Health Services,Pharmacy Assistant,Y,ND,SS,SS,SS,ND,ND
200249,WESTERVELT COLLEGE INC.,101600,"ANDERSON COLLEGE OF HEALTH, BUSINESS AND TECHNOLOGY, LONDON/RICHMOND",LONDON,N6B 2H8,PHARMACY TECHNICIAN,Health Services,Pharmacy Technician,Y,75.0%,100.0%,85.7%,42.9%,ND,ND
200249,WESTERVELT COLLEGE INC.,189897,"ANDERSON COLLEGE OF HEALTH, BUSINESS AND TECHNOLOGY, WINDSOR",WINDSOR,N8X 4W2,+,,,Y,68.5%,88.3%,71.3%,79.2%,100.0%,18.8%
200249,WESTERVELT COLLEGE INC.,189897,"ANDERSON COLLEGE OF HEALTH, BUSINESS AND TECHNOLOGY, WINDSOR",WINDSOR,N8X 4W2,BUSINESS ACCOUNTING AND PAYROLL,Business,Accounting,Y,33.3%,SS,SS,SS,ND,ND
200249,WESTERVELT COLLEGE INC.,189897,"ANDERSON COLLEGE OF HEALTH, BUSINESS AND TECHNOLOGY, WINDSOR",WINDSOR,N8X 4W2,CHILD AND YOUTH CARE WITH ADDICTIONS SUPPORT WORKER,Community and Social Services,Community Services Worker,Y,SS,SS,SS,SS,ND,ND
200249,WESTERVELT COLLEGE INC.,189897,"ANDERSON COLLEGE OF HEALTH, BUSINESS AND TECHNOLOGY, WINDSOR",WINDSOR,N8X 4W2,"FILM AND VIDEO PRODUCTION, STORYTELLING FOR THE DIGITAL AGE",Applied Arts and Science,Event and Media Production/Management,Y,ND,SS,SS,SS,ND,ND
200249,WESTERVELT COLLEGE INC.,189897,"ANDERSON COLLEGE OF HEALTH, BUSINESS AND TECHNOLOGY, WINDSOR",WINDSOR,N8X 4W2,INFORMATION TECHNOLOGY TECHNICIAN,Service Trade,Electronic Service Technician,Y,75.0%,100.0%,50.0%,50.0%,ND,ND
200249,WESTERVELT COLLEGE INC.,189897,"ANDERSON COLLEGE OF HEALTH, BUSINESS AND TECHNOLOGY, WINDSOR",WINDSOR,N8X 4W2,INTRA ORAL DENTAL ASSISTANT,Health Services,Intra-Oral Dental Assistant,Y,66.7%,SS,SS,SS,ND,ND
200249,WESTERVELT COLLEGE INC.,189897,"ANDERSON COLLEGE OF HEALTH, BUSINESS AND TECHNOLOGY, WINDSOR",WINDSOR,N8X 4W2,"LAW, SECURITY, AND POLICE FOUNDATIONS",Law and Public Safety,Law Enforcement/Police Foundations,Y,71.4%,100.0%,100.0%,100.0%,ND,ND
200249,WESTERVELT COLLEGE INC.,189897,"ANDERSON COLLEGE OF HEALTH, BUSINESS AND TECHNOLOGY, WINDSOR",WINDSOR,N8X 4W2,MASSAGE THERAPY,Health Services,Massage Therapist,Y,ND,SS,SS,SS,ND,ND
200249,WESTERVELT COLLEGE INC.,189897,"ANDERSON COLLEGE OF HEALTH, BUSINESS AND TECHNOLOGY, WINDSOR",WINDSOR,N8X 4W2,MEDICAL OFFICE ADMINISTRATION,Health Services,Medical Office Administration/Management,Y,ND,SS,SS,SS,ND,ND
200249,WESTERVELT COLLEGE INC.,189897,"ANDERSON COLLEGE OF HEALTH, BUSINESS AND TECHNOLOGY, WINDSOR",WINDSOR,N8X 4W2,MEDICAL OFFICE ADMINISTRATOR,Health Services,Medical Office Administration/Management,Y,75.0%,66.7%,0.0%,50.0%,ND,ND
200249,WESTERVELT COLLEGE INC.,189897,"ANDERSON COLLEGE OF HEALTH, BUSINESS AND TECHNOLOGY, WINDSOR",WINDSOR,N8X 4W2,PARALEGAL STUDIES,Law and Public Safety,Paralegal,Y,84.6%,100.0%,100.0%,50.0%,ND,ND
200249,WESTERVELT COLLEGE INC.,189897,"ANDERSON COLLEGE OF HEALTH, BUSINESS AND TECHNOLOGY, WINDSOR",WINDSOR,N8X 4W2,PERSONAL SUPPORT WORKER 2018,Health Services,Personal Support Worker/Personal Attendant,Y,69.0%,91.7%,80.6%,86.1%,100.0%,ND
200252,1126655 ONTARIO LTD.,+,+,,,+,,,Y,95.5%,68.6%,62.9%,93.5%,100.0%,ND
200252,1126655 ONTARIO LTD.,101607,"PROTEGE SCHOOL, TORONTO",TORONTO,M1V 5K3,+,,,Y,95.5%,68.6%,62.9%,93.5%,100.0%,0.0%
200252,1126655 ONTARIO LTD.,101607,"PROTEGE SCHOOL, TORONTO",TORONTO,M1V 5K3,HAIRSTYLING,Service Trade,Hairstylist,Y,ND,SS,SS,SS,ND,ND
200252,1126655 ONTARIO LTD.,101607,"PROTEGE SCHOOL, TORONTO",TORONTO,M1V 5K3,MASSAGE THERAPY,Health Services,Massage Therapist,Y,95.2%,66.7%,66.7%,94.7%,100.0%,ND
200252,1126655 ONTARIO LTD.,101607,"PROTEGE SCHOOL, TORONTO",TORONTO,M1V 5K3,MEDICAL ESTHETICS,Human Services,Esthetics/Medical Esthetics,Y,95.6%,73.7%,63.2%,92.3%,ND,ND
200410,1022849 ONTARIO INC.,+,+,,,+,,,Y,84.8%,83.6%,77.0%,79.7%,100.0%,ND
200410,1022849 ONTARIO INC.,102088,"NORTHERN ACADEMY OF TRANSPORTATION TRAINING, SUDBURY",LIVELY,P3Y 1K8,+,,,Y,84.8%,83.6%,77.0%,79.7%,100.0%,ND
200410,1022849 ONTARIO INC.,102088,"NORTHERN ACADEMY OF TRANSPORTATION TRAINING, SUDBURY",LIVELY,P3Y 1K8,AZ PROGRAM,Tractor-Trailer / Driver Licensing,AZ Class Truck Driver,Y,98.6%,79.4%,70.6%,81.8%,100.0%,ND
200410,1022849 ONTARIO INC.,102088,"NORTHERN ACADEMY OF TRANSPORTATION TRAINING, SUDBURY",LIVELY,P3Y 1K8,DZ DRIVER INSTRUCTION COURSE,Tractor-Trailer / Driver Licensing,DZ Class Truck Driver,Y,57.1%,88.2%,88.2%,82.4%,ND,ND
200410,1022849 ONTARIO INC.,102088,"NORTHERN ACADEMY OF TRANSPORTATION TRAINING, SUDBURY",LIVELY,P3Y 1K8,TRACTOR-TRAILER MELT PROGRAM,Tractor-Trailer / Driver Licensing,A Class Truck Driver,Y,94.4%,90.0%,80.0%,66.7%,ND,ND
200449,ANTHONY AVOLA & ASSOCIATES INC.,+,+,,,+,,,Y,61.9%,66.7%,55.6%,31.6%,ND,ND
200449,ANTHONY AVOLA & ASSOCIATES INC.,101578,"AVOLA COLLEGE OF HAIRSTYLING AND ESTHETICS, TORONTO",TORONTO,M5A 1Z9,+,,,Y,61.9%,66.7%,55.6%,31.6%,ND,5.9%
200449,ANTHONY AVOLA & ASSOCIATES INC.,101578,"AVOLA COLLEGE OF HAIRSTYLING AND ESTHETICS, TORONTO",TORONTO,M5A 1Z9,ELECTROLYSIS,Human Services,Esthetics/Medical Esthetics,Y,SS,SS,SS,SS,ND,ND
200449,ANTHONY AVOLA & ASSOCIATES INC.,101578,"AVOLA COLLEGE OF HAIRSTYLING AND ESTHETICS, TORONTO",TORONTO,M5A 1Z9,ESTHETICS,Human Services,Esthetics/Medical Esthetics,Y,SS,SS,SS,SS,ND,ND
200449,ANTHONY AVOLA & ASSOCIATES INC.,101578,"AVOLA COLLEGE OF HAIRSTYLING AND ESTHETICS, TORONTO",TORONTO,M5A 1Z9,HAIRSTYLING (P/T),Service Trade,Hairstylist,Y,SS,SS,SS,SS,ND,ND
200449,ANTHONY AVOLA & ASSOCIATES INC.,101578,"AVOLA COLLEGE OF HAIRSTYLING AND ESTHETICS, TORONTO",TORONTO,M5A 1Z9,HAIRSTYLING,Service Trade,Hairstylist,Y,60.0%,72.7%,63.6%,25.0%,ND,ND
200485,ALLANTI CORPORATION,+,+,,,+,,,Y,46.2%,90.0%,80.0%,72.7%,100.0%,ND
200485,ALLANTI CORPORATION,101353,"ALLANTI SCHOOL OF HAIRSTYLING AND AESTHETICS, BRANTFORD",BRANTFORD,N3T 3G3,+,,,Y,46.2%,90.0%,80.0%,72.7%,100.0%,ND
200485,ALLANTI CORPORATION,101353,"ALLANTI SCHOOL OF HAIRSTYLING AND AESTHETICS, BRANTFORD",BRANTFORD,N3T 3G3,HAIRSTYLING PROGRAM - FULL TIME,Service Trade,Hairstylist,Y,44.4%,88.9%,77.8%,70.0%,100.0%,ND
200485,ALLANTI CORPORATION,101353,"ALLANTI SCHOOL OF HAIRSTYLING AND AESTHETICS, BRANTFORD",BRANTFORD,N3T 3G3,HAIRSTYLING PROGRAM - PART TIME,Service Trade,Hairstylist,Y,SS,SS,SS,SS,ND,ND
200499,OSILLA INSTITUTE FOR HEALTH PERSONNEL LTD.,+,+,,,+,,,Y,45.9%,95.1%,87.8%,97.7%,100.0%,ND
200499,OSILLA INSTITUTE FOR HEALTH PERSONNEL LTD.,102067,"OSILLA INSTITUTE FOR HEALTH PERSONNEL LTD., TORONTO/BATHURST",TORONTO,M2R 1X9,+,,,Y,45.9%,95.1%,87.8%,97.7%,100.0%,ND
200499,OSILLA INSTITUTE FOR HEALTH PERSONNEL LTD.,102067,"OSILLA INSTITUTE FOR HEALTH PERSONNEL LTD., TORONTO/BATHURST",TORONTO,M2R 1X9,NACC PSW 2015,Health Services,Personal Support Worker/ Personal Attendant (NACC),Y,48.0%,96.4%,89.3%,96.8%,100.0%,ND
200499,OSILLA INSTITUTE FOR HEALTH PERSONNEL LTD.,102067,"OSILLA INSTITUTE FOR HEALTH PERSONNEL LTD., TORONTO/BATHURST",TORONTO,M2R 1X9,PERSONAL SUPPORT WORKER BRIDGING,Health Services,Personal Support Worker/Personal Attendant,Y,33.3%,92.3%,84.6%,100.0%,100.0%,ND
200504,1545317 ONTARIO INC.,+,+,,,+,,,Y,3.6%,SS,SS,SS,ND,ND
200504,1545317 ONTARIO INC.,102081,"LIAISON COLLEGE, ETOBICOKE",TORONTO,M8V 1J9,+,,,Y,3.6%,SS,SS,SS,ND,ND
200504,1545317 ONTARIO INC.,102081,"LIAISON COLLEGE, ETOBICOKE",TORONTO,M8V 1J9,BUSINESS ADMINISTRATION,Business,Business Administration,Y,33.3%,ND,ND,SS,ND,ND
200504,1545317 ONTARIO INC.,102081,"LIAISON COLLEGE, ETOBICOKE",TORONTO,M8V 1J9,COOK BASIC (PT),Service Trade,Cook/Assistant Cook,Y,SS,SS,SS,SS,ND,ND
200504,1545317 ONTARIO INC.,102081,"LIAISON COLLEGE, ETOBICOKE",TORONTO,M8V 1J9,CULINARY & HOSPITALITY OPERATIONS MANAGEMENT,Service Trade,Chef,Y,0.0%,ND,ND,ND,ND,ND
200504,1545317 ONTARIO INC.,102081,"LIAISON COLLEGE, ETOBICOKE",TORONTO,M8V 1J9,HOSPITALITY ADMIN.,Business,Hospitality Administration/Management,Y,SS,ND,ND,ND,ND,ND
200504,1545317 ONTARIO INC.,102081,"LIAISON COLLEGE, ETOBICOKE",TORONTO,M8V 1J9,POST GRADUATE DIPLOMA IN PROJECT MANAGEMENT,Business,Project Administration/Management,Y,ND,ND,ND,ND,ND,ND
200507,CHELLSEY INSTITUTE OF BEAUTY AND HEALTH INC.,+,+,,,+,,,Y,90.0%,76.5%,58.8%,70.0%,100.0%,ND
200507,CHELLSEY INSTITUTE OF BEAUTY AND HEALTH INC.,102090,"CHELLSEY INSTITUTE OF BEAUTY & HEALTH INC., MISSISSAUGA",MISSISSAUGA,L5B 4E4,+,,,Y,89.5%,81.8%,63.6%,84.6%,100.0%,ND
200507,CHELLSEY INSTITUTE OF BEAUTY AND HEALTH INC.,102090,"CHELLSEY INSTITUTE OF BEAUTY & HEALTH INC., MISSISSAUGA",MISSISSAUGA,L5B 4E4,ADVANCED AESTHETICS,Human Services,Esthetics/Medical Esthetics,Y,SS,SS,SS,SS,ND,ND
200507,CHELLSEY INSTITUTE OF BEAUTY AND HEALTH INC.,102090,"CHELLSEY INSTITUTE OF BEAUTY & HEALTH INC., MISSISSAUGA",MISSISSAUGA,L5B 4E4,HAIRSTYLING,Service Trade,Hairstylist,Y,SS,71.4%,57.1%,85.7%,100.0%,ND
200507,CHELLSEY INSTITUTE OF BEAUTY AND HEALTH INC.,102090,"CHELLSEY INSTITUTE OF BEAUTY & HEALTH INC., MISSISSAUGA",MISSISSAUGA,L5B 4E4,LASER TECHNICIAN,Human Services,Esthetics/Medical Esthetics,Y,SS,ND,ND,ND,ND,ND
200507,CHELLSEY INSTITUTE OF BEAUTY AND HEALTH INC.,102090,"CHELLSEY INSTITUTE OF BEAUTY & HEALTH INC., MISSISSAUGA",MISSISSAUGA,L5B 4E4,MEDICAL AESTHETICIAN,Human Services,Esthetics/Medical Esthetics,Y,83.3%,100.0%,100.0%,100.0%,ND,ND
200507,CHELLSEY INSTITUTE OF BEAUTY AND HEALTH INC.,102090,"CHELLSEY INSTITUTE OF BEAUTY & HEALTH INC., MISSISSAUGA",MISSISSAUGA,L5B 4E4,MEDICAL SPA THERAPIST,Human Services,Esthetics/Medical Esthetics,Y,84.2%,100.0%,100.0%,100.0%,ND,ND
200507,CHELLSEY INSTITUTE OF BEAUTY AND HEALTH INC.,102090,"CHELLSEY INSTITUTE OF BEAUTY & HEALTH INC., MISSISSAUGA",MISSISSAUGA,L5B 4E4,SKIN CARE THERAPIST,Human Services,Esthetics/Medical Esthetics,Y,SS,ND,ND,ND,ND,ND
200507,CHELLSEY INSTITUTE OF BEAUTY AND HEALTH INC.,182577,"CHELLSEY INSTITUTE OF BEAUTY AND HEALTH INC., BURLINGTON",BURLINGTON,L7L 1V2,+,,,Y,91.7%,66.7%,50.0%,42.9%,ND,ND
200507,CHELLSEY INSTITUTE OF BEAUTY AND HEALTH INC.,182577,"CHELLSEY INSTITUTE OF BEAUTY AND HEALTH INC., BURLINGTON",BURLINGTON,L7L 1V2,ADVANCED AESTHETICS,Human Services,Esthetics/Medical Esthetics,Y,SS,ND,ND,SS,ND,ND
200507,CHELLSEY INSTITUTE OF BEAUTY AND HEALTH INC.,182577,"CHELLSEY INSTITUTE OF BEAUTY AND HEALTH INC., BURLINGTON",BURLINGTON,L7L 1V2,LASER TECHNICIAN,Human Services,Esthetics/Medical Esthetics,Y,SS,ND,ND,ND,ND,ND
200507,CHELLSEY INSTITUTE OF BEAUTY AND HEALTH INC.,182577,"CHELLSEY INSTITUTE OF BEAUTY AND HEALTH INC., BURLINGTON",BURLINGTON,L7L 1V2,MEDICAL AESTHETICIAN,Human Services,Esthetics/Medical Esthetics,Y,80.0%,SS,SS,SS,ND,ND
200507,CHELLSEY INSTITUTE OF BEAUTY AND HEALTH INC.,182577,"CHELLSEY INSTITUTE OF BEAUTY AND HEALTH INC., BURLINGTON",BURLINGTON,L7L 1V2,MEDICAL SPA THERAPIST,Human Services,Esthetics/Medical Esthetics,Y,SS,SS,SS,SS,ND,ND
200507,CHELLSEY INSTITUTE OF BEAUTY AND HEALTH INC.,182577,"CHELLSEY INSTITUTE OF BEAUTY AND HEALTH INC., BURLINGTON",BURLINGTON,L7L 1V2,SKIN CARE THERAPIST,Human Services,Esthetics/Medical Esthetics,Y,ND,SS,SS,SS,ND,ND
200523,WCTR LTD.,+,+,,,+,,,Y,100.0%,87.5%,62.5%,75.0%,ND,ND
200523,WCTR LTD.,102119,"NORTHERN WELDING ACADEMY, LIVELY",HANMER,P3P 1T1,+,,,Y,100.0%,87.5%,62.5%,75.0%,ND,ND
200523,WCTR LTD.,102119,"NORTHERN WELDING ACADEMY, LIVELY",HANMER,P3P 1T1,"WELDER-FITTER (4 SMAW, 2 FCAW & 2 GMAW)",Industrial Trade,Welder,Y,100.0%,87.5%,62.5%,75.0%,ND,ND
200532,CANADIAN ALL CARE INC.,+,+,,,+,,,Y,70.9%,66.8%,35.7%,89.7%,100.0%,ND
200532,CANADIAN ALL CARE INC.,102141,"CANADIAN ALL CARE COLLEGE, ALTON TOWERS-SCARBOROUGH",SCARBOROUGH,M1V 3Z3,+,,,Y,69.6%,64.7%,34.3%,90.8%,100.0%,0.0%
200532,CANADIAN ALL CARE INC.,102141,"CANADIAN ALL CARE COLLEGE, ALTON TOWERS-SCARBOROUGH",SCARBOROUGH,M1V 3Z3,"ACCOUNTING, PAYROLL, AND BUSINESS ADMINISTRATOR",Business,Accounting and Payroll Administration,Y,96.3%,68.2%,40.9%,92.3%,100.0%,ND
200532,CANADIAN ALL CARE INC.,102141,"CANADIAN ALL CARE COLLEGE, ALTON TOWERS-SCARBOROUGH",SCARBOROUGH,M1V 3Z3,"ADVANCED SKIN CARE, MAKEUP ARTISTRY AND LASER TECHNICIAN",Human Services,Esthetics/Medical Esthetics,Y,92.9%,ND,ND,ND,ND,ND
200532,CANADIAN ALL CARE INC.,102141,"CANADIAN ALL CARE COLLEGE, ALTON TOWERS-SCARBOROUGH",SCARBOROUGH,M1V 3Z3,BANKING AND FINANCIAL SERVICES,Business,Banking and Financial Services,Y,ND,57.9%,10.5%,76.0%,ND,ND
200532,CANADIAN ALL CARE INC.,102141,"CANADIAN ALL CARE COLLEGE, ALTON TOWERS-SCARBOROUGH",SCARBOROUGH,M1V 3Z3,COMMUNITY SERVICE WORKER,Community and Social Services,Community Services Worker,Y,ND,57.6%,20.7%,90.4%,100.0%,ND
200532,CANADIAN ALL CARE INC.,102141,"CANADIAN ALL CARE COLLEGE, ALTON TOWERS-SCARBOROUGH",SCARBOROUGH,M1V 3Z3,EARLY CHILDCARE ASSISTANT - FULL TIME,Human Services,Early Childhood Assistant,Y,54.8%,100.0%,100.0%,100.0%,ND,ND
200532,CANADIAN ALL CARE INC.,102141,"CANADIAN ALL CARE COLLEGE, ALTON TOWERS-SCARBOROUGH",SCARBOROUGH,M1V 3Z3,FOOD SERVICE WORKER,Services,Other - Services,Y,100.0%,76.5%,70.6%,100.0%,ND,ND
200532,CANADIAN ALL CARE INC.,102141,"CANADIAN ALL CARE COLLEGE, ALTON TOWERS-SCARBOROUGH",SCARBOROUGH,M1V 3Z3,NACC PSW 2015,Health Services,Personal Support Worker/ Personal Attendant (NACC),Y,37.2%,100.0%,100.0%,100.0%,ND,ND
200532,CANADIAN ALL CARE INC.,102609,"CANADIAN ALL CARE COLLEGE, DUFFERIN-TORONTO",TORONTO,M3H 5S4,+,,,Y,100.0%,78.4%,43.2%,82.9%,ND,0.0%
200532,CANADIAN ALL CARE INC.,102609,"CANADIAN ALL CARE COLLEGE, DUFFERIN-TORONTO",TORONTO,M3H 5S4,"ACCOUNTING, PAYROLL, AND BUSINESS ADMINISTRATOR",Business,Accounting and Payroll Administration,Y,100.0%,100.0%,100.0%,100.0%,ND,ND
200532,CANADIAN ALL CARE INC.,102609,"CANADIAN ALL CARE COLLEGE, DUFFERIN-TORONTO",TORONTO,M3H 5S4,EARLY CHILDCARE ASSISTANT - FULL TIME,Human Services,Early Childhood Assistant,Y,ND,SS,SS,SS,ND,ND
200532,CANADIAN ALL CARE INC.,102609,"CANADIAN ALL CARE COLLEGE, DUFFERIN-TORONTO",TORONTO,M3H 5S4,PERSONAL SUPPORT WORKER FULL-TIME,Health Services,Personal Support Worker/Personal Attendant,Y,SS,80.6%,48.4%,88.2%,ND,ND
200532,CANADIAN ALL CARE INC.,102609,"CANADIAN ALL CARE COLLEGE, DUFFERIN-TORONTO",TORONTO,M3H 5S4,SOFTWARE QUALITY ASSURANCE & TESTING ANALYST,Computer and Information Technology,Other - Information Technology,Y,SS,SS,SS,SS,ND,ND
200543,ACADEMY OF APPLIED PHARMACEUTICAL SCIENCES (AAPS) INC.,+,+,,,+,,,Y,86.8%,70.5%,40.3%,65.6%,100.0%,ND
200543,ACADEMY OF APPLIED PHARMACEUTICAL SCIENCES (AAPS) INC.,102158,"ACADEMY OF APPLIED PHARMACEUTICAL SCIENCES, TORONTO",TORONTO,M3H 2T4,+,,,Y,83.0%,66.7%,37.6%,61.3%,100.0%,4.4%
200543,ACADEMY OF APPLIED PHARMACEUTICAL SCIENCES (AAPS) INC.,102158,"ACADEMY OF APPLIED PHARMACEUTICAL SCIENCES, TORONTO",TORONTO,M3H 2T4,"CERTIFICATE CANNABIS – OPERATIONS, QUALITY & EDIBLES PROGRAM PART-TIME ONLINE",Health Services,Other - Health Services,Y,SS,SS,SS,SS,ND,ND
200543,ACADEMY OF APPLIED PHARMACEUTICAL SCIENCES (AAPS) INC.,102158,"ACADEMY OF APPLIED PHARMACEUTICAL SCIENCES, TORONTO",TORONTO,M3H 2T4,"CERTIFICATE: CANNABIS - OPERATIONS, QUALITY & EDIBLES",Health Services,Other - Health Services,Y,SS,ND,ND,ND,ND,ND
200543,ACADEMY OF APPLIED PHARMACEUTICAL SCIENCES (AAPS) INC.,102158,"ACADEMY OF APPLIED PHARMACEUTICAL SCIENCES, TORONTO",TORONTO,M3H 2T4,"CERTIFICATE: CANNABIS – OPERATIONS, QUALITY & EDIBLES PROGRAM ONLINE",Health Services,Other - Health Services,Y,SS,SS,SS,SS,ND,ND
200543,ACADEMY OF APPLIED PHARMACEUTICAL SCIENCES (AAPS) INC.,102158,"ACADEMY OF APPLIED PHARMACEUTICAL SCIENCES, TORONTO",TORONTO,M3H 2T4,"DIPLOMA CANNABIS – MANAGEMENT, QUALITY & EDIBLES PROGRAM (6 MONTHS) ONLINE",Health Services,Other - Health Services,Y,66.7%,70.0%,20.0%,27.3%,ND,ND
200543,ACADEMY OF APPLIED PHARMACEUTICAL SCIENCES (AAPS) INC.,102158,"ACADEMY OF APPLIED PHARMACEUTICAL SCIENCES, TORONTO",TORONTO,M3H 2T4,"DIPLOMA CANNABIS – MANAGEMENT, QUALITY & EDIBLES PROGRAM PART-TIME ONLINE",Health Services,Other - Health Services,Y,ND,SS,SS,SS,ND,ND
200543,ACADEMY OF APPLIED PHARMACEUTICAL SCIENCES (AAPS) INC.,102158,"ACADEMY OF APPLIED PHARMACEUTICAL SCIENCES, TORONTO",TORONTO,M3H 2T4,"DIPLOMA FOOD AND EDIBLE TECHNOLOGY, SAFETY AND QUALITY",Health Services,Other - Health Services,Y,ND,SS,SS,ND,ND,ND
200543,ACADEMY OF APPLIED PHARMACEUTICAL SCIENCES (AAPS) INC.,102158,"ACADEMY OF APPLIED PHARMACEUTICAL SCIENCES, TORONTO",TORONTO,M3H 2T4,"DIPLOMA IN FOOD TECHNOLOGY, SAFETY AND QUALITY ONLINE",Health Services,Other - Health Services,Y,SS,SS,SS,SS,ND,ND
200543,ACADEMY OF APPLIED PHARMACEUTICAL SCIENCES (AAPS) INC.,102158,"ACADEMY OF APPLIED PHARMACEUTICAL SCIENCES, TORONTO",TORONTO,M3H 2T4,"DIPLOMA IN FOOD TECHNOLOGY, SAFETY AND QUALITY",Health Services,Other - Health Services,Y,71.4%,ND,ND,ND,ND,ND
200543,ACADEMY OF APPLIED PHARMACEUTICAL SCIENCES (AAPS) INC.,102158,"ACADEMY OF APPLIED PHARMACEUTICAL SCIENCES, TORONTO",TORONTO,M3H 2T4,"DIPLOMA: CANNABIS - MANAGEMENT, QUALITY & EDIBLES",Health Services,Other - Health Services,Y,86.4%,100.0%,50.0%,50.0%,ND,ND
200543,ACADEMY OF APPLIED PHARMACEUTICAL SCIENCES (AAPS) INC.,102158,"ACADEMY OF APPLIED PHARMACEUTICAL SCIENCES, TORONTO",TORONTO,M3H 2T4,"POST GRADUATE DIPLOMA IN CLINICAL RESEARCH, DRUG SAFETY AND PHARMACOVIGILANCE ONLINE",Health Services,Other - Health Services,Y,SS,50.0%,16.7%,33.3%,ND,ND
200543,ACADEMY OF APPLIED PHARMACEUTICAL SCIENCES (AAPS) INC.,102158,"ACADEMY OF APPLIED PHARMACEUTICAL SCIENCES, TORONTO",TORONTO,M3H 2T4,"POST GRADUATE DIPLOMA IN CLINICAL RESEARCH, DRUG SAFETY AND PHARMACOVIGILANCE",Health Services,Other - Health Services,Y,SS,66.7%,33.3%,80.0%,ND,ND
200543,ACADEMY OF APPLIED PHARMACEUTICAL SCIENCES (AAPS) INC.,102158,"ACADEMY OF APPLIED PHARMACEUTICAL SCIENCES, TORONTO",TORONTO,M3H 2T4,POST GRADUATE DIPLOMA PROFESSIONAL REGULATORY AFFAIRS ONLINE,Health Services,Pharmaceutical Technology,Y,SS,100.0%,75.0%,70.0%,ND,ND
200543,ACADEMY OF APPLIED PHARMACEUTICAL SCIENCES (AAPS) INC.,102158,"ACADEMY OF APPLIED PHARMACEUTICAL SCIENCES, TORONTO",TORONTO,M3H 2T4,POST GRADUATE DIPLOMA PROFESSIONAL REGULATORY AFFAIRS,Health Services,Pharmaceutical Technology,Y,100.0%,40.0%,40.0%,60.0%,ND,ND
200543,ACADEMY OF APPLIED PHARMACEUTICAL SCIENCES (AAPS) INC.,102158,"ACADEMY OF APPLIED PHARMACEUTICAL SCIENCES, TORONTO",TORONTO,M3H 2T4,"POST GRADUATE DIPLOMA QUALITY ASSURANCE & REGULATORY AFFAIRS - FOOD, PHARMA, & COSMETICS - ONLINE",Computer and Information Technology,Software Quality Assurance and Testing,Y,100.0%,ND,ND,ND,ND,ND
200543,ACADEMY OF APPLIED PHARMACEUTICAL SCIENCES (AAPS) INC.,102158,"ACADEMY OF APPLIED PHARMACEUTICAL SCIENCES, TORONTO",TORONTO,M3H 2T4,POST-GRADUATE DIPLOMA - PHARMACEUTICAL QUALITY ASSURANCE AND QUALITY CONTROL,Health Services,Pharmaceutical Technology,Y,88.9%,61.5%,38.5%,71.4%,ND,ND
200543,ACADEMY OF APPLIED PHARMACEUTICAL SCIENCES (AAPS) INC.,102158,"ACADEMY OF APPLIED PHARMACEUTICAL SCIENCES, TORONTO",TORONTO,M3H 2T4,POST-GRADUATE DIPLOMA - PHARMACEUTICAL QUALITY CONTROL,Health Services,Pharmaceutical Technology,Y,SS,SS,SS,SS,ND,ND
200543,ACADEMY OF APPLIED PHARMACEUTICAL SCIENCES (AAPS) INC.,102158,"ACADEMY OF APPLIED PHARMACEUTICAL SCIENCES, TORONTO",TORONTO,M3H 2T4,"POST-GRADUATE DIPLOMA IN CLINICAL RESEARCH, PHARMACOVIGILANCE AND REGULATORY AFFAIRS (ONLINE)",Health Services,Other - Health Services,Y,100.0%,53.3%,20.0%,46.7%,ND,ND
200543,ACADEMY OF APPLIED PHARMACEUTICAL SCIENCES (AAPS) INC.,102158,"ACADEMY OF APPLIED PHARMACEUTICAL SCIENCES, TORONTO",TORONTO,M3H 2T4,"POST-GRADUATE DIPLOMA IN CLINICAL RESEARCH, PHARMACOVIGILANCE AND REGULATORY AFFAIRS",Health Services,Other - Health Services,Y,87.5%,75.0%,37.5%,82.4%,100.0%,ND
200543,ACADEMY OF APPLIED PHARMACEUTICAL SCIENCES (AAPS) INC.,102158,"ACADEMY OF APPLIED PHARMACEUTICAL SCIENCES, TORONTO",TORONTO,M3H 2T4,"POST-GRADUATE DIPLOMA IN NUTRITION, HEALTH AND SPORT",Health Services,Other - Health Services,Y,SS,ND,ND,ND,ND,ND
200543,ACADEMY OF APPLIED PHARMACEUTICAL SCIENCES (AAPS) INC.,102158,"ACADEMY OF APPLIED PHARMACEUTICAL SCIENCES, TORONTO",TORONTO,M3H 2T4,"POST-GRADUATE DIPLOMA QUALITY ASSURANCE AND REGULATORY AFFAIRS - FOOD, PHARMA, AND COSMETICS",Computer and Information Technology,Software Quality Assurance and Testing,Y,96.0%,59.1%,45.5%,59.1%,ND,ND
200543,ACADEMY OF APPLIED PHARMACEUTICAL SCIENCES (AAPS) INC.,102158,"ACADEMY OF APPLIED PHARMACEUTICAL SCIENCES, TORONTO",TORONTO,M3H 2T4,"POST-GRADUATE DIPLOMA: CANNABIS - MANAGEMENT, QUALITY & EDIBLES",Health Services,Other - Health Services,Y,SS,ND,ND,ND,ND,ND
200543,ACADEMY OF APPLIED PHARMACEUTICAL SCIENCES (AAPS) INC.,189635,"ACADEMY OF APPLIED PHARMACEUTICAL SCIENCES, MISSISSAUGA",MISSISSAUGA,L4T 0A6,+,,,Y,95.5%,84.4%,50.0%,81.8%,100.0%,0.0%
200543,ACADEMY OF APPLIED PHARMACEUTICAL SCIENCES (AAPS) INC.,189635,"ACADEMY OF APPLIED PHARMACEUTICAL SCIENCES, MISSISSAUGA",MISSISSAUGA,L4T 0A6,"DIPLOMA IN FOOD TECHNOLOGY, SAFETY AND QUALITY",Health Services,Other - Health Services,Y,SS,SS,SS,SS,ND,ND
200543,ACADEMY OF APPLIED PHARMACEUTICAL SCIENCES (AAPS) INC.,189635,"ACADEMY OF APPLIED PHARMACEUTICAL SCIENCES, MISSISSAUGA",MISSISSAUGA,L4T 0A6,"DIPLOMA: CANNABIS - MANAGEMENT, QUALITY & EDIBLES",Health Services,Other - Health Services,Y,91.7%,50.0%,50.0%,50.0%,ND,ND
200543,ACADEMY OF APPLIED PHARMACEUTICAL SCIENCES (AAPS) INC.,189635,"ACADEMY OF APPLIED PHARMACEUTICAL SCIENCES, MISSISSAUGA",MISSISSAUGA,L4T 0A6,"POST GRADUATE DIPLOMA IN CLINICAL RESEARCH, DRUG SAFETY AND PHARMACOVIGILANCE",Health Services,Other - Health Services,Y,100.0%,100.0%,50.0%,100.0%,ND,ND
200543,ACADEMY OF APPLIED PHARMACEUTICAL SCIENCES (AAPS) INC.,189635,"ACADEMY OF APPLIED PHARMACEUTICAL SCIENCES, MISSISSAUGA",MISSISSAUGA,L4T 0A6,POST GRADUATE DIPLOMA PROFESSIONAL REGULATORY AFFAIRS,Health Services,Pharmaceutical Technology,Y,SS,ND,ND,ND,ND,ND
200543,ACADEMY OF APPLIED PHARMACEUTICAL SCIENCES (AAPS) INC.,189635,"ACADEMY OF APPLIED PHARMACEUTICAL SCIENCES, MISSISSAUGA",MISSISSAUGA,L4T 0A6,POST-GRADUATE DIPLOMA FOOD AND EDIBLE TECHNOLOGY SAFETY AND QUALITY,Health Services,Other - Health Services,Y,ND,SS,SS,SS,ND,ND
200543,ACADEMY OF APPLIED PHARMACEUTICAL SCIENCES (AAPS) INC.,189635,"ACADEMY OF APPLIED PHARMACEUTICAL SCIENCES, MISSISSAUGA",MISSISSAUGA,L4T 0A6,"POST-GRADUATE DIPLOMA IN CLINICAL RESEARCH, PHARMACOVIGILANCE AND REGULATORY AFFAIRS",Health Services,Other - Health Services,Y,100.0%,85.7%,50.0%,80.0%,ND,ND
200543,ACADEMY OF APPLIED PHARMACEUTICAL SCIENCES (AAPS) INC.,189635,"ACADEMY OF APPLIED PHARMACEUTICAL SCIENCES, MISSISSAUGA",MISSISSAUGA,L4T 0A6,"POST-GRADUATE DIPLOMA QUALITY ASSURANCE AND REGULATORY AFFAIRS - FOOD, PHARMA, AND COSMETICS",Computer and Information Technology,Software Quality Assurance and Testing,Y,95.2%,85.7%,57.1%,100.0%,100.0%,ND
200543,ACADEMY OF APPLIED PHARMACEUTICAL SCIENCES (AAPS) INC.,189635,"ACADEMY OF APPLIED PHARMACEUTICAL SCIENCES, MISSISSAUGA",MISSISSAUGA,L4T 0A6,"POST-GRADUATE DIPLOMA: CANNABIS - MANAGEMENT, QUALITY & EDIBLES",Health Services,Other - Health Services,Y,SS,SS,SS,SS,ND,ND
200551,HERZING INSTITUTES OF CANADA LTD.,+,+,,,+,,,Y,85.9%,76.7%,54.5%,65.2%,92.3%,ND
200551,HERZING INSTITUTES OF CANADA LTD.,102166,"HERZING COLLEGE, OTTAWA EAST",OTTAWA,K1K 3B8,+,,,Y,86.3%,78.8%,62.6%,71.2%,90.0%,7.6%
200551,HERZING INSTITUTES OF CANADA LTD.,102166,"HERZING COLLEGE, OTTAWA EAST",OTTAWA,K1K 3B8,2-D ANIMATION,Applied Arts and Science,Animations,Y,86.4%,50.0%,50.0%,62.5%,0.0%,ND
200551,HERZING INSTITUTES OF CANADA LTD.,102166,"HERZING COLLEGE, OTTAWA EAST",OTTAWA,K1K 3B8,BUSINESS MANAGEMENT,Business,Business Management,Y,92.5%,85.7%,85.7%,88.9%,100.0%,ND
200551,HERZING INSTITUTES OF CANADA LTD.,102166,"HERZING COLLEGE, OTTAWA EAST",OTTAWA,K1K 3B8,COMMUNITY SERVICES WORKER,Community and Social Services,Community Services Worker,Y,80.0%,88.9%,77.8%,97.3%,100.0%,ND
200551,HERZING INSTITUTES OF CANADA LTD.,102166,"HERZING COLLEGE, OTTAWA EAST",OTTAWA,K1K 3B8,COMPUTER NETWORKING TECHNOLOGY,Computer and Information Technology,Information Technology,Y,80.0%,60.0%,0.0%,50.0%,ND,ND
200551,HERZING INSTITUTES OF CANADA LTD.,102166,"HERZING COLLEGE, OTTAWA EAST",OTTAWA,K1K 3B8,CYBERSECURITY SPECIALIST,Computer and Information Technology,Computer Security and Project Management,Y,ND,50.0%,50.0%,50.0%,ND,ND
200551,HERZING INSTITUTES OF CANADA LTD.,102166,"HERZING COLLEGE, OTTAWA EAST",OTTAWA,K1K 3B8,MEDICAL OFFICE ADMINISTRATION,Health Services,Medical Office Administration/Management,Y,92.7%,ND,ND,ND,ND,ND
200551,HERZING INSTITUTES OF CANADA LTD.,102166,"HERZING COLLEGE, OTTAWA EAST",OTTAWA,K1K 3B8,MEDICAL OFFICE ADMINISTRATOR 072020,Health Services,Medical Office Administration/Management,Y,ND,87.5%,87.5%,87.5%,100.0%,ND
200551,HERZING INSTITUTES OF CANADA LTD.,102166,"HERZING COLLEGE, OTTAWA EAST",OTTAWA,K1K 3B8,NACC PSW 2015,Health Services,Personal Support Worker/ Personal Attendant (NACC),Y,81.4%,ND,ND,ND,ND,ND
200551,HERZING INSTITUTES OF CANADA LTD.,102166,"HERZING COLLEGE, OTTAWA EAST",OTTAWA,K1K 3B8,OCCUPATIONAL HEALTH AND SAFETY,Services,Other - Services,Y,88.9%,85.7%,57.1%,64.3%,100.0%,ND
200551,HERZING INSTITUTES OF CANADA LTD.,102166,"HERZING COLLEGE, OTTAWA EAST",OTTAWA,K1K 3B8,PARALEGAL,Law and Public Safety,Paralegal,Y,83.9%,73.3%,40.0%,18.8%,ND,ND
200551,HERZING INSTITUTES OF CANADA LTD.,102166,"HERZING COLLEGE, OTTAWA EAST",OTTAWA,K1K 3B8,PHARMACY ASSISTANT,Health Services,Pharmacy Assistant,Y,100.0%,ND,ND,ND,ND,ND
200551,HERZING INSTITUTES OF CANADA LTD.,139635,"HERZING COLLEGE, 11 KODIAK-TORONTO",TORONTO,M3J 3E5,+,,,Y,84.9%,77.0%,51.9%,63.4%,100.0%,ND
200551,HERZING INSTITUTES OF CANADA LTD.,139635,"HERZING COLLEGE, 11 KODIAK-TORONTO",TORONTO,M3J 3E5,ACCOUNTING AND PAYROLL ADMINISTRATION **,Business,Accounting and Payroll Administration,Y,80.0%,50.0%,50.0%,40.0%,ND,ND
200551,HERZING INSTITUTES OF CANADA LTD.,139635,"HERZING COLLEGE, 11 KODIAK-TORONTO",TORONTO,M3J 3E5,ACCREDITED IMMIGRATION CONSULTANT ONLINE + INTERNSHIP,Community and Social Services,Immigration Consultant,Y,100.0%,ND,ND,ND,ND,ND
200551,HERZING INSTITUTES OF CANADA LTD.,139635,"HERZING COLLEGE, 11 KODIAK-TORONTO",TORONTO,M3J 3E5,ACCREDITED IMMIGRATION CONSULTANT ONLINE,Community and Social Services,Immigration Consultant,Y,100.0%,ND,ND,ND,ND,ND
200551,HERZING INSTITUTES OF CANADA LTD.,139635,"HERZING COLLEGE, 11 KODIAK-TORONTO",TORONTO,M3J 3E5,APPLIANCE SERVICE TECHNICIAN PRE-APPRENTICESHIP PROGRAM,Service Trade,Appliance Service Technician,Y,100.0%,75.0%,50.0%,25.0%,ND,ND
200551,HERZING INSTITUTES OF CANADA LTD.,139635,"HERZING COLLEGE, 11 KODIAK-TORONTO",TORONTO,M3J 3E5,ARCHITECTURAL DESIGN,Applied Arts and Science,Other - Applied Arts and Sciences,Y,SS,ND,ND,ND,ND,ND
200551,HERZING INSTITUTES OF CANADA LTD.,139635,"HERZING COLLEGE, 11 KODIAK-TORONTO",TORONTO,M3J 3E5,BUILDING DESIGN TECHNICIAN,Applied Arts and Science,Architectural and Building Sciences,Y,66.7%,SS,SS,60.0%,ND,ND
200551,HERZING INSTITUTES OF CANADA LTD.,139635,"HERZING COLLEGE, 11 KODIAK-TORONTO",TORONTO,M3J 3E5,BUSINESS ADMINISTRATION**,Business,Business Administration,Y,ND,ND,ND,ND,ND,ND
200551,HERZING INSTITUTES OF CANADA LTD.,139635,"HERZING COLLEGE, 11 KODIAK-TORONTO",TORONTO,M3J 3E5,COMPUTER GRAPHIC DESIGN,Applied Arts and Science,Other - Applied Arts and Sciences,Y,100.0%,100.0%,40.0%,80.0%,ND,ND
200551,HERZING INSTITUTES OF CANADA LTD.,139635,"HERZING COLLEGE, 11 KODIAK-TORONTO",TORONTO,M3J 3E5,COMPUTER NETWORK TECHNOLOGY,Computer and Information Technology,Information Technology,Y,ND,SS,SS,SS,ND,ND
200551,HERZING INSTITUTES OF CANADA LTD.,139635,"HERZING COLLEGE, 11 KODIAK-TORONTO",TORONTO,M3J 3E5,CONSTRUCTION & MAINTENANCE ELECTRICIAN PRE-APPRENTICESHIP PROGRAM,Service Trade,Other- Service Trade,Y,SS,ND,ND,ND,ND,ND
200551,HERZING INSTITUTES OF CANADA LTD.,139635,"HERZING COLLEGE, 11 KODIAK-TORONTO",TORONTO,M3J 3E5,CONSTRUCTION AND MAINTENANCE ELECTRICIAN PRE-APPRENTICESHIP (ESTIMATION TRACK),Service Trade,Other- Service Trade,Y,86.8%,83.3%,61.1%,72.2%,ND,ND
200551,HERZING INSTITUTES OF CANADA LTD.,139635,"HERZING COLLEGE, 11 KODIAK-TORONTO",TORONTO,M3J 3E5,CONSTRUCTION MANAGEMENT,Business,Business Administration,Y,ND,SS,SS,SS,ND,ND
200551,HERZING INSTITUTES OF CANADA LTD.,139635,"HERZING COLLEGE, 11 KODIAK-TORONTO",TORONTO,M3J 3E5,CYBERSECURITY SPECIALIST,Computer and Information Technology,Computer Security and Project Management,Y,ND,SS,SS,SS,ND,ND
200551,HERZING INSTITUTES OF CANADA LTD.,139635,"HERZING COLLEGE, 11 KODIAK-TORONTO",TORONTO,M3J 3E5,ELECTRICIAN AND NETWORK CABLING TECHNOLOGY (ESTIMATION TRACK),Service Trade,Other- Service Trade,Y,73.3%,83.3%,33.3%,53.8%,ND,ND
200551,HERZING INSTITUTES OF CANADA LTD.,139635,"HERZING COLLEGE, 11 KODIAK-TORONTO",TORONTO,M3J 3E5,GAS TECHNICIAN 2 PROGRAM,Technical Standards and Safety Authority (TSSA) Restricted Tradesperson,Gas Technician,Y,100.0%,100.0%,100.0%,100.0%,ND,ND
200551,HERZING INSTITUTES OF CANADA LTD.,139635,"HERZING COLLEGE, 11 KODIAK-TORONTO",TORONTO,M3J 3E5,GAS TECHNICIAN 3 PROGRAM,Technical Standards and Safety Authority (TSSA) Restricted Tradesperson,Gas Technician,Y,100.0%,0.0%,0.0%,50.0%,ND,ND
200551,HERZING INSTITUTES OF CANADA LTD.,139635,"HERZING COLLEGE, 11 KODIAK-TORONTO",TORONTO,M3J 3E5,GAS TECHNICIAN PROGRAM,Technical Standards and Safety Authority (TSSA) Restricted Tradesperson,Gas Technician,Y,87.1%,87.5%,62.5%,88.9%,ND,ND
200551,HERZING INSTITUTES OF CANADA LTD.,139635,"HERZING COLLEGE, 11 KODIAK-TORONTO",TORONTO,M3J 3E5,GESTIONNAIRE EN IMMIGRATION,Law and Public Safety,Other - Law & Public Safety,Y,ND,SS,SS,SS,ND,ND
200551,HERZING INSTITUTES OF CANADA LTD.,139635,"HERZING COLLEGE, 11 KODIAK-TORONTO",TORONTO,M3J 3E5,HEATING AND VENTILATION AND ADVANCED GAS TECHNICIAN,Service Trade,Other- Service Trade,Y,86.1%,85.7%,78.6%,71.4%,ND,ND
200551,HERZING INSTITUTES OF CANADA LTD.,139635,"HERZING COLLEGE, 11 KODIAK-TORONTO",TORONTO,M3J 3E5,IMMIGRATION CASE MANAGER ONLINE WITH INTERNSHIP,Law and Public Safety,Other - Law & Public Safety,Y,83.3%,66.7%,36.1%,53.8%,100.0%,ND
200551,HERZING INSTITUTES OF CANADA LTD.,139635,"HERZING COLLEGE, 11 KODIAK-TORONTO",TORONTO,M3J 3E5,IMMIGRATION CASE MANAGER,Law and Public Safety,Other - Law & Public Safety,Y,91.7%,71.4%,42.9%,62.5%,100.0%,ND
200551,HERZING INSTITUTES OF CANADA LTD.,139635,"HERZING COLLEGE, 11 KODIAK-TORONTO",TORONTO,M3J 3E5,MEDICAL OFFICE ADMINISTRATOR 072020,Health Services,Medical Office Administration/Management,Y,80.0%,SS,SS,SS,ND,ND
200551,HERZING INSTITUTES OF CANADA LTD.,139635,"HERZING COLLEGE, 11 KODIAK-TORONTO",TORONTO,M3J 3E5,NETWORK CABLING SPECIALIST PRE-APPRENTICESHIP PROGRAM,Computer and Information Technology,Network Cabling Specialist,Y,SS,SS,SS,SS,ND,ND
200551,HERZING INSTITUTES OF CANADA LTD.,139635,"HERZING COLLEGE, 11 KODIAK-TORONTO",TORONTO,M3J 3E5,NETWORK CABLING TECHNICIAN PRE- APPRENTICESHIP (ESTIMATION TRACK),Computer and Information Technology,Network Cabling Specialist,Y,SS,SS,SS,SS,ND,ND
200551,HERZING INSTITUTES OF CANADA LTD.,139635,"HERZING COLLEGE, 11 KODIAK-TORONTO",TORONTO,M3J 3E5,OCCUPATIONAL HEALTH AND SAFETY,Services,Other - Services,Y,52.2%,81.3%,62.5%,56.3%,ND,ND
200551,HERZING INSTITUTES OF CANADA LTD.,139635,"HERZING COLLEGE, 11 KODIAK-TORONTO",TORONTO,M3J 3E5,PARALEGAL,Law and Public Safety,Paralegal,Y,61.5%,66.7%,16.7%,33.3%,ND,ND
200551,HERZING INSTITUTES OF CANADA LTD.,139635,"HERZING COLLEGE, 11 KODIAK-TORONTO",TORONTO,M3J 3E5,PLUMBER PRE-APPRENTICESHIP (ESTIMATION TRACK),Service Trade,Other- Service Trade,Y,97.6%,76.9%,61.5%,78.6%,ND,ND
200551,HERZING INSTITUTES OF CANADA LTD.,139635,"HERZING COLLEGE, 11 KODIAK-TORONTO",TORONTO,M3J 3E5,PLUMBER PRE-APPRENTICESHIP AND GAS-3 TECHNICIAN (ESTIMATION TRACK),Service Trade,Other- Service Trade,Y,SS,ND,ND,ND,ND,ND
200551,HERZING INSTITUTES OF CANADA LTD.,139635,"HERZING COLLEGE, 11 KODIAK-TORONTO",TORONTO,M3J 3E5,REFRIGERATION AND AIR CONDITIONING MECHANICS PRE-APPRENTICESHIP PROGRAM,Service Trade,Other- Service Trade,Y,SS,ND,ND,ND,ND,ND
200551,HERZING INSTITUTES OF CANADA LTD.,139637,"HERZING COLLEGE, CAMBRIDGE",CAMBRIDGE,N3C 4P7,+,,,Y,89.7%,70.8%,47.9%,60.0%,100.0%,3.7%
200551,HERZING INSTITUTES OF CANADA LTD.,139637,"HERZING COLLEGE, CAMBRIDGE",CAMBRIDGE,N3C 4P7,APPLIANCE SERVICE TECHNICIAN PRE-APPRENTICESHIP PROGRAM,Service Trade,Appliance Service Technician,Y,100.0%,50.0%,50.0%,25.0%,ND,ND
200551,HERZING INSTITUTES OF CANADA LTD.,139637,"HERZING COLLEGE, CAMBRIDGE",CAMBRIDGE,N3C 4P7,CONSTRUCTION AND MAINTENANCE ELECTRICIAN PRE-APPRENTICESHIP (ESTIMATION TRACK),Service Trade,Other- Service Trade,Y,96.6%,64.7%,29.4%,61.1%,ND,ND
200551,HERZING INSTITUTES OF CANADA LTD.,139637,"HERZING COLLEGE, CAMBRIDGE",CAMBRIDGE,N3C 4P7,ELECTRICIAN AND NETWORK CABLING TECHNOLOGY (ESTIMATION TRACK),Service Trade,Other- Service Trade,Y,75.0%,60.0%,40.0%,40.0%,ND,ND
200551,HERZING INSTITUTES OF CANADA LTD.,139637,"HERZING COLLEGE, CAMBRIDGE",CAMBRIDGE,N3C 4P7,GAS TECHNICIAN PROGRAM,Technical Standards and Safety Authority (TSSA) Restricted Tradesperson,Gas Technician,Y,SS,SS,SS,SS,ND,ND
200551,HERZING INSTITUTES OF CANADA LTD.,139637,"HERZING COLLEGE, CAMBRIDGE",CAMBRIDGE,N3C 4P7,HEATING AND VENTILATION AND ADVANCED GAS TECHNICIAN,Service Trade,Other- Service Trade,Y,76.9%,80.0%,80.0%,80.0%,ND,ND
200551,HERZING INSTITUTES OF CANADA LTD.,139637,"HERZING COLLEGE, CAMBRIDGE",CAMBRIDGE,N3C 4P7,PLUMBER PRE-APPRENTICESHIP (ESTIMATION TRACK),Service Trade,Other- Service Trade,Y,94.7%,80.0%,60.0%,62.5%,100.0%,ND
200558,ILAC INTERNATIONAL COLLEGE LTD.,+,+,,,+,,,Y,76.0%,79.0%,63.7%,61.5%,100.0%,ND
200558,ILAC INTERNATIONAL COLLEGE LTD.,102176,"ILAC INTERNATIONAL COLLEGE, TORONTO",TORONTO,M4W 3C7,+,,,Y,76.0%,79.0%,63.7%,61.5%,100.0%,ND
200558,ILAC INTERNATIONAL COLLEGE LTD.,102176,"ILAC INTERNATIONAL COLLEGE, TORONTO",TORONTO,M4W 3C7,BUSINESS ADMINISTRATION DIPLOMA WITH CO-OP,Business,Business Administration,Y,80.0%,55.6%,44.4%,57.1%,ND,ND
200558,ILAC INTERNATIONAL COLLEGE LTD.,102176,"ILAC INTERNATIONAL COLLEGE, TORONTO",TORONTO,M4W 3C7,BUSINESS ADMINISTRATION DIPLOMA,Business,Business Administration,Y,66.7%,ND,ND,0.0%,ND,ND
200558,ILAC INTERNATIONAL COLLEGE LTD.,102176,"ILAC INTERNATIONAL COLLEGE, TORONTO",TORONTO,M4W 3C7,COMMUNICATION AND SERVICE ESSENTIALS CERTIFICATE,Applied Arts and Science,Other - Applied Arts and Sciences,Y,84.6%,75.0%,50.0%,50.0%,ND,ND
200558,ILAC INTERNATIONAL COLLEGE LTD.,102176,"ILAC INTERNATIONAL COLLEGE, TORONTO",TORONTO,M4W 3C7,COMMUNICATION AND SERVICE ESSENTIALS DIPLOMA WITH CO-OP,Applied Arts and Science,Other - Applied Arts and Sciences,Y,64.9%,100.0%,83.3%,100.0%,ND,ND
200558,ILAC INTERNATIONAL COLLEGE LTD.,102176,"ILAC INTERNATIONAL COLLEGE, TORONTO",TORONTO,M4W 3C7,HEALTH CARE ADMINISTRATION DIPLOMA WITH CO-OP,Health Services,Medical Office Administration/Management,Y,ND,SS,SS,SS,ND,ND
200558,ILAC INTERNATIONAL COLLEGE LTD.,102176,"ILAC INTERNATIONAL COLLEGE, TORONTO",TORONTO,M4W 3C7,HEALTH CARE ADMINISTRATION DIPLOMA,Health Services,Medical Office Administration/Management,Y,100.0%,66.7%,66.7%,66.7%,ND,ND
200558,ILAC INTERNATIONAL COLLEGE LTD.,102176,"ILAC INTERNATIONAL COLLEGE, TORONTO",TORONTO,M4W 3C7,SALES AND MARKETING CERTIFICATE WITH CO-OP,Business,Marketing/Advertising,Y,ND,SS,SS,SS,ND,ND
200558,ILAC INTERNATIONAL COLLEGE LTD.,102176,"ILAC INTERNATIONAL COLLEGE, TORONTO",TORONTO,M4W 3C7,SALES AND MARKETING DIPLOMA WITH CO-OP (80 WEEKS)*,Business,Marketing/Advertising,Y,66.9%,See combined program results below,See combined program results below,See combined program results below,See combined program results below,ND
200558,ILAC INTERNATIONAL COLLEGE LTD.,102176,"ILAC INTERNATIONAL COLLEGE, TORONTO",TORONTO,M4W 3C7,SALES AND MARKETING DIPLOMA WITH CO-OP (92 WEEKS)*,Business,Marketing/Advertising,Y,64.7%,See combined program results below,See combined program results below,See combined program results below,See combined program results below,ND
200558,ILAC INTERNATIONAL COLLEGE LTD.,102176,"ILAC INTERNATIONAL COLLEGE, TORONTO",TORONTO,M4W 3C7,SALES AND MARKETING DIPLOMA WITH CO-OP (COMBINED 80 WEEKS AND 92 WEEKS)**,Business,Marketing/Advertising,Y,See program results above,100.0%,78.9%,47.8%,100.0%,See program results above
200558,ILAC INTERNATIONAL COLLEGE LTD.,102176,"ILAC INTERNATIONAL COLLEGE, TORONTO",TORONTO,M4W 3C7,SALES AND MARKETING DIPLOMA,Business,Marketing/Advertising,Y,87.5%,50.0%,50.0%,80.0%,ND,ND
200558,ILAC INTERNATIONAL COLLEGE LTD.,102176,"ILAC INTERNATIONAL COLLEGE, TORONTO",TORONTO,M4W 3C7,SERVICE ESSENTIALS FOR BUSINESS DIPLOMA,Business,Other - Business,Y,77.9%,80.8%,50.0%,75.9%,100.0%,ND
200558,ILAC INTERNATIONAL COLLEGE LTD.,102176,"ILAC INTERNATIONAL COLLEGE, TORONTO",TORONTO,M4W 3C7,SERVICE EXCELLENCE FOR BUSINESS CERTIFICATE,Business,Other - Business,Y,93.8%,50.0%,50.0%,40.0%,ND,ND
200558,ILAC INTERNATIONAL COLLEGE LTD.,102176,"ILAC INTERNATIONAL COLLEGE, TORONTO",TORONTO,M4W 3C7,SERVICE EXCELLENCE FOR BUSINESS DIPLOMA,Business,Other - Business,Y,80.5%,80.6%,72.2%,59.0%,100.0%,ND
200569,CANADIAN TRUCK TRAINING CENTRE INC.,+,+,,,+,,,Y,88.4%,69.7%,54.5%,88.9%,ND,ND
200569,CANADIAN TRUCK TRAINING CENTRE INC.,102196,"CANADIAN TRUCK TRAINING CENTRE INC., MISSISSAUGA",MISSISSAUGA,L4T 3Y7,+,,,Y,88.4%,69.7%,54.5%,88.9%,ND,ND
200569,CANADIAN TRUCK TRAINING CENTRE INC.,102196,"CANADIAN TRUCK TRAINING CENTRE INC., MISSISSAUGA",MISSISSAUGA,L4T 3Y7,AZ TRACTOR-TRAILER (MELT),Tractor-Trailer / Driver Licensing,AZ Class Truck Driver,Y,88.4%,69.7%,54.5%,88.9%,ND,ND
200585,IVOR TRANS INC.,+,+,,,+,,,Y,98.1%,90.6%,78.1%,96.9%,100.0%,ND
200585,IVOR TRANS INC.,102229,"TRUCK TRAINING ACADEMY OF STONEY CREEK, STONEY CREEK",STONEY CREEK,L8E 1V5,+,,,Y,98.1%,90.6%,78.1%,96.9%,100.0%,ND
200585,IVOR TRANS INC.,102229,"TRUCK TRAINING ACADEMY OF STONEY CREEK, STONEY CREEK",STONEY CREEK,L8E 1V5,AZ PROGRAM,Tractor-Trailer / Driver Licensing,AZ Class Truck Driver,Y,100.0%,83.3%,83.3%,83.3%,ND,ND
200585,IVOR TRANS INC.,102229,"TRUCK TRAINING ACADEMY OF STONEY CREEK, STONEY CREEK",STONEY CREEK,L8E 1V5,TRACTOR-TRAILER MELT,Tractor-Trailer / Driver Licensing,A Class Truck Driver,Y,97.7%,92.3%,76.9%,100.0%,100.0%,ND
200590,ELECTRO MECHANICAL SCHOOL INC.,+,+,,,+,,,Y,SS,ND,ND,ND,ND,ND
200590,ELECTRO MECHANICAL SCHOOL INC.,102239,"ELECTRO MECHANICAL SCHOOL INC., TORONTO",TORONTO,M3J 2R8,+,,,Y,SS,ND,ND,ND,ND,ND
200590,ELECTRO MECHANICAL SCHOOL INC.,102239,"ELECTRO MECHANICAL SCHOOL INC., TORONTO",TORONTO,M3J 2R8,CONTROL PANEL ASSEMBLER/TESTER,Service Trade,Electronic Service Technician,Y,SS,ND,ND,ND,ND,ND
200592,GRAND HEALTH ACADEMY CORPORATION,+,+,,,+,,,Y,70.0%,77.5%,63.4%,86.7%,100.0%,ND
200592,GRAND HEALTH ACADEMY CORPORATION,102244,"CIMT COLLEGE, HAMILTON",HAMILTON,L8V 1B1,+,,,Y,68.1%,79.6%,61.1%,84.2%,100.0%,ND
200592,GRAND HEALTH ACADEMY CORPORATION,102244,"CIMT COLLEGE, HAMILTON",HAMILTON,L8V 1B1,ACCOUNTING ADMINISTRATION,Business,Accounting and Payroll Administration,Y,ND,SS,SS,SS,ND,ND
200592,GRAND HEALTH ACADEMY CORPORATION,102244,"CIMT COLLEGE, HAMILTON",HAMILTON,L8V 1B1,BUSINESS ADMINISTRATION,Business,Business Administration,Y,100.0%,100.0%,0.0%,100.0%,ND,ND
200592,GRAND HEALTH ACADEMY CORPORATION,102244,"CIMT COLLEGE, HAMILTON",HAMILTON,L8V 1B1,DENTAL OFFICE ADMINISTRATION,Health Services,Dental Office Administration,Y,88.9%,50.0%,25.0%,60.0%,ND,ND
200592,GRAND HEALTH ACADEMY CORPORATION,102244,"CIMT COLLEGE, HAMILTON",HAMILTON,L8V 1B1,EARLY CHILDCARE ASSISTANT,Human Services,Early Childhood Assistant,Y,50.0%,33.3%,33.3%,80.0%,ND,ND
200592,GRAND HEALTH ACADEMY CORPORATION,102244,"CIMT COLLEGE, HAMILTON",HAMILTON,L8V 1B1,FOOD SERVICE WORKER,Services,Other - Services,Y,73.0%,100.0%,90.9%,100.0%,100.0%,ND
200592,GRAND HEALTH ACADEMY CORPORATION,102244,"CIMT COLLEGE, HAMILTON",HAMILTON,L8V 1B1,MEDICAL OFFICE ADMINISTRATION WITH HEALTH UNIT COORDINATING,Health Services,Medical Office Administration/Management,Y,SS,SS,SS,SS,ND,ND
200592,GRAND HEALTH ACADEMY CORPORATION,102244,"CIMT COLLEGE, HAMILTON",HAMILTON,L8V 1B1,MEDICAL OFFICE ADMINISTRATION,Health Services,Medical Office Administration/Management,Y,66.7%,60.0%,40.0%,40.0%,ND,ND
200592,GRAND HEALTH ACADEMY CORPORATION,102244,"CIMT COLLEGE, HAMILTON",HAMILTON,L8V 1B1,PERSONAL SUPPORT WORKER BRIDGING,Health Services,Personal Support Worker/Personal Attendant,Y,SS,ND,ND,ND,ND,ND
200592,GRAND HEALTH ACADEMY CORPORATION,102244,"CIMT COLLEGE, HAMILTON",HAMILTON,L8V 1B1,PERSONAL SUPPORT WORKER,Health Services,Personal Support Worker/Personal Attendant,Y,63.0%,82.1%,67.9%,89.3%,ND,ND
200592,GRAND HEALTH ACADEMY CORPORATION,102245,"CIMT COLLEGE, TORONTO",TORONTO,M4W 1L7,+,,,Y,74.6%,70.6%,70.6%,94.4%,ND,ND
200592,GRAND HEALTH ACADEMY CORPORATION,102245,"CIMT COLLEGE, TORONTO",TORONTO,M4W 1L7,FOOD SERVICE WORKER,Services,Other - Services,Y,ND,ND,ND,ND,ND,ND
200592,GRAND HEALTH ACADEMY CORPORATION,102245,"CIMT COLLEGE, TORONTO",TORONTO,M4W 1L7,PERSONAL SUPPORT WORKER (PART TIME),Health Services,Personal Support Worker/Personal Attendant,Y,SS,SS,SS,SS,ND,ND
200592,GRAND HEALTH ACADEMY CORPORATION,102245,"CIMT COLLEGE, TORONTO",TORONTO,M4W 1L7,PERSONAL SUPPORT WORKER,Health Services,Personal Support Worker/Personal Attendant,Y,73.7%,68.8%,68.8%,94.1%,ND,ND
200594,GINA'S COLLEGE OF ADVANCED AESTHETICS CORPORATION,+,+,,,+,,,Y,93.4%,92.6%,77.8%,57.7%,66.7%,ND
200594,GINA'S COLLEGE OF ADVANCED AESTHETICS CORPORATION,102246,"GINA'S COLLEGE OF ADVANCED AESTHETICS CORPORATION, WATERLOO",WATERLOO,N2J 3J2,+,,,Y,94.6%,92.6%,77.8%,57.7%,66.7%,2.9%
200594,GINA'S COLLEGE OF ADVANCED AESTHETICS CORPORATION,102246,"GINA'S COLLEGE OF ADVANCED AESTHETICS CORPORATION, WATERLOO",WATERLOO,N2J 3J2,ADVANCED AESTHETICS,Human Services,Esthetics/Medical Esthetics,Y,SS,SS,SS,SS,100.0%,ND
200594,GINA'S COLLEGE OF ADVANCED AESTHETICS CORPORATION,102246,"GINA'S COLLEGE OF ADVANCED AESTHETICS CORPORATION, WATERLOO",WATERLOO,N2J 3J2,ELECTROLYSIS AND LIGHT TECHNOLOGY,Human Services,Esthetics/Medical Esthetics,Y,SS,SS,SS,SS,ND,ND
200594,GINA'S COLLEGE OF ADVANCED AESTHETICS CORPORATION,102246,"GINA'S COLLEGE OF ADVANCED AESTHETICS CORPORATION, WATERLOO",WATERLOO,N2J 3J2,HAIRSTYLIST,Service Trade,Hairstylist,Y,87.5%,100.0%,100.0%,66.7%,0.0%,ND
200594,GINA'S COLLEGE OF ADVANCED AESTHETICS CORPORATION,102246,"GINA'S COLLEGE OF ADVANCED AESTHETICS CORPORATION, WATERLOO",WATERLOO,N2J 3J2,MEDICAL AESTHETICS,Human Services,Esthetics/Medical Esthetics,Y,97.1%,88.2%,64.7%,47.1%,100.0%,ND
200594,GINA'S COLLEGE OF ADVANCED AESTHETICS CORPORATION,102247,"GINA'S COLLEGE OF ADVANCED AESTHETICS CORPORATION, MISSISSAUGA",MISSISSAUGA,L4X 2X6,+,,,Y,80.0%,ND,ND,ND,ND,ND
200594,GINA'S COLLEGE OF ADVANCED AESTHETICS CORPORATION,102247,"GINA'S COLLEGE OF ADVANCED AESTHETICS CORPORATION, MISSISSAUGA",MISSISSAUGA,L4X 2X6,ADVANCED AESTHETICS,Human Services,Esthetics/Medical Esthetics,Y,SS,ND,ND,ND,ND,ND
200594,GINA'S COLLEGE OF ADVANCED AESTHETICS CORPORATION,102247,"GINA'S COLLEGE OF ADVANCED AESTHETICS CORPORATION, MISSISSAUGA",MISSISSAUGA,L4X 2X6,MEDICAL AESTHETICS,Human Services,Esthetics/Medical Esthetics,Y,SS,ND,ND,ND,ND,ND
200603,PROFUSION CULINARY ARTS INC.,+,+,,,+,,,Y,87.4%,83.0%,68.1%,82.5%,100.0%,ND
200603,PROFUSION CULINARY ARTS INC.,102264,"LE CORDON BLEU OTTAWA CULINARY ARTS INSTITUTE, OTTAWA",OTTAWA,K1N 6R4,+,,,Y,87.4%,83.0%,68.1%,82.5%,100.0%,ND
200603,PROFUSION CULINARY ARTS INC.,102264,"LE CORDON BLEU OTTAWA CULINARY ARTS INSTITUTE, OTTAWA",OTTAWA,K1N 6R4,BOULANGERIE DE BASE,Service Trade,Chef,Y,100.0%,100.0%,60.0%,85.7%,ND,ND
200603,PROFUSION CULINARY ARTS INC.,102264,"LE CORDON BLEU OTTAWA CULINARY ARTS INSTITUTE, OTTAWA",OTTAWA,K1N 6R4,CUISINE DE BASE,Service Trade,Chef,Y,66.7%,66.7%,66.7%,85.7%,ND,ND
200603,PROFUSION CULINARY ARTS INC.,102264,"LE CORDON BLEU OTTAWA CULINARY ARTS INSTITUTE, OTTAWA",OTTAWA,K1N 6R4,CUISINE INTERMEDIAIRE,Service Trade,Chef,Y,83.3%,ND,ND,0.0%,ND,ND
200603,PROFUSION CULINARY ARTS INC.,102264,"LE CORDON BLEU OTTAWA CULINARY ARTS INSTITUTE, OTTAWA",OTTAWA,K1N 6R4,DIPLOMA IN CULINARY MANAGEMENT,Business,Hospitality Administration/Management,Y,100.0%,100.0%,66.7%,75.0%,ND,ND
200603,PROFUSION CULINARY ARTS INC.,102264,"LE CORDON BLEU OTTAWA CULINARY ARTS INSTITUTE, OTTAWA",OTTAWA,K1N 6R4,DIPLOME DE CUISINE,Service Trade,Cook/Assistant Cook,Y,84.0%,91.7%,83.3%,83.3%,ND,ND
200603,PROFUSION CULINARY ARTS INC.,102264,"LE CORDON BLEU OTTAWA CULINARY ARTS INSTITUTE, OTTAWA",OTTAWA,K1N 6R4,DIPLOME DE PATISSERIE,Service Trade,Chef,Y,87.5%,75.0%,62.5%,81.8%,100.0%,ND
200603,PROFUSION CULINARY ARTS INC.,102264,"LE CORDON BLEU OTTAWA CULINARY ARTS INSTITUTE, OTTAWA",OTTAWA,K1N 6R4,LE GRAND DIPLOME,Service Trade,Chef,Y,88.9%,80.0%,60.0%,60.0%,ND,ND
200603,PROFUSION CULINARY ARTS INC.,102264,"LE CORDON BLEU OTTAWA CULINARY ARTS INSTITUTE, OTTAWA",OTTAWA,K1N 6R4,PATISSERIE DE BASE,Service Trade,Chef,Y,78.6%,80.0%,80.0%,100.0%,ND,ND
200603,PROFUSION CULINARY ARTS INC.,102264,"LE CORDON BLEU OTTAWA CULINARY ARTS INSTITUTE, OTTAWA",OTTAWA,K1N 6R4,PATISSERIE INTERMEDIAIRE,Service Trade,Chef,Y,100.0%,66.7%,33.3%,100.0%,ND,ND
200604,1533043 ONTARIO LTD.,+,+,,,+,,,Y,97.1%,72.4%,31.0%,78.1%,100.0%,ND
200604,1533043 ONTARIO LTD.,102266,"CANADIAN COLLEGE OF EDUCATORS, MISSISSAUGA",MISSISSAUGA,L4Y 4G4,+,,,Y,97.1%,72.4%,31.0%,78.1%,100.0%,ND
200604,1533043 ONTARIO LTD.,102266,"CANADIAN COLLEGE OF EDUCATORS, MISSISSAUGA",MISSISSAUGA,L4Y 4G4,TESL DIPLOMA P/T,Human Services,Teacher of English as a Second Language (TESL),Y,100.0%,83.3%,50.0%,75.0%,ND,ND
200604,1533043 ONTARIO LTD.,102266,"CANADIAN COLLEGE OF EDUCATORS, MISSISSAUGA",MISSISSAUGA,L4Y 4G4,TESL DIPLOMA,Human Services,Teacher of English as a Second Language (TESL),Y,96.2%,69.6%,26.1%,79.2%,100.0%,ND
200617,ONTARIO COLLEGE OF HEALTH & TECHNOLOGY INC.,+,+,,,+,,,Y,64.4%,87.5%,77.5%,97.4%,100.0%,ND
200617,ONTARIO COLLEGE OF HEALTH & TECHNOLOGY INC.,102284,"ONTARIO COLLEGE OF HEALTH & TECHNOLOGY INC., STONEY CREEK",STONEY CREEK,L8E 5C8,+,,,Y,64.4%,87.5%,77.5%,97.4%,100.0%,4.8%
200617,ONTARIO COLLEGE OF HEALTH & TECHNOLOGY INC.,102284,"ONTARIO COLLEGE OF HEALTH & TECHNOLOGY INC., STONEY CREEK",STONEY CREEK,L8E 5C8,EDUCATION ASSISTANT- SPECIAL NEEDS SUPPORT,Human Services,Educator,Y,SS,ND,ND,ND,ND,ND
200617,ONTARIO COLLEGE OF HEALTH & TECHNOLOGY INC.,102284,"ONTARIO COLLEGE OF HEALTH & TECHNOLOGY INC., STONEY CREEK",STONEY CREEK,L8E 5C8,MASSAGE THERAPY,Health Services,Massage Therapist,Y,69.2%,88.2%,76.5%,100.0%,100.0%,ND
200617,ONTARIO COLLEGE OF HEALTH & TECHNOLOGY INC.,102284,"ONTARIO COLLEGE OF HEALTH & TECHNOLOGY INC., STONEY CREEK",STONEY CREEK,L8E 5C8,PRIMARY CARE PARAMEDIC,Health Services,Paramedic,Y,60.0%,87.0%,78.3%,95.5%,ND,ND
200619,CANADIAN ACADEMY OF DENTAL HYGIENE INC.,+,+,,,+,,,Y,78.2%,88.2%,84.3%,52.5%,100.0%,ND
200619,CANADIAN ACADEMY OF DENTAL HYGIENE INC.,102286,"THE CANADIAN ACADEMY OF DENTAL HEALTH & COMMUNITY SCIENCES, MISSISSAUGA",MISSISSAUGA,L5G 4S1,+,,,Y,78.2%,88.2%,84.3%,52.5%,100.0%,1.4%
200619,CANADIAN ACADEMY OF DENTAL HYGIENE INC.,102286,"THE CANADIAN ACADEMY OF DENTAL HEALTH & COMMUNITY SCIENCES, MISSISSAUGA",MISSISSAUGA,L5G 4S1,DENTAL HYGIENE,Health Services,Dental Hygienist,Y,75.3%,91.9%,89.2%,59.1%,100.0%,ND
200619,CANADIAN ACADEMY OF DENTAL HYGIENE INC.,102286,"THE CANADIAN ACADEMY OF DENTAL HEALTH & COMMUNITY SCIENCES, MISSISSAUGA",MISSISSAUGA,L5G 4S1,INTRA-ORAL DENTAL ASSISTANT,Health Services,Intra-Oral Dental Assistant,Y,93.8%,78.6%,71.4%,33.3%,ND,ND
200642,1195110 ONTARIO INC.,+,+,,,+,,,Y,77.8%,81.8%,72.7%,92.3%,100.0%,ND
200642,1195110 ONTARIO INC.,101232,"HAMILTON INSTITUTE FOR HEALTH PERSONNEL, HAMILTON",HAMILTON,L8P 1H1,+,,,Y,77.8%,81.8%,72.7%,92.3%,100.0%,ND
200642,1195110 ONTARIO INC.,101232,"HAMILTON INSTITUTE FOR HEALTH PERSONNEL, HAMILTON",HAMILTON,L8P 1H1,NACC PSW 2015 & BUSINESS COURSES,Health Services,Personal Support Worker/ Personal Attendant (NACC),Y,ND,ND,ND,ND,ND,ND
200642,1195110 ONTARIO INC.,101232,"HAMILTON INSTITUTE FOR HEALTH PERSONNEL, HAMILTON",HAMILTON,L8P 1H1,NACC PSW 2015 (P/T),Health Services,Personal Support Worker/ Personal Attendant (NACC),Y,SS,ND,ND,ND,ND,ND
200642,1195110 ONTARIO INC.,101232,"HAMILTON INSTITUTE FOR HEALTH PERSONNEL, HAMILTON",HAMILTON,L8P 1H1,NACC PSW 2015,Health Services,Personal Support Worker/ Personal Attendant (NACC),Y,74.2%,81.8%,72.7%,92.3%,100.0%,ND
200642,1195110 ONTARIO INC.,101232,"HAMILTON INSTITUTE FOR HEALTH PERSONNEL, HAMILTON",HAMILTON,L8P 1H1,PERSONAL SUPPORT WORKER BRIDGING (FT),Health Services,Personal Support Worker/Personal Attendant,Y,SS,ND,ND,ND,ND,ND
200646,OTTAWA SCHOOL OF BEAUTY LTD.,+,+,,,+,,,Y,35.5%,88.5%,88.5%,74.1%,0.0%,ND
200646,OTTAWA SCHOOL OF BEAUTY LTD.,101243,"OTTAWA ACADEMY, OTTAWA",GLOUCESTER,K1J 9L3,+,,,Y,40.0%,83.3%,83.3%,83.3%,ND,4.8%
200646,OTTAWA SCHOOL OF BEAUTY LTD.,101243,"OTTAWA ACADEMY, OTTAWA",GLOUCESTER,K1J 9L3,MEDICAL ESTHETICIAN,Human Services,Esthetics/Medical Esthetics,Y,SS,SS,SS,SS,ND,ND
200646,OTTAWA SCHOOL OF BEAUTY LTD.,101243,"OTTAWA ACADEMY, OTTAWA",GLOUCESTER,K1J 9L3,MEDICAL SPA SPECIALTY,Human Services,Esthetics/Medical Esthetics,Y,ND,SS,SS,SS,ND,ND
200646,OTTAWA SCHOOL OF BEAUTY LTD.,101243,"OTTAWA ACADEMY, OTTAWA",GLOUCESTER,K1J 9L3,PROFESSIONAL ESTHETICIAN - FULL TIME,Human Services,Esthetics/Medical Esthetics,Y,SS,ND,ND,ND,ND,ND
200646,OTTAWA SCHOOL OF BEAUTY LTD.,101243,"OTTAWA ACADEMY, OTTAWA",GLOUCESTER,K1J 9L3,PROFESSIONAL HAIRSTYLING (PT),Service Trade,Hairstylist,Y,SS,ND,ND,ND,ND,ND
200646,OTTAWA SCHOOL OF BEAUTY LTD.,101243,"OTTAWA ACADEMY, OTTAWA",GLOUCESTER,K1J 9L3,PROFESSIONAL HAIRSTYLING,Service Trade,Hairstylist,Y,16.7%,SS,SS,SS,ND,ND
200646,OTTAWA SCHOOL OF BEAUTY LTD.,101244,"WEST END ACADEMY, OTTAWA",NEPEAN,K2G 4A1,+,,,Y,23.5%,66.7%,66.7%,66.7%,ND,9.1%
200646,OTTAWA SCHOOL OF BEAUTY LTD.,101244,"WEST END ACADEMY, OTTAWA",NEPEAN,K2G 4A1,MEDICAL ESTHETICIAN,Human Services,Esthetics/Medical Esthetics,Y,SS,SS,SS,SS,ND,ND
200646,OTTAWA SCHOOL OF BEAUTY LTD.,101244,"WEST END ACADEMY, OTTAWA",NEPEAN,K2G 4A1,MEDICAL SPA SPECIALTY,Human Services,Esthetics/Medical Esthetics,Y,SS,SS,SS,SS,ND,ND
200646,OTTAWA SCHOOL OF BEAUTY LTD.,101244,"WEST END ACADEMY, OTTAWA",NEPEAN,K2G 4A1,PROFESSIONAL HAIRSTYLING & BARBERING (46 WEEKS)*,Service Trade,Hairstylist,Y,SS,See combined program results below,See combined program results below,See combined program results below,See combined program results below,ND
200646,OTTAWA SCHOOL OF BEAUTY LTD.,101244,"WEST END ACADEMY, OTTAWA",NEPEAN,K2G 4A1,PROFESSIONAL HAIRSTYLING & BARBERING (47 WEEKS)*,Service Trade,Hairstylist,Y,SS,See combined program results below,See combined program results below,See combined program results below,See combined program results below,ND
200646,OTTAWA SCHOOL OF BEAUTY LTD.,101244,"WEST END ACADEMY, OTTAWA",NEPEAN,K2G 4A1,PROFESSIONAL HAIRSTYLING & BARBERING (COMBINED 46 WEEKS AND 47 WEEKS)**,Service Trade,Hairstylist,Y,See program results above,SS,SS,SS,ND,See program results above
200646,OTTAWA SCHOOL OF BEAUTY LTD.,101244,"WEST END ACADEMY, OTTAWA",NEPEAN,K2G 4A1,PROFESSIONAL HAIRSTYLING,Service Trade,Hairstylist,Y,9.1%,SS,SS,SS,ND,ND
200646,OTTAWA SCHOOL OF BEAUTY LTD.,101301,"BEAUTY ACADEMY, LONDON",LONDON,N6A 4L1,+,,,Y,38.5%,100.0%,100.0%,73.3%,0.0%,4.5%
200646,OTTAWA SCHOOL OF BEAUTY LTD.,101301,"BEAUTY ACADEMY, LONDON",LONDON,N6A 4L1,PROFESSIONAL HAIRSTYLING & BARBERING,Service Trade,Hairstylist,Y,SS,SS,SS,SS,0.0%,ND
200646,OTTAWA SCHOOL OF BEAUTY LTD.,101301,"BEAUTY ACADEMY, LONDON",LONDON,N6A 4L1,PROFESSIONAL HAIRSTYLING,Service Trade,Hairstylist,Y,37.8%,100.0%,100.0%,72.7%,ND,ND
200650,VOILA ACADEMY OF HAIR DESIGN INC.,+,+,,,+,,,Y,82.8%,100.0%,100.0%,88.9%,ND,ND
200650,VOILA ACADEMY OF HAIR DESIGN INC.,101259,"VOILA INSTITUTE SCHOOL OF HAIR DESIGN, CMPS-101259",WATERLOO,N2J 1R3,+,,,Y,82.8%,100.0%,100.0%,88.9%,ND,25.0%
200650,VOILA ACADEMY OF HAIR DESIGN INC.,101259,"VOILA INSTITUTE SCHOOL OF HAIR DESIGN, CMPS-101259",WATERLOO,N2J 1R3,ESTHETICS,Human Services,Esthetics/Medical Esthetics,Y,100.0%,ND,ND,ND,ND,ND
200650,VOILA ACADEMY OF HAIR DESIGN INC.,101259,"VOILA INSTITUTE SCHOOL OF HAIR DESIGN, CMPS-101259",WATERLOO,N2J 1R3,HAIRSTYLING,Service Trade,Hairstylist,Y,79.2%,100.0%,100.0%,88.9%,ND,ND
200655,BELLEVILLE TRAINING INC.,+,+,,,+,,,Y,66.7%,81.8%,36.4%,54.5%,ND,ND
200655,BELLEVILLE TRAINING INC.,101300,"ACADEMY OF LEARNING CAREER AND BUSINESS COLLEGE, BELLEVILLE",BELLEVILLE,K8P 3Z3,+,,,Y,66.7%,81.8%,36.4%,54.5%,ND,ND
200655,BELLEVILLE TRAINING INC.,101300,"ACADEMY OF LEARNING CAREER AND BUSINESS COLLEGE, BELLEVILLE",BELLEVILLE,K8P 3Z3,ACCOUNTING AND PAYROLL ADMINISTRATOR,Business,Accounting and Payroll Administration,Y,SS,ND,ND,ND,ND,ND
200655,BELLEVILLE TRAINING INC.,101300,"ACADEMY OF LEARNING CAREER AND BUSINESS COLLEGE, BELLEVILLE",BELLEVILLE,K8P 3Z3,ADMINISTRATIVE ASSISTANT,Business,Office Administration,Y,SS,ND,ND,ND,ND,ND
200655,BELLEVILLE TRAINING INC.,101300,"ACADEMY OF LEARNING CAREER AND BUSINESS COLLEGE, BELLEVILLE",BELLEVILLE,K8P 3Z3,BUSINESS ACCOUNTING,Business,Accounting,Y,SS,ND,ND,ND,ND,ND
200655,BELLEVILLE TRAINING INC.,101300,"ACADEMY OF LEARNING CAREER AND BUSINESS COLLEGE, BELLEVILLE",BELLEVILLE,K8P 3Z3,BUSINESS ADMINISTRATION DIPLOMA,Business,Business Administration,Y,SS,SS,SS,SS,ND,ND
200655,BELLEVILLE TRAINING INC.,101300,"ACADEMY OF LEARNING CAREER AND BUSINESS COLLEGE, BELLEVILLE",BELLEVILLE,K8P 3Z3,BUSINESS OFFICE ADMINISTRATION,Business,Office Administration,Y,SS,SS,SS,SS,ND,ND
200655,BELLEVILLE TRAINING INC.,101300,"ACADEMY OF LEARNING CAREER AND BUSINESS COLLEGE, BELLEVILLE",BELLEVILLE,K8P 3Z3,BUSINESS OFFICE SKILLS,Business,Office Administration,Y,ND,SS,SS,SS,ND,ND
200655,BELLEVILLE TRAINING INC.,101300,"ACADEMY OF LEARNING CAREER AND BUSINESS COLLEGE, BELLEVILLE",BELLEVILLE,K8P 3Z3,COMMUNITY SERVICE WORKER VIRTUAL LEARNING,Community and Social Services,Community Services Worker,Y,80.0%,SS,SS,SS,ND,ND
200655,BELLEVILLE TRAINING INC.,101300,"ACADEMY OF LEARNING CAREER AND BUSINESS COLLEGE, BELLEVILLE",BELLEVILLE,K8P 3Z3,COMPUTER SERVICE TECHNICIAN,Computer and Information Technology,Information Technology,Y,ND,SS,SS,SS,ND,ND
200655,BELLEVILLE TRAINING INC.,101300,"ACADEMY OF LEARNING CAREER AND BUSINESS COLLEGE, BELLEVILLE",BELLEVILLE,K8P 3Z3,MEDICAL OFFICE ADMINISTRATION,Health Services,Medical Office Administration/Management,Y,100.0%,100.0%,100.0%,100.0%,ND,ND
200655,BELLEVILLE TRAINING INC.,101300,"ACADEMY OF LEARNING CAREER AND BUSINESS COLLEGE, BELLEVILLE",BELLEVILLE,K8P 3Z3,MEDICAL OFFICE ASSISTANT VIRTUAL LEARNING,Health Services,Medical Office Administration/Management,Y,ND,SS,SS,SS,ND,ND
200655,BELLEVILLE TRAINING INC.,101300,"ACADEMY OF LEARNING CAREER AND BUSINESS COLLEGE, BELLEVILLE",BELLEVILLE,K8P 3Z3,MEDICAL OFFICE ASSISTANT WITH HEALTH UNIT COORDINATOR SPECIALTY VIRTUAL LEARNING,Health Services,Medical Office Administration/Management,Y,SS,ND,ND,ND,ND,ND
200655,BELLEVILLE TRAINING INC.,101300,"ACADEMY OF LEARNING CAREER AND BUSINESS COLLEGE, BELLEVILLE",BELLEVILLE,K8P 3Z3,MEDICAL RECEPTIONIST,Health Services,Office/Clerical/Administration - Dental/Medical,Y,SS,SS,SS,SS,ND,ND
200655,BELLEVILLE TRAINING INC.,101300,"ACADEMY OF LEARNING CAREER AND BUSINESS COLLEGE, BELLEVILLE",BELLEVILLE,K8P 3Z3,MEDICAL SECRETARY,Health Services,Office/Clerical/Administration - Dental/Medical,Y,SS,ND,ND,ND,ND,ND
200655,BELLEVILLE TRAINING INC.,101300,"ACADEMY OF LEARNING CAREER AND BUSINESS COLLEGE, BELLEVILLE",BELLEVILLE,K8P 3Z3,OFFICE ADMINISTRATION,Business,Office Administration,Y,SS,ND,ND,ND,ND,ND
200655,BELLEVILLE TRAINING INC.,101300,"ACADEMY OF LEARNING CAREER AND BUSINESS COLLEGE, BELLEVILLE",BELLEVILLE,K8P 3Z3,PC SUPPORT SPECIALIST,Computer and Information Technology,Information Technology,Y,ND,SS,SS,SS,ND,ND
200655,BELLEVILLE TRAINING INC.,101300,"ACADEMY OF LEARNING CAREER AND BUSINESS COLLEGE, BELLEVILLE",BELLEVILLE,K8P 3Z3,SALES PROFESSIONAL,Services,Customer Service/Retail Sales,Y,SS,ND,ND,ND,ND,ND
200655,BELLEVILLE TRAINING INC.,101300,"ACADEMY OF LEARNING CAREER AND BUSINESS COLLEGE, BELLEVILLE",BELLEVILLE,K8P 3Z3,WEB DESIGNER,Computer and Information Technology,Information Technology,Y,ND,SS,SS,SS,ND,ND
200669,SUTHERLAND-CHAN SCHOOLS INC.,+,+,,,+,,,Y,75.6%,84.4%,73.3%,97.8%,100.0%,ND
200669,SUTHERLAND-CHAN SCHOOLS INC.,101343,"SUTHERLAND-CHAN SCHOOL AND TEACHING CLINIC, TORONTO",TORONTO,M3C 1Y8,+,,,Y,75.6%,84.4%,73.3%,97.8%,100.0%,0.0%
200669,SUTHERLAND-CHAN SCHOOLS INC.,101343,"SUTHERLAND-CHAN SCHOOL AND TEACHING CLINIC, TORONTO",TORONTO,M3C 1Y8,MASSAGE THERAPY,Health Services,Massage Therapist,Y,75.6%,84.4%,73.3%,97.8%,100.0%,ND
200670,BRAMPTON SKIN CARE ACADEMY INC.,+,+,,,+,,,Y,90.9%,66.7%,66.7%,100.0%,ND,ND
200670,BRAMPTON SKIN CARE ACADEMY INC.,101348,"EDGE COLLEGE OF VOCATIONAL STUDIES, BRAMPTON",BRAMPTON,L6W 3P6,+,,,Y,90.9%,66.7%,66.7%,100.0%,ND,ND
200670,BRAMPTON SKIN CARE ACADEMY INC.,101348,"EDGE COLLEGE OF VOCATIONAL STUDIES, BRAMPTON",BRAMPTON,L6W 3P6,ADVANCED AESTHETICS,Human Services,Esthetics/Medical Esthetics,Y,85.7%,100.0%,100.0%,100.0%,ND,ND
200670,BRAMPTON SKIN CARE ACADEMY INC.,101348,"EDGE COLLEGE OF VOCATIONAL STUDIES, BRAMPTON",BRAMPTON,L6W 3P6,ELECTROLYSIS,Human Services,Esthetics/Medical Esthetics,Y,SS,ND,ND,ND,ND,ND
200670,BRAMPTON SKIN CARE ACADEMY INC.,101348,"EDGE COLLEGE OF VOCATIONAL STUDIES, BRAMPTON",BRAMPTON,L6W 3P6,HAIRSTYLING,Service Trade,Hairstylist,Y,100.0%,50.0%,50.0%,100.0%,ND,ND
200705,1317911 ONTARIO INC.,+,+,,,+,,,Y,87.9%,90.0%,73.3%,86.2%,100.0%,ND
200705,1317911 ONTARIO INC.,101467,"ONTARIO TRUCK TRAINING ACADEMY, OSHAWA",OSHAWA,L1H 3V6,+,,,Y,88.5%,88.9%,72.2%,83.3%,100.0%,ND
200705,1317911 ONTARIO INC.,101467,"ONTARIO TRUCK TRAINING ACADEMY, OSHAWA",OSHAWA,L1H 3V6,AZ PROGRAM,Tractor-Trailer / Driver Licensing,AZ Class Truck Driver,Y,87.2%,86.7%,80.0%,86.7%,100.0%,ND
200705,1317911 ONTARIO INC.,101467,"ONTARIO TRUCK TRAINING ACADEMY, OSHAWA",OSHAWA,L1H 3V6,DZ STRAIGHT TRUCK DIPLOMA COURSE,Tractor-Trailer / Driver Licensing,DZ Class Truck Driver,Y,92.3%,100.0%,50.0%,50.0%,ND,ND
200705,1317911 ONTARIO INC.,101467,"ONTARIO TRUCK TRAINING ACADEMY, OSHAWA",OSHAWA,L1H 3V6,TRACTOR-TRAILER MELT,Tractor-Trailer / Driver Licensing,A Class Truck Driver,Y,ND,SS,SS,SS,ND,ND
200705,1317911 ONTARIO INC.,102427,"ONTARIO TRUCK TRAINING ACADEMY, PETERBOROUGH",PETERBOROUGH,K9J 6X9,+,,,Y,90.0%,87.5%,75.0%,85.7%,ND,ND
200705,1317911 ONTARIO INC.,102427,"ONTARIO TRUCK TRAINING ACADEMY, PETERBOROUGH",PETERBOROUGH,K9J 6X9,AZ PROGRAM,Tractor-Trailer / Driver Licensing,AZ Class Truck Driver,Y,85.7%,80.0%,80.0%,100.0%,ND,ND
200705,1317911 ONTARIO INC.,102427,"ONTARIO TRUCK TRAINING ACADEMY, PETERBOROUGH",PETERBOROUGH,K9J 6X9,DZ STRAIGHT TRUCK DIPLOMA COURSE,Tractor-Trailer / Driver Licensing,DZ Class Truck Driver,Y,SS,SS,SS,SS,ND,ND
200705,1317911 ONTARIO INC.,127396,"ONTARIO TRUCK TRAINING ACADEMY, MISSISSAUGA",MISSISSAUGA,L5T 2B7,+,,,Y,87.5%,100.0%,50.0%,100.0%,ND,ND
200705,1317911 ONTARIO INC.,127396,"ONTARIO TRUCK TRAINING ACADEMY, MISSISSAUGA",MISSISSAUGA,L5T 2B7,AZ PROGRAM,Tractor-Trailer / Driver Licensing,AZ Class Truck Driver,Y,90.0%,100.0%,100.0%,100.0%,ND,ND
200705,1317911 ONTARIO INC.,127396,"ONTARIO TRUCK TRAINING ACADEMY, MISSISSAUGA",MISSISSAUGA,L5T 2B7,DZ STRAIGHT TRUCK DIPLOMA COURSE,Tractor-Trailer / Driver Licensing,DZ Class Truck Driver,Y,SS,SS,SS,SS,ND,ND
200705,1317911 ONTARIO INC.,127396,"ONTARIO TRUCK TRAINING ACADEMY, MISSISSAUGA",MISSISSAUGA,L5T 2B7,TRACTOR-TRAILER MELT,Tractor-Trailer / Driver Licensing,A Class Truck Driver,Y,SS,ND,ND,ND,ND,ND
200705,1317911 ONTARIO INC.,193617,"ONTARIO TRUCK TRAINING ACADEMY, KINGSTON",KINGSTON,K7P 0K4,+,,,Y,84.6%,100.0%,100.0%,100.0%,ND,ND
200705,1317911 ONTARIO INC.,193617,"ONTARIO TRUCK TRAINING ACADEMY, KINGSTON",KINGSTON,K7P 0K4,AZ PROGRAM,Tractor-Trailer / Driver Licensing,AZ Class Truck Driver,Y,91.7%,100.0%,100.0%,100.0%,ND,ND
200705,1317911 ONTARIO INC.,193617,"ONTARIO TRUCK TRAINING ACADEMY, KINGSTON",KINGSTON,K7P 0K4,DZ STRAIGHT TRUCK DIPLOMA COURSE,Tractor-Trailer / Driver Licensing,DZ Class Truck Driver,Y,SS,ND,ND,ND,ND,ND
200709,A1-GLOBAL HEALTH & BUSINESS COLLEGE INC.,101480,"A1-GLOBAL COLLEGE OF HEALTH, BUSINESS & TECHNOLOGY, MISSISSAUGA/DREW RD.",MISSISSAUGA,L4T 0A5,+,,,Y,82.3%,79.3%,62.1%,97.1%,100.0%,ND
200709,A1-GLOBAL HEALTH & BUSINESS COLLEGE INC.,101480,"A1-GLOBAL COLLEGE OF HEALTH, BUSINESS & TECHNOLOGY, MISSISSAUGA/DREW RD.",MISSISSAUGA,L4T 0A5,COMPUTERIZED ACCOUNTING,Business,Accounting,Y,SS,ND,ND,ND,ND,ND
200709,A1-GLOBAL HEALTH & BUSINESS COLLEGE INC.,101480,"A1-GLOBAL COLLEGE OF HEALTH, BUSINESS & TECHNOLOGY, MISSISSAUGA/DREW RD.",MISSISSAUGA,L4T 0A5,FOOD SERVICE WORKER (PART-TIME),Services,Customer Service/Retail Sales,Y,47.1%,100.0%,0.0%,100.0%,ND,ND
200709,A1-GLOBAL HEALTH & BUSINESS COLLEGE INC.,101480,"A1-GLOBAL COLLEGE OF HEALTH, BUSINESS & TECHNOLOGY, MISSISSAUGA/DREW RD.",MISSISSAUGA,L4T 0A5,NACC PSW 2015 (P/T),Health Services,Personal Support Worker/ Personal Attendant (NACC),Y,82.6%,100.0%,0.0%,100.0%,ND,ND
200709,A1-GLOBAL HEALTH & BUSINESS COLLEGE INC.,101480,"A1-GLOBAL COLLEGE OF HEALTH, BUSINESS & TECHNOLOGY, MISSISSAUGA/DREW RD.",MISSISSAUGA,L4T 0A5,NACC PSW 2015,Health Services,Personal Support Worker/ Personal Attendant (NACC),Y,89.9%,77.8%,66.7%,97.0%,100.0%,ND
200723,CTS CANADIAN CAREER COLLEGE INC.,+,+,,,+,,,Y,72.1%,87.9%,72.4%,66.5%,90.5%,ND
200723,CTS CANADIAN CAREER COLLEGE INC.,101523,"CTS CANADIAN CAREER COLLEGE INC., SEYMOUR - NORTH BAY",NORTH BAY,P1B 8G4,+,,,Y,72.3%,90.4%,77.4%,71.7%,100.0%,13.3%
200723,CTS CANADIAN CAREER COLLEGE INC.,101523,"CTS CANADIAN CAREER COLLEGE INC., SEYMOUR - NORTH BAY",NORTH BAY,P1B 8G4,ACCOUNTING AND PAYROLL ADMINISTRATOR (NO PLACEMENT),Business,Accounting and Payroll Administration,Y,ND,SS,SS,SS,ND,ND
200723,CTS CANADIAN CAREER COLLEGE INC.,101523,"CTS CANADIAN CAREER COLLEGE INC., SEYMOUR - NORTH BAY",NORTH BAY,P1B 8G4,ACCOUNTING AND PAYROLL ADMINISTRATOR,Business,Accounting and Payroll Administration,Y,SS,SS,SS,SS,100.0%,ND
200723,CTS CANADIAN CAREER COLLEGE INC.,101523,"CTS CANADIAN CAREER COLLEGE INC., SEYMOUR - NORTH BAY",NORTH BAY,P1B 8G4,ADDICTIONS AND MENTAL HEALTH WORKER NO PLACEMENT,Community and Social Services,Community Services Worker,Y,SS,ND,ND,ND,ND,ND
200723,CTS CANADIAN CAREER COLLEGE INC.,101523,"CTS CANADIAN CAREER COLLEGE INC., SEYMOUR - NORTH BAY",NORTH BAY,P1B 8G4,ADDICTIONS AND MENTAL HEALTH WORKER,Community and Social Services,Community Services Worker,Y,67.9%,76.9%,46.2%,57.1%,100.0%,ND
200723,CTS CANADIAN CAREER COLLEGE INC.,101523,"CTS CANADIAN CAREER COLLEGE INC., SEYMOUR - NORTH BAY",NORTH BAY,P1B 8G4,BREWING TECHNICIAN (DISTANCE EDUCATION),Services,Other - Services,Y,78.1%,80.0%,60.0%,80.0%,ND,ND
200723,CTS CANADIAN CAREER COLLEGE INC.,101523,"CTS CANADIAN CAREER COLLEGE INC., SEYMOUR - NORTH BAY",NORTH BAY,P1B 8G4,BUSINESS MANAGEMENT,Business,Business Management,Y,85.7%,100.0%,100.0%,100.0%,ND,ND
200723,CTS CANADIAN CAREER COLLEGE INC.,101523,"CTS CANADIAN CAREER COLLEGE INC., SEYMOUR - NORTH BAY",NORTH BAY,P1B 8G4,DEVELOPMENTAL SERVICE WORKER,Community and Social Services,Community Services Worker,Y,77.8%,100.0%,100.0%,100.0%,ND,ND
200723,CTS CANADIAN CAREER COLLEGE INC.,101523,"CTS CANADIAN CAREER COLLEGE INC., SEYMOUR - NORTH BAY",NORTH BAY,P1B 8G4,DIETARY FOOD SERVICE WORKER,Health Services,Other - Health Services,Y,57.1%,100.0%,100.0%,0.0%,ND,ND
200723,CTS CANADIAN CAREER COLLEGE INC.,101523,"CTS CANADIAN CAREER COLLEGE INC., SEYMOUR - NORTH BAY",NORTH BAY,P1B 8G4,FIRE SAFETY TECHNICIAN,Service Trade,Other- Service Trade,Y,ND,SS,SS,SS,ND,ND
200723,CTS CANADIAN CAREER COLLEGE INC.,101523,"CTS CANADIAN CAREER COLLEGE INC., SEYMOUR - NORTH BAY",NORTH BAY,P1B 8G4,LAW CLERK (INCL. PLACEMENT),Law and Public Safety,Law Clerk,Y,75.0%,100.0%,50.0%,0.0%,ND,ND
200723,CTS CANADIAN CAREER COLLEGE INC.,101523,"CTS CANADIAN CAREER COLLEGE INC., SEYMOUR - NORTH BAY",NORTH BAY,P1B 8G4,MEDICAL OFFICE ADMINISTRATOR WITH PLACEMENT,Health Services,Medical Office Administration/Management,Y,100.0%,100.0%,85.7%,57.1%,ND,ND
200723,CTS CANADIAN CAREER COLLEGE INC.,101523,"CTS CANADIAN CAREER COLLEGE INC., SEYMOUR - NORTH BAY",NORTH BAY,P1B 8G4,MEDICAL OFFICE ADMINISTRATOR,Health Services,Medical Office Administration/Management,Y,SS,ND,ND,ND,ND,ND
200723,CTS CANADIAN CAREER COLLEGE INC.,101523,"CTS CANADIAN CAREER COLLEGE INC., SEYMOUR - NORTH BAY",NORTH BAY,P1B 8G4,NACC PSW 2015,Health Services,Personal Support Worker/ Personal Attendant (NACC),Y,70.0%,95.0%,95.0%,100.0%,100.0%,ND
200723,CTS CANADIAN CAREER COLLEGE INC.,101523,"CTS CANADIAN CAREER COLLEGE INC., SEYMOUR - NORTH BAY",NORTH BAY,P1B 8G4,OFFICE ADMINISTRATOR WITH PLACEMENT,Business,Office Administration,Y,100.0%,100.0%,100.0%,75.0%,ND,ND
200723,CTS CANADIAN CAREER COLLEGE INC.,101523,"CTS CANADIAN CAREER COLLEGE INC., SEYMOUR - NORTH BAY",NORTH BAY,P1B 8G4,OFFICE ADMINISTRATOR,Business,Office Administration,Y,SS,ND,ND,ND,ND,ND
200723,CTS CANADIAN CAREER COLLEGE INC.,101523,"CTS CANADIAN CAREER COLLEGE INC., SEYMOUR - NORTH BAY",NORTH BAY,P1B 8G4,PARAMEDIC,Health Services,Paramedic,Y,62.5%,75.0%,66.7%,41.7%,ND,ND
200723,CTS CANADIAN CAREER COLLEGE INC.,101523,"CTS CANADIAN CAREER COLLEGE INC., SEYMOUR - NORTH BAY",NORTH BAY,P1B 8G4,PHARMACY TECHNICIAN (DISTANCE EDUCATION),Health Services,Pharmacy Technician,Y,62.9%,95.0%,85.0%,73.8%,100.0%,ND
200723,CTS CANADIAN CAREER COLLEGE INC.,101523,"CTS CANADIAN CAREER COLLEGE INC., SEYMOUR - NORTH BAY",NORTH BAY,P1B 8G4,POLICE FOUNDATIONS,Law and Public Safety,Law Enforcement/Police Foundations,Y,100.0%,100.0%,25.0%,100.0%,ND,ND
200723,CTS CANADIAN CAREER COLLEGE INC.,101524,"CTS CANADIAN CAREER COLLEGE INC., SUDBURY",SUDBURY,P3C 1R8,+,,,Y,67.7%,86.6%,74.4%,76.7%,100.0%,17.8%
200723,CTS CANADIAN CAREER COLLEGE INC.,101524,"CTS CANADIAN CAREER COLLEGE INC., SUDBURY",SUDBURY,P3C 1R8,ACCOUNTING AND PAYROLL ADMINISTRATOR,Business,Accounting and Payroll Administration,Y,40.0%,SS,SS,SS,ND,ND
200723,CTS CANADIAN CAREER COLLEGE INC.,101524,"CTS CANADIAN CAREER COLLEGE INC., SUDBURY",SUDBURY,P3C 1R8,ADDICTIONS AND MENTAL HEALTH WORKER,Community and Social Services,Community Services Worker,Y,61.3%,89.5%,84.2%,94.7%,100.0%,ND
200723,CTS CANADIAN CAREER COLLEGE INC.,101524,"CTS CANADIAN CAREER COLLEGE INC., SUDBURY",SUDBURY,P3C 1R8,BUSINESS MANAGEMENT (WITH PLACEMENT),Business,Business Management,Y,SS,SS,SS,SS,ND,ND
200723,CTS CANADIAN CAREER COLLEGE INC.,101524,"CTS CANADIAN CAREER COLLEGE INC., SUDBURY",SUDBURY,P3C 1R8,BUSINESS MANAGEMENT,Business,Business Management,Y,ND,SS,SS,SS,ND,ND
200723,CTS CANADIAN CAREER COLLEGE INC.,101524,"CTS CANADIAN CAREER COLLEGE INC., SUDBURY",SUDBURY,P3C 1R8,DEVELOPMENTAL SERVICE WORKER,Community and Social Services,Community Services Worker,Y,SS,80.0%,80.0%,40.0%,ND,ND
200723,CTS CANADIAN CAREER COLLEGE INC.,101524,"CTS CANADIAN CAREER COLLEGE INC., SUDBURY",SUDBURY,P3C 1R8,FIRE SAFETY TECHNICIAN,Service Trade,Other- Service Trade,Y,ND,SS,SS,SS,ND,ND
200723,CTS CANADIAN CAREER COLLEGE INC.,101524,"CTS CANADIAN CAREER COLLEGE INC., SUDBURY",SUDBURY,P3C 1R8,LAW CLERK (INCL. PLACEMENT),Law and Public Safety,Law Clerk,Y,SS,ND,ND,ND,ND,ND
200723,CTS CANADIAN CAREER COLLEGE INC.,101524,"CTS CANADIAN CAREER COLLEGE INC., SUDBURY",SUDBURY,P3C 1R8,MEDICAL LABORATORY ASSISTANT/TECHNICIAN,Health Services,Medical Laboratory Technician,Y,63.0%,100.0%,83.3%,66.7%,ND,ND
200723,CTS CANADIAN CAREER COLLEGE INC.,101524,"CTS CANADIAN CAREER COLLEGE INC., SUDBURY",SUDBURY,P3C 1R8,MEDICAL OFFICE ADMINISTRATOR WITH PLACEMENT,Health Services,Medical Office Administration/Management,Y,63.6%,80.0%,50.0%,77.8%,ND,ND
200723,CTS CANADIAN CAREER COLLEGE INC.,101524,"CTS CANADIAN CAREER COLLEGE INC., SUDBURY",SUDBURY,P3C 1R8,NACC PSW 2015,Health Services,Personal Support Worker/ Personal Attendant (NACC),Y,68.2%,94.1%,94.1%,95.0%,ND,ND
200723,CTS CANADIAN CAREER COLLEGE INC.,101524,"CTS CANADIAN CAREER COLLEGE INC., SUDBURY",SUDBURY,P3C 1R8,OFFICE ADMINISTRATOR WITH PLACEMENT,Business,Office Administration,Y,SS,SS,SS,SS,100.0%,ND
200723,CTS CANADIAN CAREER COLLEGE INC.,101524,"CTS CANADIAN CAREER COLLEGE INC., SUDBURY",SUDBURY,P3C 1R8,OFFICE ADMINISTRATOR,Business,Office Administration,Y,SS,ND,ND,ND,ND,ND
200723,CTS CANADIAN CAREER COLLEGE INC.,101524,"CTS CANADIAN CAREER COLLEGE INC., SUDBURY",SUDBURY,P3C 1R8,PARALEGAL,Law and Public Safety,Paralegal,Y,83.3%,77.8%,33.3%,54.5%,ND,ND
200723,CTS CANADIAN CAREER COLLEGE INC.,101524,"CTS CANADIAN CAREER COLLEGE INC., SUDBURY",SUDBURY,P3C 1R8,PARAMEDIC,Health Services,Paramedic,Y,80.0%,83.3%,66.7%,33.3%,ND,ND
200723,CTS CANADIAN CAREER COLLEGE INC.,102122,"CTS CANADIAN CAREER COLLEGE INC., BARRIE",BARRIE,L4N 9P6,+,,,Y,72.4%,84.4%,68.0%,61.3%,100.0%,9.4%
200723,CTS CANADIAN CAREER COLLEGE INC.,102122,"CTS CANADIAN CAREER COLLEGE INC., BARRIE",BARRIE,L4N 9P6,ACCOUNTING AND PAYROLL ADMINISTRATOR,Business,Accounting and Payroll Administration,Y,SS,85.7%,71.4%,71.4%,100.0%,ND
200723,CTS CANADIAN CAREER COLLEGE INC.,102122,"CTS CANADIAN CAREER COLLEGE INC., BARRIE",BARRIE,L4N 9P6,ADDICTIONS AND MENTAL HEALTH WORKER,Community and Social Services,Community Services Worker,Y,64.7%,69.2%,46.2%,38.5%,100.0%,ND
200723,CTS CANADIAN CAREER COLLEGE INC.,102122,"CTS CANADIAN CAREER COLLEGE INC., BARRIE",BARRIE,L4N 9P6,BUSINESS MANAGEMENT,Business,Business Management,Y,46.2%,100.0%,66.7%,75.0%,ND,ND
200723,CTS CANADIAN CAREER COLLEGE INC.,102122,"CTS CANADIAN CAREER COLLEGE INC., BARRIE",BARRIE,L4N 9P6,DEVELOPMENTAL SERVICE WORKER,Community and Social Services,Community Services Worker,Y,83.3%,85.7%,85.7%,50.0%,ND,ND
200723,CTS CANADIAN CAREER COLLEGE INC.,102122,"CTS CANADIAN CAREER COLLEGE INC., BARRIE",BARRIE,L4N 9P6,FIRE SAFETY TECHNICIAN,Service Trade,Other- Service Trade,Y,ND,ND,ND,ND,ND,ND
200723,CTS CANADIAN CAREER COLLEGE INC.,102122,"CTS CANADIAN CAREER COLLEGE INC., BARRIE",BARRIE,L4N 9P6,LAW CLERK (INCL. PLACEMENT),Law and Public Safety,Law Clerk,Y,82.4%,75.0%,75.0%,75.0%,ND,ND
200723,CTS CANADIAN CAREER COLLEGE INC.,102122,"CTS CANADIAN CAREER COLLEGE INC., BARRIE",BARRIE,L4N 9P6,LAW CLERK,Law and Public Safety,Law Clerk,Y,ND,ND,ND,ND,ND,ND
200723,CTS CANADIAN CAREER COLLEGE INC.,102122,"CTS CANADIAN CAREER COLLEGE INC., BARRIE",BARRIE,L4N 9P6,MEDICAL LABORATORY ASSISTANT/TECHNICIAN,Health Services,Medical Laboratory Technician,Y,50.0%,100.0%,100.0%,100.0%,ND,ND
200723,CTS CANADIAN CAREER COLLEGE INC.,102122,"CTS CANADIAN CAREER COLLEGE INC., BARRIE",BARRIE,L4N 9P6,MEDICAL OFFICE ADMINISTRATOR WITH PLACEMENT,Health Services,Medical Office Administration/Management,Y,97.2%,77.8%,66.7%,60.0%,ND,ND
200723,CTS CANADIAN CAREER COLLEGE INC.,102122,"CTS CANADIAN CAREER COLLEGE INC., BARRIE",BARRIE,L4N 9P6,MEDICAL OFFICE ADMINISTRATOR,Health Services,Medical Office Administration/Management,Y,SS,ND,ND,ND,ND,ND
200723,CTS CANADIAN CAREER COLLEGE INC.,102122,"CTS CANADIAN CAREER COLLEGE INC., BARRIE",BARRIE,L4N 9P6,NACC PSW 2015,Health Services,Personal Support Worker/ Personal Attendant (NACC),Y,84.9%,90.9%,78.8%,81.3%,100.0%,ND
200723,CTS CANADIAN CAREER COLLEGE INC.,102122,"CTS CANADIAN CAREER COLLEGE INC., BARRIE",BARRIE,L4N 9P6,OFFICE ADMINISTRATOR WITH PLACEMENT,Business,Office Administration,Y,80.0%,SS,SS,SS,ND,ND
200723,CTS CANADIAN CAREER COLLEGE INC.,102122,"CTS CANADIAN CAREER COLLEGE INC., BARRIE",BARRIE,L4N 9P6,OFFICE ADMINISTRATOR,Business,Office Administration,Y,SS,ND,ND,ND,ND,ND
200723,CTS CANADIAN CAREER COLLEGE INC.,102122,"CTS CANADIAN CAREER COLLEGE INC., BARRIE",BARRIE,L4N 9P6,PARALEGAL,Law and Public Safety,Paralegal,Y,85.3%,87.5%,37.5%,75.0%,ND,ND
200723,CTS CANADIAN CAREER COLLEGE INC.,102122,"CTS CANADIAN CAREER COLLEGE INC., BARRIE",BARRIE,L4N 9P6,PARAMEDIC,Health Services,Paramedic,Y,46.3%,83.9%,64.5%,35.5%,ND,ND
200723,CTS CANADIAN CAREER COLLEGE INC.,102122,"CTS CANADIAN CAREER COLLEGE INC., BARRIE",BARRIE,L4N 9P6,POLICE FOUNDATIONS,Law and Public Safety,Law Enforcement/Police Foundations,Y,84.6%,ND,ND,ND,ND,ND
200723,CTS CANADIAN CAREER COLLEGE INC.,102270,"MODERN COLLEGE OF HAIRSTYLING & ESTHETIC, COMMERCE - NORTH BAY",NORTH BAY,P1B 8G4,+,,,Y,82.1%,66.7%,58.3%,30.8%,ND,20.0%
200723,CTS CANADIAN CAREER COLLEGE INC.,102270,"MODERN COLLEGE OF HAIRSTYLING & ESTHETIC, COMMERCE - NORTH BAY",NORTH BAY,P1B 8G4,AESTHETICS,Human Services,Esthetics/Medical Esthetics,Y,82.4%,75.0%,75.0%,25.0%,ND,ND
200723,CTS CANADIAN CAREER COLLEGE INC.,102270,"MODERN COLLEGE OF HAIRSTYLING & ESTHETIC, COMMERCE - NORTH BAY",NORTH BAY,P1B 8G4,ESTHETICS,Human Services,Esthetics/Medical Esthetics,Y,ND,SS,SS,SS,ND,ND
200723,CTS CANADIAN CAREER COLLEGE INC.,102270,"MODERN COLLEGE OF HAIRSTYLING & ESTHETIC, COMMERCE - NORTH BAY",NORTH BAY,P1B 8G4,HAIRSTYLING,Service Trade,Hairstylist,Y,81.8%,50.0%,33.3%,42.9%,ND,ND
200723,CTS CANADIAN CAREER COLLEGE INC.,103094,"MODERN COLLEGE OF HAIRSTYLING & ESTHETIC, SUDBURY",SUDBURY,P3C 1R8,+,,,Y,44.0%,92.3%,69.2%,46.2%,100.0%,19.4%
200723,CTS CANADIAN CAREER COLLEGE INC.,103094,"MODERN COLLEGE OF HAIRSTYLING & ESTHETIC, SUDBURY",SUDBURY,P3C 1R8,AESTHETICS,Human Services,Esthetics/Medical Esthetics,Y,20.0%,SS,SS,SS,ND,ND
200723,CTS CANADIAN CAREER COLLEGE INC.,103094,"MODERN COLLEGE OF HAIRSTYLING & ESTHETIC, SUDBURY",SUDBURY,P3C 1R8,HAIRSTYLING,Service Trade,Hairstylist,Y,50.0%,90.0%,80.0%,40.0%,100.0%,ND
200723,CTS CANADIAN CAREER COLLEGE INC.,106719,"CTS CANADIAN CAREER COLLEGE, SAULT STE. MARIE",SAULT STE. MARIE,P6C 2R2,+,,,Y,76.1%,95.4%,73.8%,68.1%,66.7%,9.3%
200723,CTS CANADIAN CAREER COLLEGE INC.,106719,"CTS CANADIAN CAREER COLLEGE, SAULT STE. MARIE",SAULT STE. MARIE,P6C 2R2,ACCOUNTING AND PAYROLL ADMINISTRATOR,Business,Accounting and Payroll Administration,Y,SS,SS,SS,SS,ND,ND
200723,CTS CANADIAN CAREER COLLEGE INC.,106719,"CTS CANADIAN CAREER COLLEGE, SAULT STE. MARIE",SAULT STE. MARIE,P6C 2R2,ADDICTIONS AND MENTAL HEALTH WORKER,Community and Social Services,Community Services Worker,Y,70.0%,100.0%,57.1%,60.0%,100.0%,ND
200723,CTS CANADIAN CAREER COLLEGE INC.,106719,"CTS CANADIAN CAREER COLLEGE, SAULT STE. MARIE",SAULT STE. MARIE,P6C 2R2,BUSINESS MANAGEMENT,Business,Business Management,Y,ND,SS,SS,SS,ND,ND
200723,CTS CANADIAN CAREER COLLEGE INC.,106719,"CTS CANADIAN CAREER COLLEGE, SAULT STE. MARIE",SAULT STE. MARIE,P6C 2R2,FIRE SAFETY TECHNICIAN,Service Trade,Other- Service Trade,Y,ND,ND,ND,ND,ND,ND
200723,CTS CANADIAN CAREER COLLEGE INC.,106719,"CTS CANADIAN CAREER COLLEGE, SAULT STE. MARIE",SAULT STE. MARIE,P6C 2R2,LAW CLERK (INCL. PLACEMENT),Law and Public Safety,Law Clerk,Y,50.0%,ND,ND,ND,ND,ND
200723,CTS CANADIAN CAREER COLLEGE INC.,106719,"CTS CANADIAN CAREER COLLEGE, SAULT STE. MARIE",SAULT STE. MARIE,P6C 2R2,MEDICAL LABORATORY ASSISTANT/TECHNICIAN,Health Services,Medical Laboratory Technician,Y,ND,100.0%,84.6%,69.2%,0.0%,ND
200723,CTS CANADIAN CAREER COLLEGE INC.,106719,"CTS CANADIAN CAREER COLLEGE, SAULT STE. MARIE",SAULT STE. MARIE,P6C 2R2,MEDICAL OFFICE ADMINISTRATOR WITH PLACEMENT,Health Services,Medical Office Administration/Management,Y,85.7%,86.7%,33.3%,50.0%,100.0%,ND
200723,CTS CANADIAN CAREER COLLEGE INC.,106719,"CTS CANADIAN CAREER COLLEGE, SAULT STE. MARIE",SAULT STE. MARIE,P6C 2R2,NACC PSW 2015,Health Services,Personal Support Worker/ Personal Attendant (NACC),Y,73.7%,100.0%,100.0%,91.7%,ND,ND
200723,CTS CANADIAN CAREER COLLEGE INC.,106719,"CTS CANADIAN CAREER COLLEGE, SAULT STE. MARIE",SAULT STE. MARIE,P6C 2R2,OFFICE ADMINISTRATOR WITH PLACEMENT,Business,Office Administration,Y,92.9%,100.0%,100.0%,100.0%,0.0%,ND
200723,CTS CANADIAN CAREER COLLEGE INC.,106719,"CTS CANADIAN CAREER COLLEGE, SAULT STE. MARIE",SAULT STE. MARIE,P6C 2R2,OFFICE ADMINISTRATOR,Business,Office Administration,Y,ND,SS,SS,SS,100.0%,ND
200723,CTS CANADIAN CAREER COLLEGE INC.,106719,"CTS CANADIAN CAREER COLLEGE, SAULT STE. MARIE",SAULT STE. MARIE,P6C 2R2,PARAMEDIC,Health Services,Paramedic,Y,80.0%,90.9%,90.9%,72.7%,100.0%,ND
200723,CTS CANADIAN CAREER COLLEGE INC.,153376,"MODERN COLLEGE OF HAIRSTYLING & ESTHETICS, BARRIE",BARRIE,L4M 5A1,+,,,Y,88.9%,82.4%,64.7%,50.0%,ND,16.7%
200723,CTS CANADIAN CAREER COLLEGE INC.,153376,"MODERN COLLEGE OF HAIRSTYLING & ESTHETICS, BARRIE",BARRIE,L4M 5A1,ESTHETICS,Human Services,Esthetics/Medical Esthetics,Y,75.0%,100.0%,75.0%,40.0%,ND,ND
200723,CTS CANADIAN CAREER COLLEGE INC.,153376,"MODERN COLLEGE OF HAIRSTYLING & ESTHETICS, BARRIE",BARRIE,L4M 5A1,HAIRSTYLING,Service Trade,Hairstylist,Y,94.7%,76.9%,61.5%,53.8%,ND,ND
200723,CTS CANADIAN CAREER COLLEGE INC.,196675,"CTS CANADIAN CAREER COLLEGE, CHAPLEAU",CHAPLEAU,P0M 1K0,+,,,Y,100.0%,100.0%,100.0%,100.0%,ND,ND
200723,CTS CANADIAN CAREER COLLEGE INC.,196675,"CTS CANADIAN CAREER COLLEGE, CHAPLEAU",CHAPLEAU,P0M 1K0,NACC PSW 2015,Health Services,Personal Support Worker/ Personal Attendant (NACC),Y,100.0%,100.0%,100.0%,100.0%,ND,ND
200726,LEARNING CENTRES OF WESTERN ONTARIO INC.,+,+,,,+,,,Y,44.4%,SS,SS,SS,ND,ND
200726,LEARNING CENTRES OF WESTERN ONTARIO INC.,101548,"ALPHALOGIC CAREER COLLEGE, LONDON (ID CMPS-101548)",LONDON,N5Z 3J1,+,,,Y,44.4%,SS,SS,SS,ND,ND
200726,LEARNING CENTRES OF WESTERN ONTARIO INC.,101548,"ALPHALOGIC CAREER COLLEGE, LONDON (ID CMPS-101548)",LONDON,N5Z 3J1,ADMINISTRATIVE ASSISTANT*,Business,Office Administration,Y,SS,ND,ND,ND,ND,ND
200726,LEARNING CENTRES OF WESTERN ONTARIO INC.,101548,"ALPHALOGIC CAREER COLLEGE, LONDON (ID CMPS-101548)",LONDON,N5Z 3J1,ADVANCED OFFICE APPLICATIONS,Business,Office Administration,Y,SS,ND,ND,ND,ND,ND
200726,LEARNING CENTRES OF WESTERN ONTARIO INC.,101548,"ALPHALOGIC CAREER COLLEGE, LONDON (ID CMPS-101548)",LONDON,N5Z 3J1,AUTOMOTIVE SERVICE SPECIALIST,Motive Power Trade,Automotive Service Technician,Y,SS,SS,SS,SS,ND,ND
200726,LEARNING CENTRES OF WESTERN ONTARIO INC.,101548,"ALPHALOGIC CAREER COLLEGE, LONDON (ID CMPS-101548)",LONDON,N5Z 3J1,CUSTOMER SERVICE EXCELLENCE,Services,Customer Service/Retail Sales,Y,SS,SS,SS,SS,ND,ND
200726,LEARNING CENTRES OF WESTERN ONTARIO INC.,101548,"ALPHALOGIC CAREER COLLEGE, LONDON (ID CMPS-101548)",LONDON,N5Z 3J1,DISPATCHER,Services,Other - Services,Y,SS,ND,ND,ND,ND,ND
200726,LEARNING CENTRES OF WESTERN ONTARIO INC.,101548,"ALPHALOGIC CAREER COLLEGE, LONDON (ID CMPS-101548)",LONDON,N5Z 3J1,MEDICAL OFFICE ASSISTANT*,Health Services,Office/Clerical/Administration - Dental/Medical,Y,SS,ND,ND,ND,ND,ND
200730,1069195 ONTARIO INC.,+,+,,,+,,,Y,60.4%,70.8%,39.9%,78.5%,100.0%,ND
200730,1069195 ONTARIO INC.,101558,"ACADEMY OF LEARNING CAREER AND BUSINESS COLLEGE-101558, TORONTO",TORONTO,M5H 2Y4,+,,,Y,60.4%,70.8%,39.9%,78.5%,100.0%,5.2%
200730,1069195 ONTARIO INC.,101558,"ACADEMY OF LEARNING CAREER AND BUSINESS COLLEGE-101558, TORONTO",TORONTO,M5H 2Y4,ACCOUNTING AND PAYROLL,Business,Accounting,Y,42.4%,72.7%,27.3%,88.9%,100.0%,ND
200730,1069195 ONTARIO INC.,101558,"ACADEMY OF LEARNING CAREER AND BUSINESS COLLEGE-101558, TORONTO",TORONTO,M5H 2Y4,ADMINISTRATIVE ASSISTANT,Business,Office Administration,Y,71.4%,ND,ND,ND,ND,ND
200730,1069195 ONTARIO INC.,101558,"ACADEMY OF LEARNING CAREER AND BUSINESS COLLEGE-101558, TORONTO",TORONTO,M5H 2Y4,BUSINESS ACCOUNTING,Business,Accounting,Y,87.5%,100.0%,33.3%,66.7%,ND,ND
200730,1069195 ONTARIO INC.,101558,"ACADEMY OF LEARNING CAREER AND BUSINESS COLLEGE-101558, TORONTO",TORONTO,M5H 2Y4,BUSINESS ADMINISTRATION CO-OP,Business,Business Administration,Y,ND,ND,ND,SS,ND,ND
200730,1069195 ONTARIO INC.,101558,"ACADEMY OF LEARNING CAREER AND BUSINESS COLLEGE-101558, TORONTO",TORONTO,M5H 2Y4,BUSINESS ADMINISTRATION DIPLOMA,Business,Business Administration,Y,69.3%,76.7%,32.6%,75.0%,ND,ND
200730,1069195 ONTARIO INC.,101558,"ACADEMY OF LEARNING CAREER AND BUSINESS COLLEGE-101558, TORONTO",TORONTO,M5H 2Y4,BUSINESS OFFICE ACCOUNTING CLERK,Business,Accounting,Y,SS,SS,SS,SS,ND,ND
200730,1069195 ONTARIO INC.,101558,"ACADEMY OF LEARNING CAREER AND BUSINESS COLLEGE-101558, TORONTO",TORONTO,M5H 2Y4,BUSINESS OFFICE ADMINISTRATION,Business,Office Administration,Y,SS,SS,SS,SS,ND,ND
200730,1069195 ONTARIO INC.,101558,"ACADEMY OF LEARNING CAREER AND BUSINESS COLLEGE-101558, TORONTO",TORONTO,M5H 2Y4,BUSINESS OFFICE SKILLS,Business,Office Administration,Y,SS,ND,ND,ND,ND,ND
200730,1069195 ONTARIO INC.,101558,"ACADEMY OF LEARNING CAREER AND BUSINESS COLLEGE-101558, TORONTO",TORONTO,M5H 2Y4,COMPUTER SERVICE TECHNICIAN,Computer and Information Technology,Information Technology,Y,73.3%,100.0%,50.0%,100.0%,ND,ND
200730,1069195 ONTARIO INC.,101558,"ACADEMY OF LEARNING CAREER AND BUSINESS COLLEGE-101558, TORONTO",TORONTO,M5H 2Y4,COMPUTERIZED ACCOUNTING,Business,Accounting,Y,81.5%,80.0%,20.0%,60.0%,ND,ND
200730,1069195 ONTARIO INC.,101558,"ACADEMY OF LEARNING CAREER AND BUSINESS COLLEGE-101558, TORONTO",TORONTO,M5H 2Y4,CONFERENCE AND EVENT PLANNER,Business,Hospitality Administration/Management,Y,42.9%,75.0%,50.0%,50.0%,ND,ND
200730,1069195 ONTARIO INC.,101558,"ACADEMY OF LEARNING CAREER AND BUSINESS COLLEGE-101558, TORONTO",TORONTO,M5H 2Y4,CUSTOMER SERVICE AND INFORMATION CLERK,Services,Customer Service/Retail Sales,Y,42.9%,SS,SS,SS,ND,ND
200730,1069195 ONTARIO INC.,101558,"ACADEMY OF LEARNING CAREER AND BUSINESS COLLEGE-101558, TORONTO",TORONTO,M5H 2Y4,DENTAL ADMINISTRATIVE ASSISTANT,Health Services,Office/Clerical/Administration - Dental/Medical,Y,45.5%,100.0%,50.0%,100.0%,ND,ND
200730,1069195 ONTARIO INC.,101558,"ACADEMY OF LEARNING CAREER AND BUSINESS COLLEGE-101558, TORONTO",TORONTO,M5H 2Y4,EARLY CHILDCARE ASSISTANT,Human Services,Early Childhood Assistant,Y,70.0%,66.7%,66.7%,100.0%,ND,ND
200730,1069195 ONTARIO INC.,101558,"ACADEMY OF LEARNING CAREER AND BUSINESS COLLEGE-101558, TORONTO",TORONTO,M5H 2Y4,GRAPHIC DESIGNER,Applied Arts and Science,Graphic Design/Printing,Y,SS,SS,SS,SS,ND,ND
200730,1069195 ONTARIO INC.,101558,"ACADEMY OF LEARNING CAREER AND BUSINESS COLLEGE-101558, TORONTO",TORONTO,M5H 2Y4,HOME INSPECTION CERTIFICATE,Services,Other - Services,Y,83.3%,0.0%,0.0%,50.0%,ND,ND
200730,1069195 ONTARIO INC.,101558,"ACADEMY OF LEARNING CAREER AND BUSINESS COLLEGE-101558, TORONTO",TORONTO,M5H 2Y4,HOME INSPECTION DIPLOMA,Services,Other - Services,Y,50.0%,64.3%,28.6%,60.0%,ND,ND
200730,1069195 ONTARIO INC.,101558,"ACADEMY OF LEARNING CAREER AND BUSINESS COLLEGE-101558, TORONTO",TORONTO,M5H 2Y4,IMMIGRATION ADMINISTRATIVE ASSISTANT,Community and Social Services,Immigration Consultant,Y,65.4%,52.6%,10.5%,63.2%,ND,ND
200730,1069195 ONTARIO INC.,101558,"ACADEMY OF LEARNING CAREER AND BUSINESS COLLEGE-101558, TORONTO",TORONTO,M5H 2Y4,IMMIGRATION CONSULTANT,Community and Social Services,Immigration Consultant,Y,SS,ND,ND,ND,ND,ND
200730,1069195 ONTARIO INC.,101558,"ACADEMY OF LEARNING CAREER AND BUSINESS COLLEGE-101558, TORONTO",TORONTO,M5H 2Y4,IT SECURITY SPECIALIST,Computer and Information Technology,Computer Security and Project Management,Y,100.0%,66.7%,0.0%,33.3%,ND,ND
200730,1069195 ONTARIO INC.,101558,"ACADEMY OF LEARNING CAREER AND BUSINESS COLLEGE-101558, TORONTO",TORONTO,M5H 2Y4,LOGISTICS AND SUPPLY CHAIN OPERATIONS,Business,Supply Chain Management and Logistics,Y,64.7%,60.0%,40.0%,60.0%,ND,ND
200730,1069195 ONTARIO INC.,101558,"ACADEMY OF LEARNING CAREER AND BUSINESS COLLEGE-101558, TORONTO",TORONTO,M5H 2Y4,MARKETING COORDINATOR,Business,Marketing/Advertising,Y,40.0%,SS,SS,SS,ND,ND
200730,1069195 ONTARIO INC.,101558,"ACADEMY OF LEARNING CAREER AND BUSINESS COLLEGE-101558, TORONTO",TORONTO,M5H 2Y4,MEDICAL OFFICE ASSISTANT WITH CAPSTONE PROJECT,Health Services,Medical Office Administration/Management,Y,80.0%,52.6%,5.3%,54.2%,100.0%,ND
200730,1069195 ONTARIO INC.,101558,"ACADEMY OF LEARNING CAREER AND BUSINESS COLLEGE-101558, TORONTO",TORONTO,M5H 2Y4,MEDICAL OFFICE ASSISTANT WITH HEALTH UNIT COORDINATOR SPECIALTY,Health Services,Medical Office Administration/Management,Y,52.4%,75.0%,37.5%,50.0%,ND,ND
200730,1069195 ONTARIO INC.,101558,"ACADEMY OF LEARNING CAREER AND BUSINESS COLLEGE-101558, TORONTO",TORONTO,M5H 2Y4,MEDICAL OFFICE ASSISTANT,Health Services,Medical Office Administration/Management,Y,33.3%,ND,ND,ND,ND,ND
200730,1069195 ONTARIO INC.,101558,"ACADEMY OF LEARNING CAREER AND BUSINESS COLLEGE-101558, TORONTO",TORONTO,M5H 2Y4,MEDICAL RECEPTIONIST,Health Services,Office/Clerical/Administration - Dental/Medical,Y,91.7%,40.0%,20.0%,83.3%,ND,ND
200730,1069195 ONTARIO INC.,101558,"ACADEMY OF LEARNING CAREER AND BUSINESS COLLEGE-101558, TORONTO",TORONTO,M5H 2Y4,NETWORK ADMINISTRATOR,Computer and Information Technology,Network Administration,Y,0.0%,SS,SS,SS,ND,ND
200730,1069195 ONTARIO INC.,101558,"ACADEMY OF LEARNING CAREER AND BUSINESS COLLEGE-101558, TORONTO",TORONTO,M5H 2Y4,PARALEGAL,Law and Public Safety,Paralegal,Y,69.6%,90.9%,45.5%,83.3%,ND,ND
200730,1069195 ONTARIO INC.,101558,"ACADEMY OF LEARNING CAREER AND BUSINESS COLLEGE-101558, TORONTO",TORONTO,M5H 2Y4,PAYROLL ADMINISTRATOR CERTIFICATE,Business,Accounting and Payroll Administration,Y,SS,ND,ND,ND,ND,ND
200730,1069195 ONTARIO INC.,101558,"ACADEMY OF LEARNING CAREER AND BUSINESS COLLEGE-101558, TORONTO",TORONTO,M5H 2Y4,PAYROLL AND ACCOUNTING CERTIFICATE,Business,Accounting,Y,SS,ND,ND,ND,ND,ND
200730,1069195 ONTARIO INC.,101558,"ACADEMY OF LEARNING CAREER AND BUSINESS COLLEGE-101558, TORONTO",TORONTO,M5H 2Y4,PERSONAL SUPPORT WORKER,Health Services,Personal Support Worker/Personal Attendant,Y,58.4%,72.9%,56.6%,91.8%,100.0%,ND
200730,1069195 ONTARIO INC.,101558,"ACADEMY OF LEARNING CAREER AND BUSINESS COLLEGE-101558, TORONTO",TORONTO,M5H 2Y4,PROJECT ADMINISTRATION,Business,Project Administration/Management,Y,60.0%,100.0%,0.0%,100.0%,ND,ND
200730,1069195 ONTARIO INC.,101558,"ACADEMY OF LEARNING CAREER AND BUSINESS COLLEGE-101558, TORONTO",TORONTO,M5H 2Y4,SOFTWARE AND WEB DEVELOPER,Computer and Information Technology,Information Technology,Y,28.6%,SS,SS,ND,ND,ND
200730,1069195 ONTARIO INC.,101558,"ACADEMY OF LEARNING CAREER AND BUSINESS COLLEGE-101558, TORONTO",TORONTO,M5H 2Y4,WEB DESIGNER,Computer and Information Technology,Information Technology,Y,42.9%,SS,SS,SS,ND,ND
200731,O.I.A.R.T. INC.,+,+,,,+,,,Y,89.8%,100.0%,100.0%,96.8%,100.0%,ND
200731,O.I.A.R.T. INC.,101560,"ONTARIO INSTITUTE OF AUDIO RECORDING TECHNOLOGY, LONDON",LONDON,N6E 1K6,+,,,Y,89.8%,100.0%,100.0%,96.8%,100.0%,0.0%
200731,O.I.A.R.T. INC.,101560,"ONTARIO INSTITUTE OF AUDIO RECORDING TECHNOLOGY, LONDON",LONDON,N6E 1K6,AUDIO RECORDING TECHNOLOGY,Applied Arts and Science,Music Production and Recording Arts Technology,Y,89.8%,100.0%,100.0%,96.8%,100.0%,ND
200733,TRANSPHARM CANADA INC.,+,+,,,+,,,Y,93.9%,36.8%,15.8%,47.4%,ND,ND
200733,TRANSPHARM CANADA INC.,101566,"TORONTO INSTITUTE OF PHARMACEUTICAL TECHNOLOGY, TORONTO",TORONTO,M1P 4X4,+,,,Y,93.9%,36.8%,15.8%,47.4%,ND,0.0%
200733,TRANSPHARM CANADA INC.,101566,"TORONTO INSTITUTE OF PHARMACEUTICAL TECHNOLOGY, TORONTO",TORONTO,M1P 4X4,PHARM QUALITY ASSURANCE & QUAL CONTROL,Health Services,Pharmaceutical Technology,Y,94.4%,40.0%,10.0%,44.4%,ND,ND
200733,TRANSPHARM CANADA INC.,101566,"TORONTO INSTITUTE OF PHARMACEUTICAL TECHNOLOGY, TORONTO",TORONTO,M1P 4X4,PHARMACEUTICAL MANUFACTURING TECHNOLOGY,Health Services,Pharmaceutical Technology,Y,100.0%,75.0%,50.0%,100.0%,ND,ND
200733,TRANSPHARM CANADA INC.,101566,"TORONTO INSTITUTE OF PHARMACEUTICAL TECHNOLOGY, TORONTO",TORONTO,M1P 4X4,PHARMACEUTICAL QUALITY CONTROL ANALYST CERTIFICATE,Health Services,Pharmaceutical Technology,Y,SS,ND,ND,ND,ND,ND
200733,TRANSPHARM CANADA INC.,101566,"TORONTO INSTITUTE OF PHARMACEUTICAL TECHNOLOGY, TORONTO",TORONTO,M1P 4X4,PHARMACEUTICAL REGULATORY AFFAIRS POST GRADUATE DIPLOMA,Health Services,Pharmacy Technician,Y,100.0%,0.0%,0.0%,50.0%,ND,ND
200733,TRANSPHARM CANADA INC.,101566,"TORONTO INSTITUTE OF PHARMACEUTICAL TECHNOLOGY, TORONTO",TORONTO,M1P 4X4,PHARMACEUTICAL RESEARCH & DEVELOPMENT,Health Services,Pharmaceutical Technology,Y,SS,SS,SS,SS,ND,ND
200734,CAREER BREAKTHROUGH INC.,+,+,,,+,,,Y,82.6%,73.8%,40.5%,79.5%,100.0%,ND
200734,CAREER BREAKTHROUGH INC.,101569,"ACADEMY OF LEARNING CAREER AND BUSINESS COLLEGE, CMPS-101569",NORTH YORK,M3C 1Y9,+,,,Y,82.6%,73.8%,40.5%,79.5%,100.0%,0.0%
200734,CAREER BREAKTHROUGH INC.,101569,"ACADEMY OF LEARNING CAREER AND BUSINESS COLLEGE, CMPS-101569",NORTH YORK,M3C 1Y9,ACCOUNTING AND PAYROLL ADMINISTRATOR,Business,Accounting and Payroll Administration,Y,SS,ND,ND,ND,ND,ND
200734,CAREER BREAKTHROUGH INC.,101569,"ACADEMY OF LEARNING CAREER AND BUSINESS COLLEGE, CMPS-101569",NORTH YORK,M3C 1Y9,ADMINISTRATIVE ASSISTANT,Business,Office Administration,Y,SS,ND,ND,SS,ND,ND
200734,CAREER BREAKTHROUGH INC.,101569,"ACADEMY OF LEARNING CAREER AND BUSINESS COLLEGE, CMPS-101569",NORTH YORK,M3C 1Y9,BUSINESS ACCOUNTING,Business,Accounting,Y,SS,ND,ND,ND,ND,ND
200734,CAREER BREAKTHROUGH INC.,101569,"ACADEMY OF LEARNING CAREER AND BUSINESS COLLEGE, CMPS-101569",NORTH YORK,M3C 1Y9,BUSINESS ADMINISTRATION DIPLOMA,Business,Business Administration,Y,100.0%,100.0%,0.0%,50.0%,ND,ND
200734,CAREER BREAKTHROUGH INC.,101569,"ACADEMY OF LEARNING CAREER AND BUSINESS COLLEGE, CMPS-101569",NORTH YORK,M3C 1Y9,BUSINESS OFFICE SKILLS,Business,Office Administration,Y,SS,ND,ND,ND,ND,ND
200734,CAREER BREAKTHROUGH INC.,101569,"ACADEMY OF LEARNING CAREER AND BUSINESS COLLEGE, CMPS-101569",NORTH YORK,M3C 1Y9,COMMUNITY SERVICE WORKER (2017),Community and Social Services,Community Services Worker,Y,SS,SS,SS,SS,ND,ND
200734,CAREER BREAKTHROUGH INC.,101569,"ACADEMY OF LEARNING CAREER AND BUSINESS COLLEGE, CMPS-101569",NORTH YORK,M3C 1Y9,COMPUTER SERVICE TECHNICIAN,Computer and Information Technology,Information Technology,Y,SS,ND,ND,ND,ND,ND
200734,CAREER BREAKTHROUGH INC.,101569,"ACADEMY OF LEARNING CAREER AND BUSINESS COLLEGE, CMPS-101569",NORTH YORK,M3C 1Y9,COMPUTERIZED ACCOUNTING,Business,Accounting,Y,SS,ND,ND,ND,ND,ND
200734,CAREER BREAKTHROUGH INC.,101569,"ACADEMY OF LEARNING CAREER AND BUSINESS COLLEGE, CMPS-101569",NORTH YORK,M3C 1Y9,CONFERENCE AND EVENT PLANNER,Business,Hospitality Administration/Management,Y,100.0%,50.0%,0.0%,66.7%,ND,ND
200734,CAREER BREAKTHROUGH INC.,101569,"ACADEMY OF LEARNING CAREER AND BUSINESS COLLEGE, CMPS-101569",NORTH YORK,M3C 1Y9,CUSTOMER SERVICE AND INFORMATION CLERK,Services,Customer Service/Retail Sales,Y,SS,ND,ND,ND,ND,ND
200734,CAREER BREAKTHROUGH INC.,101569,"ACADEMY OF LEARNING CAREER AND BUSINESS COLLEGE, CMPS-101569",NORTH YORK,M3C 1Y9,DENTAL ADMINISTRATIVE ASSISTANT,Health Services,Office/Clerical/Administration - Dental/Medical,Y,SS,SS,SS,SS,ND,ND
200734,CAREER BREAKTHROUGH INC.,101569,"ACADEMY OF LEARNING CAREER AND BUSINESS COLLEGE, CMPS-101569",NORTH YORK,M3C 1Y9,GRAPHIC DESIGNER,Applied Arts and Science,Graphic Design/Printing,Y,SS,ND,ND,ND,ND,ND
200734,CAREER BREAKTHROUGH INC.,101569,"ACADEMY OF LEARNING CAREER AND BUSINESS COLLEGE, CMPS-101569",NORTH YORK,M3C 1Y9,HOME INSPECTION DIPLOMA,Services,Other - Services,Y,SS,SS,SS,SS,100.0%,ND
200734,CAREER BREAKTHROUGH INC.,101569,"ACADEMY OF LEARNING CAREER AND BUSINESS COLLEGE, CMPS-101569",NORTH YORK,M3C 1Y9,MARKETING COORDINATOR,Business,Marketing/Advertising,Y,100.0%,100.0%,0.0%,50.0%,ND,ND
200734,CAREER BREAKTHROUGH INC.,101569,"ACADEMY OF LEARNING CAREER AND BUSINESS COLLEGE, CMPS-101569",NORTH YORK,M3C 1Y9,MEDICAL OFFICE ADMINISTRATION,Health Services,Medical Office Administration/Management,Y,89.3%,100.0%,80.0%,80.0%,ND,ND
200734,CAREER BREAKTHROUGH INC.,101569,"ACADEMY OF LEARNING CAREER AND BUSINESS COLLEGE, CMPS-101569",NORTH YORK,M3C 1Y9,MEDICAL OFFICE ASSISTANT WITH HEALTH UNIT COORDINATOR SPECIALTY VIRTUAL LEARNING,Health Services,Medical Office Administration/Management,Y,ND,SS,SS,SS,ND,ND
200734,CAREER BREAKTHROUGH INC.,101569,"ACADEMY OF LEARNING CAREER AND BUSINESS COLLEGE, CMPS-101569",NORTH YORK,M3C 1Y9,MEDICAL OFFICE ASSISTANT WITH HEALTH UNIT COORDINATOR SPECIALTY,Health Services,Medical Office Administration/Management,Y,SS,ND,ND,ND,ND,ND
200734,CAREER BREAKTHROUGH INC.,101569,"ACADEMY OF LEARNING CAREER AND BUSINESS COLLEGE, CMPS-101569",NORTH YORK,M3C 1Y9,MEDICAL OFFICE ASSISTANT,Health Services,Medical Office Administration/Management,Y,SS,SS,SS,SS,ND,ND
200734,CAREER BREAKTHROUGH INC.,101569,"ACADEMY OF LEARNING CAREER AND BUSINESS COLLEGE, CMPS-101569",NORTH YORK,M3C 1Y9,MEDICAL RECEPTIONIST,Health Services,Office/Clerical/Administration - Dental/Medical,Y,SS,SS,SS,SS,ND,ND
200734,CAREER BREAKTHROUGH INC.,101569,"ACADEMY OF LEARNING CAREER AND BUSINESS COLLEGE, CMPS-101569",NORTH YORK,M3C 1Y9,MICROCOMPUTER BUSINESS APPLICATIONS,Computer and Information Technology,Information Technology,Y,SS,ND,ND,ND,ND,ND
200734,CAREER BREAKTHROUGH INC.,101569,"ACADEMY OF LEARNING CAREER AND BUSINESS COLLEGE, CMPS-101569",NORTH YORK,M3C 1Y9,NETWORK ADMINISTRATOR,Computer and Information Technology,Network Administration,Y,SS,ND,ND,ND,ND,ND
200734,CAREER BREAKTHROUGH INC.,101569,"ACADEMY OF LEARNING CAREER AND BUSINESS COLLEGE, CMPS-101569",NORTH YORK,M3C 1Y9,PC SUPPORT SPECIALIST,Computer and Information Technology,Information Technology,Y,SS,ND,ND,ND,ND,ND
200734,CAREER BREAKTHROUGH INC.,101569,"ACADEMY OF LEARNING CAREER AND BUSINESS COLLEGE, CMPS-101569",NORTH YORK,M3C 1Y9,PERSONAL SUPPORT WORKER CERTIFICATE,Health Services,Personal Support Worker/Personal Attendant,Y,70.9%,69.6%,43.5%,86.4%,ND,ND
200734,CAREER BREAKTHROUGH INC.,101569,"ACADEMY OF LEARNING CAREER AND BUSINESS COLLEGE, CMPS-101569",NORTH YORK,M3C 1Y9,PROJECT ADMINISTRATION,Business,Project Administration/Management,Y,SS,SS,SS,SS,ND,ND
200734,CAREER BREAKTHROUGH INC.,101569,"ACADEMY OF LEARNING CAREER AND BUSINESS COLLEGE, CMPS-101569",NORTH YORK,M3C 1Y9,SALES PROFESSIONAL,Services,Customer Service/Retail Sales,Y,ND,ND,ND,ND,ND,ND
200734,CAREER BREAKTHROUGH INC.,101569,"ACADEMY OF LEARNING CAREER AND BUSINESS COLLEGE, CMPS-101569",NORTH YORK,M3C 1Y9,SOFTWARE AND WEB DEVELOPER,Computer and Information Technology,Information Technology,Y,SS,ND,ND,ND,ND,ND
200734,CAREER BREAKTHROUGH INC.,101569,"ACADEMY OF LEARNING CAREER AND BUSINESS COLLEGE, CMPS-101569",NORTH YORK,M3C 1Y9,WEB DESIGNER,Computer and Information Technology,Information Technology,Y,SS,ND,ND,ND,ND,ND
200749,TRILLIUM COLLEGE INC.,101618,"TRILLIUM COLLEGE, OSHAWA",OSHAWA,L1J 2K5,+,,,Y,13.6%,77.7%,64.1%,67.2%,100.0%,10.9%
200749,TRILLIUM COLLEGE INC.,101618,"TRILLIUM COLLEGE, OSHAWA",OSHAWA,L1J 2K5,BUSINESS MANAGEMENT,Business,Business Management,Y,0.0%,75.0%,50.0%,55.6%,ND,ND
200749,TRILLIUM COLLEGE INC.,101618,"TRILLIUM COLLEGE, OSHAWA",OSHAWA,L1J 2K5,COMMUNITY & DEVELOPMENTAL SERVICE WORKER,Community and Social Services,Community Services Worker,Y,7.1%,SS,SS,83.3%,ND,ND
200749,TRILLIUM COLLEGE INC.,101618,"TRILLIUM COLLEGE, OSHAWA",OSHAWA,L1J 2K5,DENTAL ASSISTANT - LEVEL 1 & 2,Health Services,Dental Chairside Assistant,Y,14.3%,80.0%,80.0%,80.0%,ND,ND
200749,TRILLIUM COLLEGE INC.,101618,"TRILLIUM COLLEGE, OSHAWA",OSHAWA,L1J 2K5,DIGITAL MARKETING SPECIALIST,Business,Marketing/Advertising,Y,SS,SS,SS,SS,ND,ND
200749,TRILLIUM COLLEGE INC.,101618,"TRILLIUM COLLEGE, OSHAWA",OSHAWA,L1J 2K5,ELECTRICIAN - PRE-APPRENTICESHIP,Service Trade,Other- Service Trade,Y,ND,SS,SS,SS,ND,ND
200749,TRILLIUM COLLEGE INC.,101618,"TRILLIUM COLLEGE, OSHAWA",OSHAWA,L1J 2K5,ESTHETICS & SPA OPERATIONS,Human Services,Esthetics/Medical Esthetics,Y,14.3%,80.0%,40.0%,80.0%,100.0%,ND
200749,TRILLIUM COLLEGE INC.,101618,"TRILLIUM COLLEGE, OSHAWA",OSHAWA,L1J 2K5,HUMAN RESOURCE MANAGEMENT,Business,Human Resources,Y,SS,40.0%,20.0%,57.1%,ND,ND
200749,TRILLIUM COLLEGE INC.,101618,"TRILLIUM COLLEGE, OSHAWA",OSHAWA,L1J 2K5,LAW & SECURITY,Law and Public Safety,Law Enforcement/Police Foundations,Y,16.7%,SS,SS,SS,ND,ND
200749,TRILLIUM COLLEGE INC.,101618,"TRILLIUM COLLEGE, OSHAWA",OSHAWA,L1J 2K5,LAW CLERK (WITH PLACEMENT),Law and Public Safety,Law Clerk,Y,SS,SS,SS,SS,ND,ND
200749,TRILLIUM COLLEGE INC.,101618,"TRILLIUM COLLEGE, OSHAWA",OSHAWA,L1J 2K5,MASSAGE THERAPY,Health Services,Massage Therapist,Y,16.2%,50.0%,0.0%,0.0%,ND,ND
200749,TRILLIUM COLLEGE INC.,101618,"TRILLIUM COLLEGE, OSHAWA",OSHAWA,L1J 2K5,MEDICAL LAB ASSISTANT/TECHNICIAN,Health Services,Medical Laboratory Technician,Y,18.2%,78.3%,60.9%,55.2%,ND,ND
200749,TRILLIUM COLLEGE INC.,101618,"TRILLIUM COLLEGE, OSHAWA",OSHAWA,L1J 2K5,MEDICAL OFFICE ASSISTANT,Health Services,Medical Office Administration/Management,Y,0.0%,75.0%,75.0%,87.5%,ND,ND
200749,TRILLIUM COLLEGE INC.,101618,"TRILLIUM COLLEGE, OSHAWA",OSHAWA,L1J 2K5,PAYROLL SPECIALIST,Business,Accounting and Payroll Administration,Y,SS,SS,SS,SS,ND,ND
200749,TRILLIUM COLLEGE INC.,101618,"TRILLIUM COLLEGE, OSHAWA",OSHAWA,L1J 2K5,PERSONAL SUPPORT WORKER,Health Services,Personal Support Worker/Personal Attendant,Y,ND,100.0%,100.0%,100.0%,100.0%,ND
200749,TRILLIUM COLLEGE INC.,101618,"TRILLIUM COLLEGE, OSHAWA",OSHAWA,L1J 2K5,PHARMACY ASSISTANT,Health Services,Pharmacy Assistant,Y,ND,20.0%,20.0%,33.3%,ND,ND
200749,TRILLIUM COLLEGE INC.,101618,"TRILLIUM COLLEGE, OSHAWA",OSHAWA,L1J 2K5,SUPPLY CHAIN MANAGEMENT & LOGISTICS,Business,Supply Chain Management and Logistics,Y,SS,SS,SS,SS,ND,ND
200749,TRILLIUM COLLEGE INC.,101618,"TRILLIUM COLLEGE, OSHAWA",OSHAWA,L1J 2K5,VIDEO GAME DESIGNER,Applied Arts and Science,Game/Interactive Media Design,Y,20.0%,SS,SS,SS,ND,ND
200749,TRILLIUM COLLEGE INC.,107020,"TRILLIUM COLLEGE, NIAGARA",ST. CATHARINES,L2T 2K9,+,,,Y,10.4%,85.0%,63.6%,61.9%,100.0%,9.4%
200749,TRILLIUM COLLEGE INC.,107020,"TRILLIUM COLLEGE, NIAGARA",ST. CATHARINES,L2T 2K9,BUSINESS MANAGEMENT,Business,Business Management,Y,0.0%,SS,SS,SS,ND,ND
200749,TRILLIUM COLLEGE INC.,107020,"TRILLIUM COLLEGE, NIAGARA",ST. CATHARINES,L2T 2K9,COMMUNITY & DEVELOPMENTAL SERVICE WORKER,Community and Social Services,Community Services Worker,Y,11.5%,85.7%,57.1%,85.7%,ND,ND
200749,TRILLIUM COLLEGE INC.,107020,"TRILLIUM COLLEGE, NIAGARA",ST. CATHARINES,L2T 2K9,DENTAL ASSISTANT - LEVEL 1 & 2,Health Services,Dental Chairside Assistant,Y,5.3%,SS,SS,83.3%,100.0%,ND
200749,TRILLIUM COLLEGE INC.,107020,"TRILLIUM COLLEGE, NIAGARA",ST. CATHARINES,L2T 2K9,DIGITAL MARKETING SPECIALIST,Business,Marketing/Advertising,Y,ND,SS,SS,SS,ND,ND
200749,TRILLIUM COLLEGE INC.,107020,"TRILLIUM COLLEGE, NIAGARA",ST. CATHARINES,L2T 2K9,ELECTRICIAN - PRE-APPRENTICESHIP,Service Trade,Other- Service Trade,Y,ND,SS,SS,SS,ND,ND
200749,TRILLIUM COLLEGE INC.,107020,"TRILLIUM COLLEGE, NIAGARA",ST. CATHARINES,L2T 2K9,ESTHETICS & SPA OPERATIONS,Human Services,Esthetics/Medical Esthetics,Y,60.0%,100.0%,100.0%,80.0%,100.0%,ND
200749,TRILLIUM COLLEGE INC.,107020,"TRILLIUM COLLEGE, NIAGARA",ST. CATHARINES,L2T 2K9,HUMAN RESOURCE MANAGEMENT,Business,Human Resources,Y,ND,90.9%,18.2%,50.0%,ND,ND
200749,TRILLIUM COLLEGE INC.,107020,"TRILLIUM COLLEGE, NIAGARA",ST. CATHARINES,L2T 2K9,LAW & SECURITY,Law and Public Safety,Law Enforcement/Police Foundations,Y,0.0%,60.0%,60.0%,40.0%,ND,ND
200749,TRILLIUM COLLEGE INC.,107020,"TRILLIUM COLLEGE, NIAGARA",ST. CATHARINES,L2T 2K9,LAW CLERK (WITH PLACEMENT),Law and Public Safety,Law Clerk,Y,ND,SS,SS,SS,ND,ND
200749,TRILLIUM COLLEGE INC.,107020,"TRILLIUM COLLEGE, NIAGARA",ST. CATHARINES,L2T 2K9,MASSAGE THERAPY,Health Services,Massage Therapist,Y,12.9%,60.0%,40.0%,41.7%,ND,ND
200749,TRILLIUM COLLEGE INC.,107020,"TRILLIUM COLLEGE, NIAGARA",ST. CATHARINES,L2T 2K9,MEDICAL OFFICE ASSISTANT,Health Services,Medical Office Administration/Management,Y,5.3%,84.2%,52.6%,50.0%,ND,ND
200749,TRILLIUM COLLEGE INC.,107020,"TRILLIUM COLLEGE, NIAGARA",ST. CATHARINES,L2T 2K9,PAYROLL SPECIALIST,Business,Accounting and Payroll Administration,Y,SS,SS,SS,SS,ND,ND
200749,TRILLIUM COLLEGE INC.,107020,"TRILLIUM COLLEGE, NIAGARA",ST. CATHARINES,L2T 2K9,PERSONAL SUPPORT WORKER,Health Services,Personal Support Worker/Personal Attendant,Y,ND,100.0%,100.0%,80.8%,ND,ND
200749,TRILLIUM COLLEGE INC.,107020,"TRILLIUM COLLEGE, NIAGARA",ST. CATHARINES,L2T 2K9,PHARMACY ASSISTANT,Health Services,Pharmacy Assistant,Y,ND,ND,ND,ND,ND,ND
200749,TRILLIUM COLLEGE INC.,107020,"TRILLIUM COLLEGE, NIAGARA",ST. CATHARINES,L2T 2K9,SUPPLY CHAIN MANAGEMENT & LOGISTICS,Business,Supply Chain Management and Logistics,Y,ND,83.3%,66.7%,33.3%,ND,ND
200749,TRILLIUM COLLEGE INC.,107020,"TRILLIUM COLLEGE, NIAGARA",ST. CATHARINES,L2T 2K9,VIDEO GAME DESIGNER,Applied Arts and Science,Game/Interactive Media Design,Y,0.0%,SS,SS,ND,ND,ND
200784,924468 ONTARIO INC.,+,+,,,+,,,Y,44.7%,79.4%,48.6%,84.3%,100.0%,ND
200784,924468 ONTARIO INC.,101759,"TORONTO TRUCK DRIVING SCHOOL, TTDS- TORONTO",TORONTO,M9W 6P4,+,,,Y,44.7%,79.4%,48.6%,84.3%,100.0%,ND
200784,924468 ONTARIO INC.,101759,"TORONTO TRUCK DRIVING SCHOOL, TTDS- TORONTO",TORONTO,M9W 6P4,MELT TRACTOR TRAILER TRAINING PROGRAM,Tractor-Trailer / Driver Licensing,Other Driver's License Training,Y,44.7%,79.4%,48.6%,84.3%,100.0%,ND
200865,1272172 ONTARIO INC.,+,+,,,+,,,Y,90.5%,75.0%,58.3%,90.9%,ND,ND
200865,1272172 ONTARIO INC.,102070,"CAN-WELD TRAINING & TESTING CENTRE, SARNIA",SARNIA,N7T 7H3,+,,,Y,90.5%,75.0%,58.3%,90.9%,ND,ND
200865,1272172 ONTARIO INC.,102070,"CAN-WELD TRAINING & TESTING CENTRE, SARNIA",SARNIA,N7T 7H3,FULL PLATE & PIPE WELDING PROGRAM,Industrial Trade,Welder,Y,92.9%,83.3%,66.7%,80.0%,ND,ND
200865,1272172 ONTARIO INC.,102070,"CAN-WELD TRAINING & TESTING CENTRE, SARNIA",SARNIA,N7T 7H3,GENERAL WELDING PROGRAM,Industrial Trade,Welder,Y,85.7%,66.7%,50.0%,100.0%,ND,ND
200866,1527611 ONTARIO INC.,+,+,,,+,,,Y,74.7%,77.3%,60.6%,84.9%,87.5%,ND
200866,1527611 ONTARIO INC.,102072,"ACADEMY OF LEARNING CAREER AND BUSINESS COLLEGE, MISSISSAUGA EAST",MISSISSAUGA,L4Y 2C1,+,,,Y,74.3%,81.0%,66.7%,89.1%,85.7%,0.7%
200866,1527611 ONTARIO INC.,102072,"ACADEMY OF LEARNING CAREER AND BUSINESS COLLEGE, MISSISSAUGA EAST",MISSISSAUGA,L4Y 2C1,ACCOUNTING AND PAYROLL ADMINISTRATOR,Business,Accounting and Payroll Administration,Y,SS,SS,SS,SS,ND,ND
200866,1527611 ONTARIO INC.,102072,"ACADEMY OF LEARNING CAREER AND BUSINESS COLLEGE, MISSISSAUGA EAST",MISSISSAUGA,L4Y 2C1,ADMINISTRATIVE ASSISTANT,Business,Office Administration,Y,SS,ND,ND,ND,ND,ND
200866,1527611 ONTARIO INC.,102072,"ACADEMY OF LEARNING CAREER AND BUSINESS COLLEGE, MISSISSAUGA EAST",MISSISSAUGA,L4Y 2C1,BUSINESS ADMINISTRATION DIPLOMA,Business,Business Administration,Y,100.0%,100.0%,75.0%,75.0%,ND,ND
200866,1527611 ONTARIO INC.,102072,"ACADEMY OF LEARNING CAREER AND BUSINESS COLLEGE, MISSISSAUGA EAST",MISSISSAUGA,L4Y 2C1,BUSINESS OFFICE SKILLS,Business,Office Administration,Y,ND,ND,ND,ND,ND,ND
200866,1527611 ONTARIO INC.,102072,"ACADEMY OF LEARNING CAREER AND BUSINESS COLLEGE, MISSISSAUGA EAST",MISSISSAUGA,L4Y 2C1,COMMUNITY SERVICE WORKER (2017),Community and Social Services,Community Services Worker,Y,SS,SS,SS,SS,ND,ND
200866,1527611 ONTARIO INC.,102072,"ACADEMY OF LEARNING CAREER AND BUSINESS COLLEGE, MISSISSAUGA EAST",MISSISSAUGA,L4Y 2C1,COMPUTERIZED ACCOUNTING,Business,Accounting,Y,ND,SS,SS,SS,ND,ND
200866,1527611 ONTARIO INC.,102072,"ACADEMY OF LEARNING CAREER AND BUSINESS COLLEGE, MISSISSAUGA EAST",MISSISSAUGA,L4Y 2C1,CONFERENCE AND EVENT PLANNER,Business,Hospitality Administration/Management,Y,ND,SS,SS,SS,ND,ND
200866,1527611 ONTARIO INC.,102072,"ACADEMY OF LEARNING CAREER AND BUSINESS COLLEGE, MISSISSAUGA EAST",MISSISSAUGA,L4Y 2C1,GRAPHIC DESIGNER,Applied Arts and Science,Graphic Design/Printing,Y,ND,SS,SS,SS,ND,ND
200866,1527611 ONTARIO INC.,102072,"ACADEMY OF LEARNING CAREER AND BUSINESS COLLEGE, MISSISSAUGA EAST",MISSISSAUGA,L4Y 2C1,HOME INSPECTION CERTIFICATE,Services,Other - Services,Y,SS,ND,ND,ND,ND,ND
200866,1527611 ONTARIO INC.,102072,"ACADEMY OF LEARNING CAREER AND BUSINESS COLLEGE, MISSISSAUGA EAST",MISSISSAUGA,L4Y 2C1,HOME INSPECTION DIPLOMA,Services,Other - Services,Y,100.0%,100.0%,0.0%,100.0%,ND,ND
200866,1527611 ONTARIO INC.,102072,"ACADEMY OF LEARNING CAREER AND BUSINESS COLLEGE, MISSISSAUGA EAST",MISSISSAUGA,L4Y 2C1,IMMIGRATION ADMINISTRATIVE ASSISTANT,Community and Social Services,Immigration Consultant,Y,SS,ND,ND,SS,ND,ND
200866,1527611 ONTARIO INC.,102072,"ACADEMY OF LEARNING CAREER AND BUSINESS COLLEGE, MISSISSAUGA EAST",MISSISSAUGA,L4Y 2C1,IMMIGRATION CONSULTANT,Community and Social Services,Immigration Consultant,Y,91.7%,ND,ND,ND,ND,ND
200866,1527611 ONTARIO INC.,102072,"ACADEMY OF LEARNING CAREER AND BUSINESS COLLEGE, MISSISSAUGA EAST",MISSISSAUGA,L4Y 2C1,INTERNATIONAL HOSPITALITY MANAGEMENT,Business,Hospitality Administration/Management,Y,SS,ND,ND,ND,ND,ND
200866,1527611 ONTARIO INC.,102072,"ACADEMY OF LEARNING CAREER AND BUSINESS COLLEGE, MISSISSAUGA EAST",MISSISSAUGA,L4Y 2C1,IT SECURITY SPECIALIST,Computer and Information Technology,Computer Security and Project Management,Y,SS,ND,ND,ND,ND,ND
200866,1527611 ONTARIO INC.,102072,"ACADEMY OF LEARNING CAREER AND BUSINESS COLLEGE, MISSISSAUGA EAST",MISSISSAUGA,L4Y 2C1,LAW CLERK,Law and Public Safety,Law Clerk,Y,ND,SS,SS,SS,ND,ND
200866,1527611 ONTARIO INC.,102072,"ACADEMY OF LEARNING CAREER AND BUSINESS COLLEGE, MISSISSAUGA EAST",MISSISSAUGA,L4Y 2C1,MEDICAL OFFICE ASSISTANT WITH HEALTH UNIT COORDINATOR SPECIALTY,Health Services,Medical Office Administration/Management,Y,83.3%,33.3%,0.0%,100.0%,ND,ND
200866,1527611 ONTARIO INC.,102072,"ACADEMY OF LEARNING CAREER AND BUSINESS COLLEGE, MISSISSAUGA EAST",MISSISSAUGA,L4Y 2C1,MEDICAL OFFICE ASSISTANT,Health Services,Medical Office Administration/Management,Y,SS,SS,SS,SS,ND,ND
200866,1527611 ONTARIO INC.,102072,"ACADEMY OF LEARNING CAREER AND BUSINESS COLLEGE, MISSISSAUGA EAST",MISSISSAUGA,L4Y 2C1,MEDICAL RECEPTIONIST,Health Services,Office/Clerical/Administration - Dental/Medical,Y,SS,ND,ND,ND,ND,ND
200866,1527611 ONTARIO INC.,102072,"ACADEMY OF LEARNING CAREER AND BUSINESS COLLEGE, MISSISSAUGA EAST",MISSISSAUGA,L4Y 2C1,NETWORK ADMINISTRATOR,Computer and Information Technology,Network Administration,Y,SS,ND,ND,ND,ND,ND
200866,1527611 ONTARIO INC.,102072,"ACADEMY OF LEARNING CAREER AND BUSINESS COLLEGE, MISSISSAUGA EAST",MISSISSAUGA,L4Y 2C1,PC SUPPORT SPECIALIST,Computer and Information Technology,Information Technology,Y,ND,SS,SS,SS,ND,ND
200866,1527611 ONTARIO INC.,102072,"ACADEMY OF LEARNING CAREER AND BUSINESS COLLEGE, MISSISSAUGA EAST",MISSISSAUGA,L4Y 2C1,PERSONAL SUPPORT WORKER,Health Services,Personal Support Worker/Personal Attendant,Y,68.0%,88.9%,76.2%,97.0%,85.7%,ND
200866,1527611 ONTARIO INC.,102072,"ACADEMY OF LEARNING CAREER AND BUSINESS COLLEGE, MISSISSAUGA EAST",MISSISSAUGA,L4Y 2C1,PROJECT ADMINISTRATION,Business,Project Administration/Management,Y,SS,ND,ND,ND,ND,ND
200866,1527611 ONTARIO INC.,102072,"ACADEMY OF LEARNING CAREER AND BUSINESS COLLEGE, MISSISSAUGA EAST",MISSISSAUGA,L4Y 2C1,WEB DESIGNER,Computer and Information Technology,Information Technology,Y,60.0%,SS,SS,SS,ND,ND
200866,1527611 ONTARIO INC.,180455,"ACADEMY OF LEARNING CAREER AND BUSINESS COLLEGE, BRAMPTON",BRAMPTON,L6Y 4M3,+,,,Y,75.7%,70.8%,50.0%,77.8%,100.0%,ND
200866,1527611 ONTARIO INC.,180455,"ACADEMY OF LEARNING CAREER AND BUSINESS COLLEGE, BRAMPTON",BRAMPTON,L6Y 4M3,ACCOUNTING AND PAYROLL ADMINISTRATOR,Business,Accounting and Payroll Administration,Y,SS,ND,ND,ND,ND,ND
200866,1527611 ONTARIO INC.,180455,"ACADEMY OF LEARNING CAREER AND BUSINESS COLLEGE, BRAMPTON",BRAMPTON,L6Y 4M3,BUSINESS ADMINISTRATION DIPLOMA,Business,Business Administration,Y,71.4%,ND,ND,ND,ND,ND
200866,1527611 ONTARIO INC.,180455,"ACADEMY OF LEARNING CAREER AND BUSINESS COLLEGE, BRAMPTON",BRAMPTON,L6Y 4M3,BUSINESS ADMINISTRATION DIPLOMA,Business,Business Administration,Y,ND,SS,SS,SS,ND,ND
200866,1527611 ONTARIO INC.,180455,"ACADEMY OF LEARNING CAREER AND BUSINESS COLLEGE, BRAMPTON",BRAMPTON,L6Y 4M3,BUSINESS OFFICE SKILLS,Business,Office Administration,Y,ND,ND,ND,ND,ND,ND
200866,1527611 ONTARIO INC.,180455,"ACADEMY OF LEARNING CAREER AND BUSINESS COLLEGE, BRAMPTON",BRAMPTON,L6Y 4M3,HOME INSPECTION CERTIFICATE,Services,Other - Services,Y,SS,ND,ND,ND,ND,ND
200866,1527611 ONTARIO INC.,180455,"ACADEMY OF LEARNING CAREER AND BUSINESS COLLEGE, BRAMPTON",BRAMPTON,L6Y 4M3,HOME INSPECTION DIPLOMA,Services,Other - Services,Y,SS,ND,ND,ND,ND,ND
200866,1527611 ONTARIO INC.,180455,"ACADEMY OF LEARNING CAREER AND BUSINESS COLLEGE, BRAMPTON",BRAMPTON,L6Y 4M3,IMMIGRATION ADMINISTRATIVE ASSISTANT,Community and Social Services,Immigration Consultant,Y,ND,ND,ND,ND,ND,ND
200866,1527611 ONTARIO INC.,180455,"ACADEMY OF LEARNING CAREER AND BUSINESS COLLEGE, BRAMPTON",BRAMPTON,L6Y 4M3,IT SECURITY SPECIALIST,Computer and Information Technology,Computer Security and Project Management,Y,SS,ND,ND,ND,ND,ND
200866,1527611 ONTARIO INC.,180455,"ACADEMY OF LEARNING CAREER AND BUSINESS COLLEGE, BRAMPTON",BRAMPTON,L6Y 4M3,MEDICAL OFFICE ASSISTANT (WITH CAPSTONE PROJECT),Health Services,Medical Office Administration/Management,Y,ND,SS,SS,SS,ND,ND
200866,1527611 ONTARIO INC.,180455,"ACADEMY OF LEARNING CAREER AND BUSINESS COLLEGE, BRAMPTON",BRAMPTON,L6Y 4M3,MEDICAL OFFICE ASSISTANT WITH HEALTH UNIT COORDINATOR SPECIALTY,Health Services,Medical Office Administration/Management,Y,ND,ND,ND,ND,ND,ND
200866,1527611 ONTARIO INC.,180455,"ACADEMY OF LEARNING CAREER AND BUSINESS COLLEGE, BRAMPTON",BRAMPTON,L6Y 4M3,MEDICAL OFFICE ASSISTANT,Health Services,Medical Office Administration/Management,Y,ND,ND,ND,SS,ND,ND
200866,1527611 ONTARIO INC.,180455,"ACADEMY OF LEARNING CAREER AND BUSINESS COLLEGE, BRAMPTON",BRAMPTON,L6Y 4M3,NETWORK ADMINISTRATOR,Computer and Information Technology,Network Administration,Y,ND,SS,SS,SS,ND,ND
200866,1527611 ONTARIO INC.,180455,"ACADEMY OF LEARNING CAREER AND BUSINESS COLLEGE, BRAMPTON",BRAMPTON,L6Y 4M3,PC SUPPORT SPECIALIST,Computer and Information Technology,Information Technology,Y,SS,ND,ND,ND,ND,ND
200866,1527611 ONTARIO INC.,180455,"ACADEMY OF LEARNING CAREER AND BUSINESS COLLEGE, BRAMPTON",BRAMPTON,L6Y 4M3,PERSONAL SUPPORT WORKER,Health Services,Personal Support Worker/Personal Attendant,Y,74.1%,75.0%,54.5%,79.6%,100.0%,ND
200866,1527611 ONTARIO INC.,180455,"ACADEMY OF LEARNING CAREER AND BUSINESS COLLEGE, BRAMPTON",BRAMPTON,L6Y 4M3,PROJECT ADMINISTRATION,Business,Project Administration/Management,Y,SS,ND,ND,ND,ND,ND
200866,1527611 ONTARIO INC.,180455,"ACADEMY OF LEARNING CAREER AND BUSINESS COLLEGE, BRAMPTON",BRAMPTON,L6Y 4M3,WEB DESIGNER,Computer and Information Technology,Information Technology,Y,ND,SS,SS,SS,ND,ND
200867,NORTH AMERICAN COLLEGE OF INFORMATION TECHNOLOGY INC.,+,+,,,+,,,Y,59.5%,67.3%,46.7%,82.4%,75.0%,ND
200867,NORTH AMERICAN COLLEGE OF INFORMATION TECHNOLOGY INC.,107981,"NORTH AMERICAN COLLEGE OF INFORMATION TECHNOLOGY INC., TORONTO",TORONTO,M4Y 2B7,+,,,Y,68.9%,68.2%,46.4%,81.5%,66.7%,7.3%
200867,NORTH AMERICAN COLLEGE OF INFORMATION TECHNOLOGY INC.,107981,"NORTH AMERICAN COLLEGE OF INFORMATION TECHNOLOGY INC., TORONTO",TORONTO,M4Y 2B7,ACCOUNTING AND PAYROLL ADMINISTRATION,Business,Accounting and Payroll Administration,Y,100.0%,75.0%,25.0%,80.0%,ND,ND
200867,NORTH AMERICAN COLLEGE OF INFORMATION TECHNOLOGY INC.,107981,"NORTH AMERICAN COLLEGE OF INFORMATION TECHNOLOGY INC., TORONTO",TORONTO,M4Y 2B7,ADVANCED ESTHETICS,Human Services,Esthetics/Medical Esthetics,Y,50.0%,16.7%,0.0%,71.4%,ND,ND
200867,NORTH AMERICAN COLLEGE OF INFORMATION TECHNOLOGY INC.,107981,"NORTH AMERICAN COLLEGE OF INFORMATION TECHNOLOGY INC., TORONTO",TORONTO,M4Y 2B7,CIVIL ENGINEERING DESIGN AND TECHNOLOGY,Applied Arts and Science,Other - Applied Arts and Sciences,Y,83.3%,66.7%,33.3%,100.0%,ND,ND
200867,NORTH AMERICAN COLLEGE OF INFORMATION TECHNOLOGY INC.,107981,"NORTH AMERICAN COLLEGE OF INFORMATION TECHNOLOGY INC., TORONTO",TORONTO,M4Y 2B7,DIPLOMA IN BUSINESS ADMINISTRATION (MARKETING),Business,Business Administration,Y,58.3%,100.0%,60.0%,100.0%,ND,ND
200867,NORTH AMERICAN COLLEGE OF INFORMATION TECHNOLOGY INC.,107981,"NORTH AMERICAN COLLEGE OF INFORMATION TECHNOLOGY INC., TORONTO",TORONTO,M4Y 2B7,DIPLOMA IN COMPUTER NETWORK ENGINEERING DESIGN AND TECHNOLOGY,Computer and Information Technology,Information Technology,Y,100.0%,57.1%,14.3%,28.6%,ND,ND
200867,NORTH AMERICAN COLLEGE OF INFORMATION TECHNOLOGY INC.,107981,"NORTH AMERICAN COLLEGE OF INFORMATION TECHNOLOGY INC., TORONTO",TORONTO,M4Y 2B7,DIPLOMA IN ELECTRICAL AND ELECTRONIC ENGINEERING DESIGN AND TECHNOLOGY,Computer and Information Technology,Information Technology,Y,88.9%,50.0%,16.7%,16.7%,ND,ND
200867,NORTH AMERICAN COLLEGE OF INFORMATION TECHNOLOGY INC.,107981,"NORTH AMERICAN COLLEGE OF INFORMATION TECHNOLOGY INC., TORONTO",TORONTO,M4Y 2B7,DIPLOMA IN ORACLE DATABASE ADMINISTRATION,Computer and Information Technology,Information Technology,Y,80.0%,SS,SS,SS,ND,ND
200867,NORTH AMERICAN COLLEGE OF INFORMATION TECHNOLOGY INC.,107981,"NORTH AMERICAN COLLEGE OF INFORMATION TECHNOLOGY INC., TORONTO",TORONTO,M4Y 2B7,EARLY CHILDCARE ASSISTANT,Human Services,Early Childhood Assistant,Y,ND,SS,SS,SS,ND,ND
200867,NORTH AMERICAN COLLEGE OF INFORMATION TECHNOLOGY INC.,107981,"NORTH AMERICAN COLLEGE OF INFORMATION TECHNOLOGY INC., TORONTO",TORONTO,M4Y 2B7,EARLY CHILDHOOD ASSISTANT,Human Services,Early Childhood Assistant,Y,36.8%,60.0%,60.0%,87.5%,ND,ND
200867,NORTH AMERICAN COLLEGE OF INFORMATION TECHNOLOGY INC.,107981,"NORTH AMERICAN COLLEGE OF INFORMATION TECHNOLOGY INC., TORONTO",TORONTO,M4Y 2B7,FOOD SERVICE WORKER,Services,Other - Services,Y,74.7%,80.0%,66.7%,88.9%,100.0%,ND
200867,NORTH AMERICAN COLLEGE OF INFORMATION TECHNOLOGY INC.,107981,"NORTH AMERICAN COLLEGE OF INFORMATION TECHNOLOGY INC., TORONTO",TORONTO,M4Y 2B7,MEDICAL OFFICE ASSISTANT,Health Services,Medical Office Administration/Management,Y,80.0%,SS,SS,SS,ND,ND
200867,NORTH AMERICAN COLLEGE OF INFORMATION TECHNOLOGY INC.,107981,"NORTH AMERICAN COLLEGE OF INFORMATION TECHNOLOGY INC., TORONTO",TORONTO,M4Y 2B7,PERSONAL SUPPORT WORKER,Health Services,Personal Support Worker/Personal Attendant,Y,60.9%,74.3%,60.0%,91.9%,0.0%,ND
200867,NORTH AMERICAN COLLEGE OF INFORMATION TECHNOLOGY INC.,137094,"NORTH AMERICAN COLLEGE OF INFORMATION TECHNOLOGY INC., SCARBOROUGH",SCARBOROUGH,M1H 3B7,+,,,Y,48.3%,65.5%,47.3%,84.4%,100.0%,7.4%
200867,NORTH AMERICAN COLLEGE OF INFORMATION TECHNOLOGY INC.,137094,"NORTH AMERICAN COLLEGE OF INFORMATION TECHNOLOGY INC., SCARBOROUGH",SCARBOROUGH,M1H 3B7,ACCOUNTING AND PAYROLL ADMINISTRATION,Business,Accounting and Payroll Administration,Y,95.2%,37.5%,25.0%,50.0%,ND,ND
200867,NORTH AMERICAN COLLEGE OF INFORMATION TECHNOLOGY INC.,137094,"NORTH AMERICAN COLLEGE OF INFORMATION TECHNOLOGY INC., SCARBOROUGH",SCARBOROUGH,M1H 3B7,ADVANCED ESTHETICS,Human Services,Esthetics/Medical Esthetics,Y,5.4%,66.7%,33.3%,83.3%,ND,ND
200867,NORTH AMERICAN COLLEGE OF INFORMATION TECHNOLOGY INC.,137094,"NORTH AMERICAN COLLEGE OF INFORMATION TECHNOLOGY INC., SCARBOROUGH",SCARBOROUGH,M1H 3B7,DIPLOMA IN BUSINESS ADMINISTRATION (MARKETING),Business,Business Administration,Y,77.0%,66.7%,33.3%,92.9%,ND,ND
200867,NORTH AMERICAN COLLEGE OF INFORMATION TECHNOLOGY INC.,137094,"NORTH AMERICAN COLLEGE OF INFORMATION TECHNOLOGY INC., SCARBOROUGH",SCARBOROUGH,M1H 3B7,DIPLOMA IN ORACLE DATABASE ADMINISTRATION,Computer and Information Technology,Information Technology,Y,ND,SS,SS,SS,ND,ND
200867,NORTH AMERICAN COLLEGE OF INFORMATION TECHNOLOGY INC.,137094,"NORTH AMERICAN COLLEGE OF INFORMATION TECHNOLOGY INC., SCARBOROUGH",SCARBOROUGH,M1H 3B7,EARLY CHILDCARE ASSISTANT,Human Services,Early Childhood Assistant,Y,ND,ND,ND,SS,ND,ND
200867,NORTH AMERICAN COLLEGE OF INFORMATION TECHNOLOGY INC.,137094,"NORTH AMERICAN COLLEGE OF INFORMATION TECHNOLOGY INC., SCARBOROUGH",SCARBOROUGH,M1H 3B7,EARLY CHILDHOOD ASSISTANT,Human Services,Early Childhood Assistant,Y,40.6%,72.2%,61.1%,86.4%,100.0%,ND
200867,NORTH AMERICAN COLLEGE OF INFORMATION TECHNOLOGY INC.,137094,"NORTH AMERICAN COLLEGE OF INFORMATION TECHNOLOGY INC., SCARBOROUGH",SCARBOROUGH,M1H 3B7,PERSONAL SUPPORT WORKER,Health Services,Personal Support Worker/Personal Attendant,Y,30.8%,80.0%,70.0%,91.7%,ND,ND
200869,"OXFORD COLLEGE OF ARTS, BUSINESS AND TECHNOLOGY INC.",+,+,,,+,,,Y,77.4%,70.2%,53.3%,68.5%,94.4%,ND
200869,"OXFORD COLLEGE OF ARTS, BUSINESS AND TECHNOLOGY INC.",106059,"OXFORD COLLEGE OF ARTS, BUSINESS AND TECHNOLOGY INC., SCARBOROUGH",TORONTO,M1H 3A4,+,,,Y,79.8%,69.9%,52.0%,69.1%,100.0%,2.6%
200869,"OXFORD COLLEGE OF ARTS, BUSINESS AND TECHNOLOGY INC.",106059,"OXFORD COLLEGE OF ARTS, BUSINESS AND TECHNOLOGY INC., SCARBOROUGH",TORONTO,M1H 3A4,ACCOUNTING & PAYROLL ADMINISTRATION,Business,Accounting and Payroll Administration,Y,69.2%,64.3%,57.1%,66.7%,ND,ND
200869,"OXFORD COLLEGE OF ARTS, BUSINESS AND TECHNOLOGY INC.",106059,"OXFORD COLLEGE OF ARTS, BUSINESS AND TECHNOLOGY INC., SCARBOROUGH",TORONTO,M1H 3A4,ADVANCED ESTHETICS & SPA OPERATIONS,Human Services,Esthetics/Medical Esthetics,Y,80.0%,75.0%,25.0%,20.0%,ND,ND
200869,"OXFORD COLLEGE OF ARTS, BUSINESS AND TECHNOLOGY INC.",106059,"OXFORD COLLEGE OF ARTS, BUSINESS AND TECHNOLOGY INC., SCARBOROUGH",TORONTO,M1H 3A4,BUSINESS MANAGEMENT,Business,Business Management,Y,68.4%,60.0%,20.0%,40.0%,ND,ND
200869,"OXFORD COLLEGE OF ARTS, BUSINESS AND TECHNOLOGY INC.",106059,"OXFORD COLLEGE OF ARTS, BUSINESS AND TECHNOLOGY INC., SCARBOROUGH",TORONTO,M1H 3A4,CLINICAL RESEARCH,Health Services,Other - Health Services,Y,86.2%,68.4%,31.6%,68.2%,100.0%,ND
200869,"OXFORD COLLEGE OF ARTS, BUSINESS AND TECHNOLOGY INC.",106059,"OXFORD COLLEGE OF ARTS, BUSINESS AND TECHNOLOGY INC., SCARBOROUGH",TORONTO,M1H 3A4,DENTAL HYGIENE,Health Services,Dental Hygienist,Y,78.8%,78.6%,71.4%,80.4%,100.0%,ND
200869,"OXFORD COLLEGE OF ARTS, BUSINESS AND TECHNOLOGY INC.",106059,"OXFORD COLLEGE OF ARTS, BUSINESS AND TECHNOLOGY INC., SCARBOROUGH",TORONTO,M1H 3A4,INTRA-ORAL DENTAL ASSISTANT (1 & 2),Health Services,Intra-Oral Dental Assistant,Y,89.0%,74.4%,64.1%,79.5%,100.0%,ND
200869,"OXFORD COLLEGE OF ARTS, BUSINESS AND TECHNOLOGY INC.",106059,"OXFORD COLLEGE OF ARTS, BUSINESS AND TECHNOLOGY INC., SCARBOROUGH",TORONTO,M1H 3A4,MASSAGE THERAPY,Health Services,Massage Therapist,Y,57.9%,44.4%,22.2%,44.4%,ND,ND
200869,"OXFORD COLLEGE OF ARTS, BUSINESS AND TECHNOLOGY INC.",106059,"OXFORD COLLEGE OF ARTS, BUSINESS AND TECHNOLOGY INC., SCARBOROUGH",TORONTO,M1H 3A4,MEDICAL LABORATORY ASSISTANT/TECHNICIAN,Health Services,Medical Laboratory Technician,Y,73.1%,50.0%,27.3%,56.5%,ND,ND
200869,"OXFORD COLLEGE OF ARTS, BUSINESS AND TECHNOLOGY INC.",106059,"OXFORD COLLEGE OF ARTS, BUSINESS AND TECHNOLOGY INC., SCARBOROUGH",TORONTO,M1H 3A4,MEDICAL OFFICE ASSISTANT,Health Services,Medical Office Administration/Management,Y,82.6%,75.0%,50.0%,60.0%,ND,ND
200869,"OXFORD COLLEGE OF ARTS, BUSINESS AND TECHNOLOGY INC.",106059,"OXFORD COLLEGE OF ARTS, BUSINESS AND TECHNOLOGY INC., SCARBOROUGH",TORONTO,M1H 3A4,PHARMACEUTICAL MANUFACTURING TECHNOLOGIST,Health Services,Pharmaceutical Technology,Y,93.5%,75.0%,75.0%,100.0%,ND,ND
200869,"OXFORD COLLEGE OF ARTS, BUSINESS AND TECHNOLOGY INC.",106059,"OXFORD COLLEGE OF ARTS, BUSINESS AND TECHNOLOGY INC., SCARBOROUGH",TORONTO,M1H 3A4,PHARMACEUTICAL QUALITY ASSURANCE/QUALITY CONTROL TECHNOLOGIST,Health Services,Pharmaceutical Technology,Y,90.9%,100.0%,57.1%,66.7%,100.0%,ND
200869,"OXFORD COLLEGE OF ARTS, BUSINESS AND TECHNOLOGY INC.",163380,"OXFORD COLLEGE OF ARTS, BUSINESS AND TECHNOLOGY, MISSISSAUGA",MISSISSAUGA,L5C 4G8,+,,,Y,87.5%,61.6%,43.5%,74.7%,100.0%,2.7%
200869,"OXFORD COLLEGE OF ARTS, BUSINESS AND TECHNOLOGY INC.",163380,"OXFORD COLLEGE OF ARTS, BUSINESS AND TECHNOLOGY, MISSISSAUGA",MISSISSAUGA,L5C 4G8,ACCOUNTING & PAYROLL ADMINISTRATION,Business,Accounting and Payroll Administration,Y,89.1%,70.8%,41.7%,53.8%,100.0%,ND
200869,"OXFORD COLLEGE OF ARTS, BUSINESS AND TECHNOLOGY INC.",163380,"OXFORD COLLEGE OF ARTS, BUSINESS AND TECHNOLOGY, MISSISSAUGA",MISSISSAUGA,L5C 4G8,ADVANCED ESTHETICS & SPA OPERATIONS,Human Services,Esthetics/Medical Esthetics,Y,82.6%,54.5%,45.5%,75.0%,ND,ND
200869,"OXFORD COLLEGE OF ARTS, BUSINESS AND TECHNOLOGY INC.",163380,"OXFORD COLLEGE OF ARTS, BUSINESS AND TECHNOLOGY, MISSISSAUGA",MISSISSAUGA,L5C 4G8,BUSINESS MANAGEMENT,Business,Business Management,Y,94.0%,68.4%,57.9%,95.8%,100.0%,ND
200869,"OXFORD COLLEGE OF ARTS, BUSINESS AND TECHNOLOGY INC.",163380,"OXFORD COLLEGE OF ARTS, BUSINESS AND TECHNOLOGY, MISSISSAUGA",MISSISSAUGA,L5C 4G8,CLINICAL RESEARCH,Health Services,Other - Health Services,Y,93.6%,45.5%,27.3%,75.0%,ND,ND
200869,"OXFORD COLLEGE OF ARTS, BUSINESS AND TECHNOLOGY INC.",163380,"OXFORD COLLEGE OF ARTS, BUSINESS AND TECHNOLOGY, MISSISSAUGA",MISSISSAUGA,L5C 4G8,COMMUNITY & DEVELOPMENTAL SERVICE WORKER,Community and Social Services,Community Services Worker,Y,92.9%,57.1%,28.6%,69.2%,ND,ND
200869,"OXFORD COLLEGE OF ARTS, BUSINESS AND TECHNOLOGY INC.",163380,"OXFORD COLLEGE OF ARTS, BUSINESS AND TECHNOLOGY, MISSISSAUGA",MISSISSAUGA,L5C 4G8,COMMUNITY SERVICE WORKER,Community and Social Services,Community Services Worker,Y,72.7%,60.0%,20.0%,77.8%,ND,ND
200869,"OXFORD COLLEGE OF ARTS, BUSINESS AND TECHNOLOGY INC.",163380,"OXFORD COLLEGE OF ARTS, BUSINESS AND TECHNOLOGY, MISSISSAUGA",MISSISSAUGA,L5C 4G8,EXECUTIVE OFFICE ASSISTANT,Business,Office Administration,Y,ND,ND,ND,SS,ND,ND
200869,"OXFORD COLLEGE OF ARTS, BUSINESS AND TECHNOLOGY INC.",163380,"OXFORD COLLEGE OF ARTS, BUSINESS AND TECHNOLOGY, MISSISSAUGA",MISSISSAUGA,L5C 4G8,INTRA ORAL DENTAL ASSISTING LEVEL 1 & 2,Health Services,Intra-Oral Dental Assistant,Y,93.4%,78.3%,73.9%,83.3%,100.0%,ND
200869,"OXFORD COLLEGE OF ARTS, BUSINESS AND TECHNOLOGY INC.",163380,"OXFORD COLLEGE OF ARTS, BUSINESS AND TECHNOLOGY, MISSISSAUGA",MISSISSAUGA,L5C 4G8,MASSAGE THERAPY,Health Services,Massage Therapist,Y,81.4%,53.3%,33.3%,56.3%,ND,ND
200869,"OXFORD COLLEGE OF ARTS, BUSINESS AND TECHNOLOGY INC.",163380,"OXFORD COLLEGE OF ARTS, BUSINESS AND TECHNOLOGY, MISSISSAUGA",MISSISSAUGA,L5C 4G8,MEDICAL LAB ASSISTANT/TECHNICIAN,Health Services,Medical Laboratory Technician,Y,79.8%,63.3%,46.7%,67.6%,100.0%,ND
200869,"OXFORD COLLEGE OF ARTS, BUSINESS AND TECHNOLOGY INC.",163380,"OXFORD COLLEGE OF ARTS, BUSINESS AND TECHNOLOGY, MISSISSAUGA",MISSISSAUGA,L5C 4G8,MEDICAL OFFICE ASSISTANT,Health Services,Medical Office Administration/Management,Y,95.6%,54.3%,31.4%,78.2%,100.0%,ND
200869,"OXFORD COLLEGE OF ARTS, BUSINESS AND TECHNOLOGY INC.",163380,"OXFORD COLLEGE OF ARTS, BUSINESS AND TECHNOLOGY, MISSISSAUGA",MISSISSAUGA,L5C 4G8,PERSONAL SUPPORT WORKER,Health Services,Personal Support Worker/Personal Attendant,Y,60.0%,84.6%,69.2%,93.8%,100.0%,ND
200869,"OXFORD COLLEGE OF ARTS, BUSINESS AND TECHNOLOGY INC.",163380,"OXFORD COLLEGE OF ARTS, BUSINESS AND TECHNOLOGY, MISSISSAUGA",MISSISSAUGA,L5C 4G8,PHARMACEUTICAL MANUFACTURING TECHNOLOGIST,Health Services,Pharmaceutical Technology,Y,96.4%,18.2%,0.0%,66.7%,ND,ND
200869,"OXFORD COLLEGE OF ARTS, BUSINESS AND TECHNOLOGY INC.",163380,"OXFORD COLLEGE OF ARTS, BUSINESS AND TECHNOLOGY, MISSISSAUGA",MISSISSAUGA,L5C 4G8,PHARMACEUTICAL QUALITY ASSURANCE/QUALITY CONTROL TECHNOLOGIST,Health Services,Pharmaceutical Technology,Y,SS,80.0%,80.0%,71.4%,ND,ND
200869,"OXFORD COLLEGE OF ARTS, BUSINESS AND TECHNOLOGY INC.",163382,"OXFORD COLLEGE OF ARTS, BUSINESS AND TECHNOLOGY, PETERBOROUGH",PETERBOROUGH,K9H 7E7,+,,,Y,75.6%,79.7%,66.1%,46.9%,75.0%,18.6%
200869,"OXFORD COLLEGE OF ARTS, BUSINESS AND TECHNOLOGY INC.",163382,"OXFORD COLLEGE OF ARTS, BUSINESS AND TECHNOLOGY, PETERBOROUGH",PETERBOROUGH,K9H 7E7,ACCOUNTING & PAYROLL ADMINISTRATION,Business,Accounting and Payroll Administration,Y,81.8%,100.0%,100.0%,75.0%,100.0%,ND
200869,"OXFORD COLLEGE OF ARTS, BUSINESS AND TECHNOLOGY INC.",163382,"OXFORD COLLEGE OF ARTS, BUSINESS AND TECHNOLOGY, PETERBOROUGH",PETERBOROUGH,K9H 7E7,ADVANCED ESTHETICS & SPA OPERATIONS,Human Services,Esthetics/Medical Esthetics,Y,76.9%,100.0%,100.0%,100.0%,ND,ND
200869,"OXFORD COLLEGE OF ARTS, BUSINESS AND TECHNOLOGY INC.",163382,"OXFORD COLLEGE OF ARTS, BUSINESS AND TECHNOLOGY, PETERBOROUGH",PETERBOROUGH,K9H 7E7,BUSINESS MANAGEMENT,Business,Business Management,Y,100.0%,66.7%,66.7%,50.0%,ND,ND
200869,"OXFORD COLLEGE OF ARTS, BUSINESS AND TECHNOLOGY INC.",163382,"OXFORD COLLEGE OF ARTS, BUSINESS AND TECHNOLOGY, PETERBOROUGH",PETERBOROUGH,K9H 7E7,COMMUNITY & DEVELOPMENTAL SERVICE WORKER,Community and Social Services,Community Services Worker,Y,85.7%,66.7%,66.7%,33.3%,ND,ND
200869,"OXFORD COLLEGE OF ARTS, BUSINESS AND TECHNOLOGY INC.",163382,"OXFORD COLLEGE OF ARTS, BUSINESS AND TECHNOLOGY, PETERBOROUGH",PETERBOROUGH,K9H 7E7,COMMUNITY SERVICE WORKER,Community and Social Services,Community Services Worker,Y,SS,ND,ND,ND,ND,ND
200869,"OXFORD COLLEGE OF ARTS, BUSINESS AND TECHNOLOGY INC.",163382,"OXFORD COLLEGE OF ARTS, BUSINESS AND TECHNOLOGY, PETERBOROUGH",PETERBOROUGH,K9H 7E7,INTRA ORAL DENTAL ASSISTING LEVEL 1 & 2,Health Services,Intra-Oral Dental Assistant,Y,100.0%,100.0%,100.0%,83.3%,0.0%,ND
200869,"OXFORD COLLEGE OF ARTS, BUSINESS AND TECHNOLOGY INC.",163382,"OXFORD COLLEGE OF ARTS, BUSINESS AND TECHNOLOGY, PETERBOROUGH",PETERBOROUGH,K9H 7E7,MASSAGE THERAPY,Health Services,Massage Therapist,Y,71.4%,66.7%,0.0%,0.0%,ND,ND
200869,"OXFORD COLLEGE OF ARTS, BUSINESS AND TECHNOLOGY INC.",163382,"OXFORD COLLEGE OF ARTS, BUSINESS AND TECHNOLOGY, PETERBOROUGH",PETERBOROUGH,K9H 7E7,MEDICAL LABORATORY ASSISTANT/TECHNICIAN,Health Services,Medical Laboratory Technician,Y,60.0%,88.2%,58.8%,29.4%,100.0%,ND
200869,"OXFORD COLLEGE OF ARTS, BUSINESS AND TECHNOLOGY INC.",163382,"OXFORD COLLEGE OF ARTS, BUSINESS AND TECHNOLOGY, PETERBOROUGH",PETERBOROUGH,K9H 7E7,MEDICAL OFFICE ASSISTANT,Health Services,Medical Office Administration/Management,Y,90.5%,42.9%,28.6%,14.3%,100.0%,ND
200869,"OXFORD COLLEGE OF ARTS, BUSINESS AND TECHNOLOGY INC.",163382,"OXFORD COLLEGE OF ARTS, BUSINESS AND TECHNOLOGY, PETERBOROUGH",PETERBOROUGH,K9H 7E7,PERSONAL SUPPORT WORKER,Health Services,Personal Support Worker/Personal Attendant,Y,73.1%,90.0%,90.0%,61.5%,ND,ND
200869,"OXFORD COLLEGE OF ARTS, BUSINESS AND TECHNOLOGY INC.",163382,"OXFORD COLLEGE OF ARTS, BUSINESS AND TECHNOLOGY, PETERBOROUGH",PETERBOROUGH,K9H 7E7,VIDEO GAME DESIGNER,Applied Arts and Science,Game/Interactive Media Design,Y,SS,SS,SS,SS,ND,ND
200869,"OXFORD COLLEGE OF ARTS, BUSINESS AND TECHNOLOGY INC.",163383,"OXFORD COLLEGE OF ARTS, BUSINESS AND TECHNOLOGY, BURLINGTON",BURLINGTON,L7R 4B7,+,,,Y,56.5%,82.6%,73.9%,59.7%,ND,5.9%
200869,"OXFORD COLLEGE OF ARTS, BUSINESS AND TECHNOLOGY INC.",163383,"OXFORD COLLEGE OF ARTS, BUSINESS AND TECHNOLOGY, BURLINGTON",BURLINGTON,L7R 4B7,ACCOUNTING & PAYROLL ADMINISTRATION,Business,Accounting and Payroll Administration,Y,70.6%,100.0%,100.0%,100.0%,ND,ND
200869,"OXFORD COLLEGE OF ARTS, BUSINESS AND TECHNOLOGY INC.",163383,"OXFORD COLLEGE OF ARTS, BUSINESS AND TECHNOLOGY, BURLINGTON",BURLINGTON,L7R 4B7,BUSINESS MANAGEMENT,Business,Business Management,Y,SS,SS,SS,SS,ND,ND
200869,"OXFORD COLLEGE OF ARTS, BUSINESS AND TECHNOLOGY INC.",163383,"OXFORD COLLEGE OF ARTS, BUSINESS AND TECHNOLOGY, BURLINGTON",BURLINGTON,L7R 4B7,COMMUNITY SERVICE WORKER,Community and Social Services,Community Services Worker,Y,92.3%,71.4%,57.1%,75.0%,ND,ND
200869,"OXFORD COLLEGE OF ARTS, BUSINESS AND TECHNOLOGY INC.",163383,"OXFORD COLLEGE OF ARTS, BUSINESS AND TECHNOLOGY, BURLINGTON",BURLINGTON,L7R 4B7,INTRA ORAL DENTAL ASSISTING LEVEL 1 & 2,Health Services,Intra-Oral Dental Assistant,Y,94.1%,64.3%,64.3%,57.1%,ND,ND
200869,"OXFORD COLLEGE OF ARTS, BUSINESS AND TECHNOLOGY INC.",163383,"OXFORD COLLEGE OF ARTS, BUSINESS AND TECHNOLOGY, BURLINGTON",BURLINGTON,L7R 4B7,MASSAGE THERAPY,Health Services,Massage Therapist,Y,50.0%,100.0%,0.0%,0.0%,ND,ND
200869,"OXFORD COLLEGE OF ARTS, BUSINESS AND TECHNOLOGY INC.",163383,"OXFORD COLLEGE OF ARTS, BUSINESS AND TECHNOLOGY, BURLINGTON",BURLINGTON,L7R 4B7,MEDICAL OFFICE ASSISTANT,Health Services,Medical Office Administration/Management,Y,91.7%,80.0%,40.0%,16.7%,ND,ND
200869,"OXFORD COLLEGE OF ARTS, BUSINESS AND TECHNOLOGY INC.",163383,"OXFORD COLLEGE OF ARTS, BUSINESS AND TECHNOLOGY, BURLINGTON",BURLINGTON,L7R 4B7,PRIMARY CARE PARAMEDIC,Health Services,Paramedic,Y,39.0%,92.1%,89.5%,66.7%,ND,ND
200869,"OXFORD COLLEGE OF ARTS, BUSINESS AND TECHNOLOGY INC.",163383,"OXFORD COLLEGE OF ARTS, BUSINESS AND TECHNOLOGY, BURLINGTON",BURLINGTON,L7R 4B7,VIDEO GAME DESIGNER,Applied Arts and Science,Game/Interactive Media Design,Y,SS,ND,ND,ND,ND,ND
200869,"OXFORD COLLEGE OF ARTS, BUSINESS AND TECHNOLOGY INC.",163384,"OXFORD COLLEGE OF ARTS, BUSINESS AND TECHNOLOGY, TORONTO",TORONTO,M4W 2H2,+,,,Y,58.3%,72.3%,42.6%,67.3%,100.0%,7.8%
200869,"OXFORD COLLEGE OF ARTS, BUSINESS AND TECHNOLOGY INC.",163384,"OXFORD COLLEGE OF ARTS, BUSINESS AND TECHNOLOGY, TORONTO",TORONTO,M4W 2H2,ACCOUNTING & PAYROLL ADMINISTRATION,Business,Accounting and Payroll Administration,Y,50.0%,66.7%,16.7%,40.0%,ND,ND
200869,"OXFORD COLLEGE OF ARTS, BUSINESS AND TECHNOLOGY INC.",163384,"OXFORD COLLEGE OF ARTS, BUSINESS AND TECHNOLOGY, TORONTO",TORONTO,M4W 2H2,BUSINESS MANAGEMENT,Business,Business Management,Y,86.7%,50.0%,25.0%,80.0%,ND,ND
200869,"OXFORD COLLEGE OF ARTS, BUSINESS AND TECHNOLOGY INC.",163384,"OXFORD COLLEGE OF ARTS, BUSINESS AND TECHNOLOGY, TORONTO",TORONTO,M4W 2H2,DENTURISM,Health Services,Dental Hygienist,Y,27.3%,100.0%,100.0%,100.0%,ND,ND
200869,"OXFORD COLLEGE OF ARTS, BUSINESS AND TECHNOLOGY INC.",163384,"OXFORD COLLEGE OF ARTS, BUSINESS AND TECHNOLOGY, TORONTO",TORONTO,M4W 2H2,INTRA ORAL DENTAL ASSISTING LEVEL 1 & 2,Health Services,Intra-Oral Dental Assistant,Y,92.9%,66.7%,66.7%,100.0%,100.0%,ND
200869,"OXFORD COLLEGE OF ARTS, BUSINESS AND TECHNOLOGY INC.",163384,"OXFORD COLLEGE OF ARTS, BUSINESS AND TECHNOLOGY, TORONTO",TORONTO,M4W 2H2,MASSAGE THERAPY,Health Services,Massage Therapist,Y,61.8%,100.0%,54.5%,66.7%,ND,ND
200869,"OXFORD COLLEGE OF ARTS, BUSINESS AND TECHNOLOGY INC.",163384,"OXFORD COLLEGE OF ARTS, BUSINESS AND TECHNOLOGY, TORONTO",TORONTO,M4W 2H2,MEDICAL LAB ASSISTANT/TECHNICIAN,Health Services,Medical Laboratory Technician,Y,51.5%,64.7%,41.2%,57.9%,ND,ND
200869,"OXFORD COLLEGE OF ARTS, BUSINESS AND TECHNOLOGY INC.",181016,"OXFORD COLLEGE OF ARTS, BUSINESS AND TECHNOLOGY, BARRIE",BARRIE,L4M 3C1,+,,,Y,67.2%,79.5%,68.2%,76.1%,ND,11.2%
200869,"OXFORD COLLEGE OF ARTS, BUSINESS AND TECHNOLOGY INC.",181016,"OXFORD COLLEGE OF ARTS, BUSINESS AND TECHNOLOGY, BARRIE",BARRIE,L4M 3C1,ACCOUNTING & PAYROLL ADMINISTRATION,Business,Accounting and Payroll Administration,Y,20.0%,SS,SS,SS,ND,ND
200869,"OXFORD COLLEGE OF ARTS, BUSINESS AND TECHNOLOGY INC.",181016,"OXFORD COLLEGE OF ARTS, BUSINESS AND TECHNOLOGY, BARRIE",BARRIE,L4M 3C1,ADVANCED ESTHETICS & SPA OPERATIONS,Human Services,Esthetics/Medical Esthetics,Y,90.0%,60.0%,60.0%,100.0%,ND,ND
200869,"OXFORD COLLEGE OF ARTS, BUSINESS AND TECHNOLOGY INC.",181016,"OXFORD COLLEGE OF ARTS, BUSINESS AND TECHNOLOGY, BARRIE",BARRIE,L4M 3C1,BUSINESS MANAGEMENT,Business,Business Management,Y,85.7%,100.0%,33.3%,66.7%,ND,ND
200869,"OXFORD COLLEGE OF ARTS, BUSINESS AND TECHNOLOGY INC.",181016,"OXFORD COLLEGE OF ARTS, BUSINESS AND TECHNOLOGY, BARRIE",BARRIE,L4M 3C1,COMMUNITY & DEVELOPMENTAL SERVICE WORKER,Community and Social Services,Community Services Worker,Y,50.0%,80.0%,80.0%,80.0%,ND,ND
200869,"OXFORD COLLEGE OF ARTS, BUSINESS AND TECHNOLOGY INC.",181016,"OXFORD COLLEGE OF ARTS, BUSINESS AND TECHNOLOGY, BARRIE",BARRIE,L4M 3C1,COMMUNITY SERVICE WORKER,Community and Social Services,Community Services Worker,Y,SS,ND,ND,ND,ND,ND
200869,"OXFORD COLLEGE OF ARTS, BUSINESS AND TECHNOLOGY INC.",181016,"OXFORD COLLEGE OF ARTS, BUSINESS AND TECHNOLOGY, BARRIE",BARRIE,L4M 3C1,EXECUTIVE OFFICE ASSISTANT,Business,Office Administration,Y,ND,SS,SS,SS,ND,ND
200869,"OXFORD COLLEGE OF ARTS, BUSINESS AND TECHNOLOGY INC.",181016,"OXFORD COLLEGE OF ARTS, BUSINESS AND TECHNOLOGY, BARRIE",BARRIE,L4M 3C1,INTRA ORAL DENTAL ASSISTING LEVEL 1 & 2,Health Services,Intra-Oral Dental Assistant,Y,88.9%,100.0%,100.0%,87.5%,ND,ND
200869,"OXFORD COLLEGE OF ARTS, BUSINESS AND TECHNOLOGY INC.",181016,"OXFORD COLLEGE OF ARTS, BUSINESS AND TECHNOLOGY, BARRIE",BARRIE,L4M 3C1,MASSAGE THERAPY,Health Services,Massage Therapist,Y,45.8%,75.0%,75.0%,75.0%,ND,ND
200869,"OXFORD COLLEGE OF ARTS, BUSINESS AND TECHNOLOGY INC.",181016,"OXFORD COLLEGE OF ARTS, BUSINESS AND TECHNOLOGY, BARRIE",BARRIE,L4M 3C1,MEDICAL LAB ASSISTANT/TECHNICIAN,Health Services,Medical Laboratory Technician,Y,63.6%,80.0%,80.0%,90.0%,ND,ND
200869,"OXFORD COLLEGE OF ARTS, BUSINESS AND TECHNOLOGY INC.",181016,"OXFORD COLLEGE OF ARTS, BUSINESS AND TECHNOLOGY, BARRIE",BARRIE,L4M 3C1,MEDICAL OFFICE ASSISTANT,Health Services,Medical Office Administration/Management,Y,100.0%,60.0%,20.0%,28.6%,ND,ND
200872,TORONTO LEARNING INC.,+,+,,,+,,,Y,86.0%,56.0%,8.0%,81.8%,ND,ND
200872,TORONTO LEARNING INC.,102087,"SUNVIEW COLLEGE - BUSINESS TECHNOLOGY HEALTHCARE, TORONTO",ETOBICOKE,M9V 3Y6,+,,,Y,SS,SS,SS,SS,ND,ND
200872,TORONTO LEARNING INC.,102087,"SUNVIEW COLLEGE - BUSINESS TECHNOLOGY HEALTHCARE, TORONTO",ETOBICOKE,M9V 3Y6,MEDICAL OFFICE ADMINISTRATION,Health Services,Medical Office Administration/Management,Y,SS,SS,SS,SS,ND,ND
200872,TORONTO LEARNING INC.,102087,"SUNVIEW COLLEGE - BUSINESS TECHNOLOGY HEALTHCARE, TORONTO",ETOBICOKE,M9V 3Y6,"POST GRADUATE DIPLOMA IN BUSINESS ANALYSIS, PROJECTS & SERVICE MANAGEMENT",Business,Project Administration/Management,Y,SS,SS,SS,SS,ND,ND
200872,TORONTO LEARNING INC.,102093,"SUNVIEW COLLEGE - BUSINESS TECHNOLOGY HEALTHCARE, MISSISSAUGA",MISSISSAUGA,L4X 1L9,+,,,Y,SS,ND,ND,ND,ND,ND
200872,TORONTO LEARNING INC.,102093,"SUNVIEW COLLEGE - BUSINESS TECHNOLOGY HEALTHCARE, MISSISSAUGA",MISSISSAUGA,L4X 1L9,CHEF DE CUISINE,Service Trade,Chef,Y,SS,ND,ND,ND,ND,ND
200872,TORONTO LEARNING INC.,102093,"SUNVIEW COLLEGE - BUSINESS TECHNOLOGY HEALTHCARE, MISSISSAUGA",MISSISSAUGA,L4X 1L9,CULINARY & HOSPITALITY OPERATIONS MANAGEMENT,Service Trade,Chef,Y,ND,ND,ND,ND,ND,ND
200872,TORONTO LEARNING INC.,134096,"SUNVIEW COLLEGE - BUSINESS TECHNOLOGY HEALTHCARE, BRAMPTON",BRAMPTON,L6P 2L1,+,,,Y,86.0%,52.2%,8.7%,83.9%,ND,4.3%
200872,TORONTO LEARNING INC.,134096,"SUNVIEW COLLEGE - BUSINESS TECHNOLOGY HEALTHCARE, BRAMPTON",BRAMPTON,L6P 2L1,DIPLOMA IN INTERNATIONAL BUSINESS ADMINISTRATION,Business,Business Administration,Y,SS,ND,ND,ND,ND,ND
200872,TORONTO LEARNING INC.,134096,"SUNVIEW COLLEGE - BUSINESS TECHNOLOGY HEALTHCARE, BRAMPTON",BRAMPTON,L6P 2L1,DIPLOMA IN PRODUCTION SUPERVISION,Applied Arts and Science,Music Production and Recording Arts Technology,Y,SS,ND,ND,ND,ND,ND
200872,TORONTO LEARNING INC.,134096,"SUNVIEW COLLEGE - BUSINESS TECHNOLOGY HEALTHCARE, BRAMPTON",BRAMPTON,L6P 2L1,EARLY CHILDCARE ASSISTANT,Human Services,Early Childhood Assistant,Y,100.0%,ND,ND,100.0%,ND,ND
200872,TORONTO LEARNING INC.,134096,"SUNVIEW COLLEGE - BUSINESS TECHNOLOGY HEALTHCARE, BRAMPTON",BRAMPTON,L6P 2L1,ESTHETICS,Human Services,Esthetics/Medical Esthetics,Y,ND,SS,SS,SS,ND,ND
200872,TORONTO LEARNING INC.,134096,"SUNVIEW COLLEGE - BUSINESS TECHNOLOGY HEALTHCARE, BRAMPTON",BRAMPTON,L6P 2L1,NACC PSW 2015,Health Services,Personal Support Worker/ Personal Attendant (NACC),Y,69.2%,50.0%,12.5%,100.0%,ND,ND
200872,TORONTO LEARNING INC.,134096,"SUNVIEW COLLEGE - BUSINESS TECHNOLOGY HEALTHCARE, BRAMPTON",BRAMPTON,L6P 2L1,OFFICE ADMINISTRATION - GENERAL,Business,Office Administration,Y,SS,SS,SS,SS,ND,ND
200872,TORONTO LEARNING INC.,134096,"SUNVIEW COLLEGE - BUSINESS TECHNOLOGY HEALTHCARE, BRAMPTON",BRAMPTON,L6P 2L1,OFFICE ADMINISTRATION - MEDICAL,Business,Medical Office Administration/Management,Y,SS,ND,ND,SS,ND,ND
200872,TORONTO LEARNING INC.,134096,"SUNVIEW COLLEGE - BUSINESS TECHNOLOGY HEALTHCARE, BRAMPTON",BRAMPTON,L6P 2L1,OFFICE ADMINISTRATION PROFESSIONAL,Business,Office Administration,Y,100.0%,55.6%,11.1%,81.8%,ND,ND
200886,1565170 ONTARIO INC.,+,+,,,+,,,Y,86.4%,71.4%,46.4%,68.1%,100.0%,ND
200886,1565170 ONTARIO INC.,102124,"STANFORD INTERNATIONAL COLLEGE OF BUSINESS & TECHNOLOGY, TORONTO",SCARBOROUGH,M1G 3T5,+,,,Y,83.7%,69.6%,43.5%,74.5%,ND,1.5%
200886,1565170 ONTARIO INC.,102124,"STANFORD INTERNATIONAL COLLEGE OF BUSINESS & TECHNOLOGY, TORONTO",SCARBOROUGH,M1G 3T5,COMPUTERIZED ACCOUNTING AND PAYROLL ADMINISTRATION,Business,Accounting and Payroll Administration,Y,ND,SS,SS,SS,ND,ND
200886,1565170 ONTARIO INC.,102124,"STANFORD INTERNATIONAL COLLEGE OF BUSINESS & TECHNOLOGY, TORONTO",SCARBOROUGH,M1G 3T5,DIPLOMA OF HOSPITALITY & TOURISM MANAGEMENT,Business,Hospitality Administration/Management,Y,80.0%,ND,ND,ND,ND,ND
200886,1565170 ONTARIO INC.,102124,"STANFORD INTERNATIONAL COLLEGE OF BUSINESS & TECHNOLOGY, TORONTO",SCARBOROUGH,M1G 3T5,GAS FITTER LEVEL 3,Service Trade,Other- Service Trade,Y,92.0%,80.0%,60.0%,50.0%,ND,ND
200886,1565170 ONTARIO INC.,102124,"STANFORD INTERNATIONAL COLLEGE OF BUSINESS & TECHNOLOGY, TORONTO",SCARBOROUGH,M1G 3T5,GAS TECHNICIAN-G3/G2 (FULL TIME),Technical Standards and Safety Authority (TSSA) Restricted Tradesperson,Gas Technician,Y,89.5%,66.7%,60.0%,81.3%,ND,ND
200886,1565170 ONTARIO INC.,102124,"STANFORD INTERNATIONAL COLLEGE OF BUSINESS & TECHNOLOGY, TORONTO",SCARBOROUGH,M1G 3T5,HVAC TECHNICIAN,Service Trade,Other- Service Trade,Y,80.0%,68.4%,21.1%,73.7%,ND,ND
200886,1565170 ONTARIO INC.,102124,"STANFORD INTERNATIONAL COLLEGE OF BUSINESS & TECHNOLOGY, TORONTO",SCARBOROUGH,M1G 3T5,INDUSTRIAL ELECTRICIAN (PLC & ROBOTICS),Service Trade,Other- Service Trade,Y,SS,SS,SS,SS,ND,ND
200886,1565170 ONTARIO INC.,102124,"STANFORD INTERNATIONAL COLLEGE OF BUSINESS & TECHNOLOGY, TORONTO",SCARBOROUGH,M1G 3T5,NACC PSW 2015,Health Services,Personal Support Worker/ Personal Attendant (NACC),Y,71.4%,66.7%,66.7%,100.0%,ND,ND
200886,1565170 ONTARIO INC.,103123,"STANFORD INTERNATIONAL COLLEGE OF BUSINESS & TECHNOLOGY, TORONTO/SCARSDALE RD.",TORONTO,M3B 2R2,+,,,Y,88.6%,47.4%,26.3%,42.9%,ND,8.6%
200886,1565170 ONTARIO INC.,103123,"STANFORD INTERNATIONAL COLLEGE OF BUSINESS & TECHNOLOGY, TORONTO/SCARSDALE RD.",TORONTO,M3B 2R2,AUTOMOTIVE TECHNOLOGY,Motive Power Trade,Automotive Service Technician,Y,88.9%,50.0%,50.0%,50.0%,ND,ND
200886,1565170 ONTARIO INC.,103123,"STANFORD INTERNATIONAL COLLEGE OF BUSINESS & TECHNOLOGY, TORONTO/SCARSDALE RD.",TORONTO,M3B 2R2,CNC AND MASTERCAM,Computer and Information Technology,Information Technology,Y,ND,SS,SS,SS,ND,ND
200886,1565170 ONTARIO INC.,103123,"STANFORD INTERNATIONAL COLLEGE OF BUSINESS & TECHNOLOGY, TORONTO/SCARSDALE RD.",TORONTO,M3B 2R2,GAS FITTER LEVEL 3 (P/T),Service Trade,Other- Service Trade,Y,90.9%,66.7%,33.3%,33.3%,ND,ND
200886,1565170 ONTARIO INC.,103123,"STANFORD INTERNATIONAL COLLEGE OF BUSINESS & TECHNOLOGY, TORONTO/SCARSDALE RD.",TORONTO,M3B 2R2,GAS FITTER LEVEL 3,Service Trade,Other- Service Trade,Y,80.0%,66.7%,33.3%,66.7%,ND,ND
200886,1565170 ONTARIO INC.,103123,"STANFORD INTERNATIONAL COLLEGE OF BUSINESS & TECHNOLOGY, TORONTO/SCARSDALE RD.",TORONTO,M3B 2R2,GAS TECHNICIAN G3/G2 (PT),Technical Standards and Safety Authority (TSSA) Restricted Tradesperson,Gas Technician,Y,100.0%,0.0%,0.0%,0.0%,ND,ND
200886,1565170 ONTARIO INC.,103123,"STANFORD INTERNATIONAL COLLEGE OF BUSINESS & TECHNOLOGY, TORONTO/SCARSDALE RD.",TORONTO,M3B 2R2,GAS TECHNICIAN-G3/G2 (FULL TIME),Technical Standards and Safety Authority (TSSA) Restricted Tradesperson,Gas Technician,Y,92.3%,40.0%,20.0%,40.0%,ND,ND
200886,1565170 ONTARIO INC.,103123,"STANFORD INTERNATIONAL COLLEGE OF BUSINESS & TECHNOLOGY, TORONTO/SCARSDALE RD.",TORONTO,M3B 2R2,HVAC TECHNICIAN,Service Trade,Other- Service Trade,Y,78.9%,25.0%,0.0%,25.0%,ND,ND
200886,1565170 ONTARIO INC.,103123,"STANFORD INTERNATIONAL COLLEGE OF BUSINESS & TECHNOLOGY, TORONTO/SCARSDALE RD.",TORONTO,M3B 2R2,WELDING 1 SPECIALIST/INSPECTOR,Industrial Trade,Welder,Y,100.0%,ND,ND,ND,ND,ND
200886,1565170 ONTARIO INC.,105599,"STANFORD INTERNATIONAL COLLEGE OF BUSINESS & TECHNOLOGY, UNITS 4/5/6-1011 EGLINTON AVE EAST - MISSISSAUGA",MISSISSAUGA,L4W 1K4,+,,,Y,87.4%,88.4%,62.8%,74.4%,100.0%,7.1%
200886,1565170 ONTARIO INC.,105599,"STANFORD INTERNATIONAL COLLEGE OF BUSINESS & TECHNOLOGY, UNITS 4/5/6-1011 EGLINTON AVE EAST - MISSISSAUGA",MISSISSAUGA,L4W 1K4,GAS FITTER LEVEL 3 (P/T),Service Trade,Other- Service Trade,Y,87.8%,88.9%,61.1%,66.7%,100.0%,ND
200886,1565170 ONTARIO INC.,105599,"STANFORD INTERNATIONAL COLLEGE OF BUSINESS & TECHNOLOGY, UNITS 4/5/6-1011 EGLINTON AVE EAST - MISSISSAUGA",MISSISSAUGA,L4W 1K4,GAS FITTER LEVEL 3,Service Trade,Other- Service Trade,Y,100.0%,100.0%,40.0%,60.0%,ND,ND
200886,1565170 ONTARIO INC.,105599,"STANFORD INTERNATIONAL COLLEGE OF BUSINESS & TECHNOLOGY, UNITS 4/5/6-1011 EGLINTON AVE EAST - MISSISSAUGA",MISSISSAUGA,L4W 1K4,GAS TECHNICIAN G3/G2 (PT),Technical Standards and Safety Authority (TSSA) Restricted Tradesperson,Gas Technician,Y,100.0%,100.0%,75.0%,100.0%,ND,ND
200886,1565170 ONTARIO INC.,105599,"STANFORD INTERNATIONAL COLLEGE OF BUSINESS & TECHNOLOGY, UNITS 4/5/6-1011 EGLINTON AVE EAST - MISSISSAUGA",MISSISSAUGA,L4W 1K4,GAS TECHNICIAN-G3/G2 (FULL TIME),Technical Standards and Safety Authority (TSSA) Restricted Tradesperson,Gas Technician,Y,87.1%,100.0%,80.0%,60.0%,ND,ND
200886,1565170 ONTARIO INC.,105599,"STANFORD INTERNATIONAL COLLEGE OF BUSINESS & TECHNOLOGY, UNITS 4/5/6-1011 EGLINTON AVE EAST - MISSISSAUGA",MISSISSAUGA,L4W 1K4,HVAC TECHNICIAN,Service Trade,Other- Service Trade,Y,68.4%,57.1%,57.1%,85.7%,ND,ND
200886,1565170 ONTARIO INC.,114273,"STANFORD INTERNATIONAL COLLEGE OF BUSINESS AND TECHNOLOGY, BRAMPTON",BRAMPTON,L6S 6B5,+,,,Y,SS,SS,SS,SS,ND,ND
200886,1565170 ONTARIO INC.,114273,"STANFORD INTERNATIONAL COLLEGE OF BUSINESS AND TECHNOLOGY, BRAMPTON",BRAMPTON,L6S 6B5,COMPUTERIZED ACCOUNTING AND PAYROLL ADMINISTRATION,Business,Accounting and Payroll Administration,Y,SS,SS,SS,SS,ND,ND
200905,TORONTO COLLEGE OF DENTAL HYGIENE & AUXILIARIES INC.,102193,"TORONTO COLLEGE OF DENTAL HYGIENE & AUXILIARIES INC., TORONTO",TORONTO,M3J 2B8,+,,,Y,95.1%,77.3%,68.0%,72.9%,100.0%,0.8%
200905,TORONTO COLLEGE OF DENTAL HYGIENE & AUXILIARIES INC.,102193,"TORONTO COLLEGE OF DENTAL HYGIENE & AUXILIARIES INC., TORONTO",TORONTO,M3J 2B8,DENTAL ASSISTING LEVEL II,Health Services,Dental Chairside Assistant,Y,ND,ND,ND,ND,ND,ND
200905,TORONTO COLLEGE OF DENTAL HYGIENE & AUXILIARIES INC.,102193,"TORONTO COLLEGE OF DENTAL HYGIENE & AUXILIARIES INC., TORONTO",TORONTO,M3J 2B8,DENTAL HYGIENE,Health Services,Dental Hygienist,Y,96.1%,77.4%,67.7%,71.6%,100.0%,ND
200905,TORONTO COLLEGE OF DENTAL HYGIENE & AUXILIARIES INC.,102193,"TORONTO COLLEGE OF DENTAL HYGIENE & AUXILIARIES INC., TORONTO",TORONTO,M3J 2B8,INTRA ORAL DENTAL ASSISTING LEVEL I & II,Health Services,Intra-Oral Dental Assistant,Y,78.6%,75.0%,75.0%,100.0%,ND,ND
200908,OFELIA PAGUIRIGAN,+,+,,,+,,,Y,52.8%,83.3%,70.8%,100.0%,ND,ND
200908,OFELIA PAGUIRIGAN,102202,"DAN ROBERT COLLEGE OF HEALTH CARE, TORONTO",TORONTO,M6A 2A4,+,,,Y,52.8%,83.3%,70.8%,100.0%,ND,ND
200908,OFELIA PAGUIRIGAN,102202,"DAN ROBERT COLLEGE OF HEALTH CARE, TORONTO",TORONTO,M6A 2A4,DEVELOPMENTAL SERVICES WORKER,Community and Social Services,Community Services Worker,Y,37.5%,100.0%,100.0%,100.0%,ND,ND
200908,OFELIA PAGUIRIGAN,102202,"DAN ROBERT COLLEGE OF HEALTH CARE, TORONTO",TORONTO,M6A 2A4,EARLY CHILDCARE ASSISTANT PROGRAM,Human Services,Early Childhood Assistant,Y,12.5%,SS,SS,SS,ND,ND
200908,OFELIA PAGUIRIGAN,102202,"DAN ROBERT COLLEGE OF HEALTH CARE, TORONTO",TORONTO,M6A 2A4,NACC PSW 2015 (P/T),Health Services,Personal Support Worker/ Personal Attendant (NACC),Y,66.7%,83.3%,66.7%,100.0%,ND,ND
200908,OFELIA PAGUIRIGAN,102202,"DAN ROBERT COLLEGE OF HEALTH CARE, TORONTO",TORONTO,M6A 2A4,NACC PSW 2015,Health Services,Personal Support Worker/ Personal Attendant (NACC),Y,76.5%,85.7%,85.7%,100.0%,ND,ND
200911,CJ TRADING INTERNATIONAL INC.,+,+,,,+,,,Y,ND,SS,SS,SS,100.0%,ND
200911,CJ TRADING INTERNATIONAL INC.,102208,"VICTORIA INTERNATIONAL COLLEGE OF BUSINESS & TECHNOLOGY, TORONTO",TORONTO,M2J 1P8,+,,,Y,ND,SS,SS,SS,100.0%,ND
200911,CJ TRADING INTERNATIONAL INC.,102208,"VICTORIA INTERNATIONAL COLLEGE OF BUSINESS & TECHNOLOGY, TORONTO",TORONTO,M2J 1P8,NACC PSW 2015,Health Services,Personal Support Worker/ Personal Attendant (NACC),Y,ND,SS,SS,SS,100.0%,ND
200925,METALWORKS INSTITUTE INC.,+,+,,,+,,,Y,57.4%,66.0%,50.9%,70.2%,100.0%,ND
200925,METALWORKS INSTITUTE INC.,102241,"METALWORKS INSTITUTE OF SOUND & MUSIC PRODUCTION, MISSISSAUGA",MISSISSAUGA,L5C 1T7,+,,,Y,57.4%,66.0%,50.9%,70.2%,100.0%,12.0%
200925,METALWORKS INSTITUTE INC.,102241,"METALWORKS INSTITUTE OF SOUND & MUSIC PRODUCTION, MISSISSAUGA",MISSISSAUGA,L5C 1T7,AUDIO PRODUCTION & ENGINEERING (DISTANCE EDUCATION),Applied Arts and Science,Music Production and Recording Arts Technology,Y,ND,ND,ND,ND,ND,ND
200925,METALWORKS INSTITUTE INC.,102241,"METALWORKS INSTITUTE OF SOUND & MUSIC PRODUCTION, MISSISSAUGA",MISSISSAUGA,L5C 1T7,AUDIO PRODUCTION & ENGINEERING (HYBRID),Applied Arts and Science,Music Production and Recording Arts Technology,Y,ND,SS,SS,SS,ND,ND
200925,METALWORKS INSTITUTE INC.,102241,"METALWORKS INSTITUTE OF SOUND & MUSIC PRODUCTION, MISSISSAUGA",MISSISSAUGA,L5C 1T7,AUDIO PRODUCTION & ENGINEERING,Applied Arts and Science,Music Production and Recording Arts Technology,Y,61.6%,37.5%,25.0%,66.7%,ND,ND
200925,METALWORKS INSTITUTE INC.,102241,"METALWORKS INSTITUTE OF SOUND & MUSIC PRODUCTION, MISSISSAUGA",MISSISSAUGA,L5C 1T7,ELECTRONIC MUSIC PRODUCTION,Applied Arts and Science,Music Production and Recording Arts Technology,Y,55.0%,66.7%,11.1%,50.0%,ND,ND
200925,METALWORKS INSTITUTE INC.,102241,"METALWORKS INSTITUTE OF SOUND & MUSIC PRODUCTION, MISSISSAUGA",MISSISSAUGA,L5C 1T7,LIVE EVENT & CONCERT PRODUCTION,Applied Arts and Science,Music Production and Recording Arts Technology,Y,100.0%,100.0%,100.0%,100.0%,ND,ND
200925,METALWORKS INSTITUTE INC.,102241,"METALWORKS INSTITUTE OF SOUND & MUSIC PRODUCTION, MISSISSAUGA",MISSISSAUGA,L5C 1T7,LIVE SOUND,Applied Arts and Science,Music Production and Recording Arts Technology,Y,83.3%,100.0%,100.0%,100.0%,ND,ND
200925,METALWORKS INSTITUTE INC.,102241,"METALWORKS INSTITUTE OF SOUND & MUSIC PRODUCTION, MISSISSAUGA",MISSISSAUGA,L5C 1T7,MUSIC BUSINESS,Business,Other - Business,Y,60.0%,66.7%,66.7%,50.0%,ND,ND
200925,METALWORKS INSTITUTE INC.,102241,"METALWORKS INSTITUTE OF SOUND & MUSIC PRODUCTION, MISSISSAUGA",MISSISSAUGA,L5C 1T7,MUSIC MIXING & MASTERING,Applied Arts and Science,Music Production and Recording Arts Technology,Y,100.0%,50.0%,50.0%,100.0%,ND,ND
200925,METALWORKS INSTITUTE INC.,102241,"METALWORKS INSTITUTE OF SOUND & MUSIC PRODUCTION, MISSISSAUGA",MISSISSAUGA,L5C 1T7,MUSIC PERFORMANCE & TECHNOLOGY,Applied Arts and Science,Performing Arts,Y,10.0%,85.7%,85.7%,42.9%,100.0%,ND
200925,METALWORKS INSTITUTE INC.,102241,"METALWORKS INSTITUTE OF SOUND & MUSIC PRODUCTION, MISSISSAUGA",MISSISSAUGA,L5C 1T7,PROFESSIONAL SOUND & BUSINESS (LIVE PRODUCTION MAJOR),Applied Arts and Science,Music Production and Recording Arts Technology,Y,SS,ND,ND,ND,ND,ND
200925,METALWORKS INSTITUTE INC.,102241,"METALWORKS INSTITUTE OF SOUND & MUSIC PRODUCTION, MISSISSAUGA",MISSISSAUGA,L5C 1T7,PROFESSIONAL SOUND & BUSINESS (STUDIO PRODUCTION MAJOR),Applied Arts and Science,Music Production and Recording Arts Technology,Y,42.3%,75.0%,50.0%,100.0%,ND,ND
200925,METALWORKS INSTITUTE INC.,102241,"METALWORKS INSTITUTE OF SOUND & MUSIC PRODUCTION, MISSISSAUGA",MISSISSAUGA,L5C 1T7,PROFESSIONAL SOUND (AUDIO SPECIALIST),Applied Arts and Science,Music Production and Recording Arts Technology,Y,SS,SS,SS,SS,ND,ND
200925,METALWORKS INSTITUTE INC.,102241,"METALWORKS INSTITUTE OF SOUND & MUSIC PRODUCTION, MISSISSAUGA",MISSISSAUGA,L5C 1T7,STAGE LIGHTING & VIDEO,Applied Arts and Science,Music Production and Recording Arts Technology,Y,SS,SS,SS,SS,ND,ND
200930,YORKVILLE EDUCATION LP,+,+,,,+,,,Y,47.1%,58.1%,29.3%,50.5%,100.0%,ND
200930,YORKVILLE EDUCATION LP,107280,"TORONTO FILM SCHOOL, DAVISVILLE",TORONTO,M4S 1X8,+,,,Y,52.1%,60.0%,50.0%,61.5%,100.0%,8.3%
200930,YORKVILLE EDUCATION LP,107280,"TORONTO FILM SCHOOL, DAVISVILLE",TORONTO,M4S 1X8,FASHION DESIGN,Applied Arts and Science,Fashion/Apparel Design,Y,39.3%,ND,ND,ND,ND,ND
200930,YORKVILLE EDUCATION LP,107280,"TORONTO FILM SCHOOL, DAVISVILLE",TORONTO,M4S 1X8,GRAPHIC DESIGN AND INTERACTIVE MEDIA,Applied Arts and Science,Game/Interactive Media Design,Y,54.3%,60.0%,50.0%,61.5%,100.0%,ND
200930,YORKVILLE EDUCATION LP,107280,"TORONTO FILM SCHOOL, DAVISVILLE",TORONTO,M4S 1X8,MARKETING FOR FASHION AND ENTERTAINMENT,Business,Marketing/Advertising,Y,65.9%,ND,ND,ND,ND,ND
200930,YORKVILLE EDUCATION LP,110740,"TORONTO FILM SCHOOL, DUNDAS SQUARE CAMPUS",TORONTO,M5B 2G9,+,,,Y,45.4%,58.0%,28.0%,49.7%,100.0%,14.3%
200930,YORKVILLE EDUCATION LP,110740,"TORONTO FILM SCHOOL, DUNDAS SQUARE CAMPUS",TORONTO,M5B 2G9,"ACTING FOR FILM, TV & THE THEATER",Applied Arts and Science,Performing Arts,Y,43.7%,61.0%,22.0%,49.2%,ND,ND
200930,YORKVILLE EDUCATION LP,110740,"TORONTO FILM SCHOOL, DUNDAS SQUARE CAMPUS",TORONTO,M5B 2G9,FILM PRODUCTION*,Applied Arts and Science,Event and Media Production/Management,Y,50.0%,57.8%,42.2%,45.3%,100.0%,ND
200930,YORKVILLE EDUCATION LP,110740,"TORONTO FILM SCHOOL, DUNDAS SQUARE CAMPUS",TORONTO,M5B 2G9,GRAPHIC DESIGN AND INTERACTIVE MEDIA,Applied Arts and Science,Game/Interactive Media Design,Y,ND,53.8%,30.8%,71.4%,ND,ND
200930,YORKVILLE EDUCATION LP,110740,"TORONTO FILM SCHOOL, DUNDAS SQUARE CAMPUS",TORONTO,M5B 2G9,VIDEO GAME DESIGN & ANIMATION,Applied Arts and Science,Animations,Y,25.3%,52.9%,23.5%,57.9%,ND,ND
200930,YORKVILLE EDUCATION LP,110740,"TORONTO FILM SCHOOL, DUNDAS SQUARE CAMPUS",TORONTO,M5B 2G9,VIDEO GAME DESIGN & DEVELOPMENT,Applied Arts and Science,Game/Interactive Media Design,Y,37.0%,50.0%,12.5%,25.0%,ND,ND
200930,YORKVILLE EDUCATION LP,110740,"TORONTO FILM SCHOOL, DUNDAS SQUARE CAMPUS",TORONTO,M5B 2G9,WRITING FOR FILM AND TV,Applied Arts and Science,Music Production and Recording Arts Technology,Y,70.8%,60.0%,20.0%,50.0%,ND,ND
200934,ROMY BURFITT,+,+,,,+,,,Y,50.0%,ND,ND,ND,ND,ND
200934,ROMY BURFITT,102267,"COLLEGE OF HEALTH STUDIES, BRAMPTON",BRAMPTON,L6V 1A2,+,,,Y,50.0%,ND,ND,ND,ND,ND
200934,ROMY BURFITT,102267,"COLLEGE OF HEALTH STUDIES, BRAMPTON",BRAMPTON,L6V 1A2,MENTAL HEALTH AND ADDICTIONS COUNSELLING DIPLOMA,Community and Social Services,Community Services Worker,Y,ND,ND,ND,ND,ND,ND
200934,ROMY BURFITT,102267,"COLLEGE OF HEALTH STUDIES, BRAMPTON",BRAMPTON,L6V 1A2,NUTRITION AND DIET THERAPY DIPLOMA ONLINE,Health Services,Other - Health Services,Y,50.0%,ND,ND,ND,ND,ND
200934,ROMY BURFITT,102267,"COLLEGE OF HEALTH STUDIES, BRAMPTON",BRAMPTON,L6V 1A2,NUTRITION AND DIET THERAPY DIPLOMA WITH BASIC AND ADVANCED DIABETIC FOOT CARE ONLINE,Health Services,Other - Health Services,Y,SS,ND,ND,ND,ND,ND
200934,ROMY BURFITT,102267,"COLLEGE OF HEALTH STUDIES, BRAMPTON",BRAMPTON,L6V 1A2,PERSONAL SUPPORT WORKER CERTIFICATE ONLINE HYBRID,Health Services,Personal Support Worker/Personal Attendant,Y,SS,ND,ND,ND,ND,ND
200946,RAELIN MANAGEMENT CONSULTANTS,+,+,,,+,,,Y,64.2%,68.3%,46.3%,85.7%,100.0%,ND
200946,RAELIN MANAGEMENT CONSULTANTS,101286,"ACADEMY OF LEARNING CAREER AND BUSINESS COLLEGE, HAMILTON/MAIN",HAMILTON,L8N 1J7,+,,,Y,64.2%,68.3%,46.3%,85.7%,100.0%,4.0%
200946,RAELIN MANAGEMENT CONSULTANTS,101286,"ACADEMY OF LEARNING CAREER AND BUSINESS COLLEGE, HAMILTON/MAIN",HAMILTON,L8N 1J7,ACCOUNTING AND PAYROLL ADMINISTRATOR,Business,Accounting and Payroll Administration,Y,SS,ND,ND,ND,ND,ND
200946,RAELIN MANAGEMENT CONSULTANTS,101286,"ACADEMY OF LEARNING CAREER AND BUSINESS COLLEGE, HAMILTON/MAIN",HAMILTON,L8N 1J7,ADMINISTRATIVE ASSISTANT,Business,Office Administration,Y,SS,ND,ND,ND,ND,ND
200946,RAELIN MANAGEMENT CONSULTANTS,101286,"ACADEMY OF LEARNING CAREER AND BUSINESS COLLEGE, HAMILTON/MAIN",HAMILTON,L8N 1J7,BUSINESS ADMINISTRATION DIPLOMA,Business,Business Administration,Y,50.0%,SS,SS,SS,ND,ND
200946,RAELIN MANAGEMENT CONSULTANTS,101286,"ACADEMY OF LEARNING CAREER AND BUSINESS COLLEGE, HAMILTON/MAIN",HAMILTON,L8N 1J7,BUSINESS OFFICE ADMINISTRATION,Business,Office Administration,Y,SS,ND,ND,ND,ND,ND
200946,RAELIN MANAGEMENT CONSULTANTS,101286,"ACADEMY OF LEARNING CAREER AND BUSINESS COLLEGE, HAMILTON/MAIN",HAMILTON,L8N 1J7,BUSINESS OFFICE SKILLS,Business,Office Administration,Y,SS,SS,SS,SS,ND,ND
200946,RAELIN MANAGEMENT CONSULTANTS,101286,"ACADEMY OF LEARNING CAREER AND BUSINESS COLLEGE, HAMILTON/MAIN",HAMILTON,L8N 1J7,COMMUNITY SERVICE WORKER VIRTUAL LEARNING,Community and Social Services,Community Services Worker,Y,SS,SS,SS,SS,ND,ND
200946,RAELIN MANAGEMENT CONSULTANTS,101286,"ACADEMY OF LEARNING CAREER AND BUSINESS COLLEGE, HAMILTON/MAIN",HAMILTON,L8N 1J7,COMPUTER AIDED DRAFTING & DESIGN,Applied Arts and Science,Other - Applied Arts and Sciences,Y,77.8%,0.0%,0.0%,33.3%,ND,ND
200946,RAELIN MANAGEMENT CONSULTANTS,101286,"ACADEMY OF LEARNING CAREER AND BUSINESS COLLEGE, HAMILTON/MAIN",HAMILTON,L8N 1J7,COMPUTER SERVICE TECHNICIAN,Computer and Information Technology,Information Technology,Y,SS,ND,ND,ND,ND,ND
200946,RAELIN MANAGEMENT CONSULTANTS,101286,"ACADEMY OF LEARNING CAREER AND BUSINESS COLLEGE, HAMILTON/MAIN",HAMILTON,L8N 1J7,COMPUTERIZED ACCOUNTING,Business,Accounting,Y,SS,SS,SS,SS,ND,ND
200946,RAELIN MANAGEMENT CONSULTANTS,101286,"ACADEMY OF LEARNING CAREER AND BUSINESS COLLEGE, HAMILTON/MAIN",HAMILTON,L8N 1J7,CONFERENCE AND EVENT PLANNER,Business,Hospitality Administration/Management,Y,SS,ND,ND,ND,ND,ND
200946,RAELIN MANAGEMENT CONSULTANTS,101286,"ACADEMY OF LEARNING CAREER AND BUSINESS COLLEGE, HAMILTON/MAIN",HAMILTON,L8N 1J7,CUSTOMER SERVICE AND INFORMATION CLERK,Services,Customer Service/Retail Sales,Y,SS,ND,ND,ND,ND,ND
200946,RAELIN MANAGEMENT CONSULTANTS,101286,"ACADEMY OF LEARNING CAREER AND BUSINESS COLLEGE, HAMILTON/MAIN",HAMILTON,L8N 1J7,DENTAL ADMINISTRATIVE ASSISTANT,Health Services,Office/Clerical/Administration - Dental/Medical,Y,SS,SS,SS,SS,ND,ND
200946,RAELIN MANAGEMENT CONSULTANTS,101286,"ACADEMY OF LEARNING CAREER AND BUSINESS COLLEGE, HAMILTON/MAIN",HAMILTON,L8N 1J7,GRAPHIC DESIGNER,Applied Arts and Science,Graphic Design/Printing,Y,SS,SS,SS,SS,100.0%,ND
200946,RAELIN MANAGEMENT CONSULTANTS,101286,"ACADEMY OF LEARNING CAREER AND BUSINESS COLLEGE, HAMILTON/MAIN",HAMILTON,L8N 1J7,HOME INSPECTION CERTIFICATE,Services,Other - Services,Y,SS,ND,ND,ND,ND,ND
200946,RAELIN MANAGEMENT CONSULTANTS,101286,"ACADEMY OF LEARNING CAREER AND BUSINESS COLLEGE, HAMILTON/MAIN",HAMILTON,L8N 1J7,HOME INSPECTION DIPLOMA,Services,Other - Services,Y,SS,SS,SS,SS,ND,ND
200946,RAELIN MANAGEMENT CONSULTANTS,101286,"ACADEMY OF LEARNING CAREER AND BUSINESS COLLEGE, HAMILTON/MAIN",HAMILTON,L8N 1J7,MARKETING COORDINATOR,Business,Marketing/Advertising,Y,SS,ND,ND,ND,ND,ND
200946,RAELIN MANAGEMENT CONSULTANTS,101286,"ACADEMY OF LEARNING CAREER AND BUSINESS COLLEGE, HAMILTON/MAIN",HAMILTON,L8N 1J7,MEDICAL INFORMATION ASSISTANT CERTIFICATE,Health Services,Medical Office Administration/Management,Y,SS,SS,SS,SS,ND,ND
200946,RAELIN MANAGEMENT CONSULTANTS,101286,"ACADEMY OF LEARNING CAREER AND BUSINESS COLLEGE, HAMILTON/MAIN",HAMILTON,L8N 1J7,MEDICAL OFFICE ADMINISTRATION,Health Services,Medical Office Administration/Management,Y,SS,ND,ND,SS,ND,ND
200946,RAELIN MANAGEMENT CONSULTANTS,101286,"ACADEMY OF LEARNING CAREER AND BUSINESS COLLEGE, HAMILTON/MAIN",HAMILTON,L8N 1J7,MEDICAL OFFICE ASSISTANT WITH CAPSTONE PROJECT,Health Services,Medical Office Administration/Management,Y,ND,SS,SS,ND,ND,ND
200946,RAELIN MANAGEMENT CONSULTANTS,101286,"ACADEMY OF LEARNING CAREER AND BUSINESS COLLEGE, HAMILTON/MAIN",HAMILTON,L8N 1J7,MEDICAL OFFICE ASSISTANT WITH HEALTH UNIT COORDINATOR SPECIALTY,Health Services,Medical Office Administration/Management,Y,SS,ND,ND,ND,ND,ND
200946,RAELIN MANAGEMENT CONSULTANTS,101286,"ACADEMY OF LEARNING CAREER AND BUSINESS COLLEGE, HAMILTON/MAIN",HAMILTON,L8N 1J7,MEDICAL OFFICE ASSISTANT,Health Services,Medical Office Administration/Management,Y,66.7%,SS,SS,SS,ND,ND
200946,RAELIN MANAGEMENT CONSULTANTS,101286,"ACADEMY OF LEARNING CAREER AND BUSINESS COLLEGE, HAMILTON/MAIN",HAMILTON,L8N 1J7,MEDICAL RECEPTIONIST,Health Services,Office/Clerical/Administration - Dental/Medical,Y,100.0%,0.0%,0.0%,50.0%,ND,ND
200946,RAELIN MANAGEMENT CONSULTANTS,101286,"ACADEMY OF LEARNING CAREER AND BUSINESS COLLEGE, HAMILTON/MAIN",HAMILTON,L8N 1J7,NETWORK ADMINISTRATOR,Computer and Information Technology,Network Administration,Y,11.1%,SS,SS,SS,ND,ND
200946,RAELIN MANAGEMENT CONSULTANTS,101286,"ACADEMY OF LEARNING CAREER AND BUSINESS COLLEGE, HAMILTON/MAIN",HAMILTON,L8N 1J7,OFFICE ADMINISTRATION,Business,Office Administration,Y,ND,ND,ND,ND,ND,ND
200946,RAELIN MANAGEMENT CONSULTANTS,101286,"ACADEMY OF LEARNING CAREER AND BUSINESS COLLEGE, HAMILTON/MAIN",HAMILTON,L8N 1J7,PERSONAL SUPPORT WORKER,Health Services,Personal Support Worker/Personal Attendant,Y,68.2%,67.2%,47.5%,94.0%,100.0%,ND
200946,RAELIN MANAGEMENT CONSULTANTS,101286,"ACADEMY OF LEARNING CAREER AND BUSINESS COLLEGE, HAMILTON/MAIN",HAMILTON,L8N 1J7,PROJECT ADMINISTRATION,Business,Project Administration/Management,Y,SS,ND,ND,ND,ND,ND
200946,RAELIN MANAGEMENT CONSULTANTS,101286,"ACADEMY OF LEARNING CAREER AND BUSINESS COLLEGE, HAMILTON/MAIN",HAMILTON,L8N 1J7,SALES PROFESSIONAL,Services,Customer Service/Retail Sales,Y,SS,ND,ND,ND,ND,ND
200946,RAELIN MANAGEMENT CONSULTANTS,101286,"ACADEMY OF LEARNING CAREER AND BUSINESS COLLEGE, HAMILTON/MAIN",HAMILTON,L8N 1J7,WEB DESIGNER,Computer and Information Technology,Information Technology,Y,SS,ND,ND,ND,ND,ND
200960,CITY TRUCK & FORKLIFT DRIVING SCHOOL LTD.,+,+,,,+,,,Y,11.1%,ND,ND,ND,ND,ND
200960,CITY TRUCK & FORKLIFT DRIVING SCHOOL LTD.,101476,"CITY TRUCK & FORKLIFT DRIVING SCHOOL LTD., TORONTO",TORONTO,M9W 0A2,+,,,Y,11.1%,ND,ND,ND,ND,ND
200960,CITY TRUCK & FORKLIFT DRIVING SCHOOL LTD.,101476,"CITY TRUCK & FORKLIFT DRIVING SCHOOL LTD., TORONTO",TORONTO,M9W 0A2,ENTRY-LEVEL TRUCK TRAINING PROGRAM,Tractor-Trailer / Driver Licensing,A Class Truck Driver,Y,11.6%,ND,ND,ND,ND,ND
200960,CITY TRUCK & FORKLIFT DRIVING SCHOOL LTD.,101476,"CITY TRUCK & FORKLIFT DRIVING SCHOOL LTD., TORONTO",TORONTO,M9W 0A2,TRACTOR TRAILER DRIVER TRAINING,Tractor-Trailer / Driver Licensing,A Class Truck Driver,Y,SS,ND,ND,ND,ND,ND
200962,1472359 ONTARIO LTD.,+,+,,,+,,,Y,15.4%,80.0%,50.0%,83.3%,ND,ND
200962,1472359 ONTARIO LTD.,101512,"IBT COLLEGE BUSINESS TRAVEL & TOURISM TECHNOLOGY, TORONTO",TORONTO,M2N 7E7,+,,,Y,15.4%,80.0%,50.0%,83.3%,ND,ND
200962,1472359 ONTARIO LTD.,101512,"IBT COLLEGE BUSINESS TRAVEL & TOURISM TECHNOLOGY, TORONTO",TORONTO,M2N 7E7,ADMINISTRATIVE ASSISTANT,Business,Office Administration,Y,SS,ND,ND,ND,ND,ND
200962,1472359 ONTARIO LTD.,101512,"IBT COLLEGE BUSINESS TRAVEL & TOURISM TECHNOLOGY, TORONTO",TORONTO,M2N 7E7,BUSINESS ADMINISTRATION,Business,Business Administration,Y,SS,SS,SS,SS,ND,ND
200962,1472359 ONTARIO LTD.,101512,"IBT COLLEGE BUSINESS TRAVEL & TOURISM TECHNOLOGY, TORONTO",TORONTO,M2N 7E7,BUSINESS MANAGEMENT & ENTREPRENEURSHIP DIPLOMA PT,Business,Business Management,Y,ND,SS,SS,SS,ND,ND
200962,1472359 ONTARIO LTD.,101512,"IBT COLLEGE BUSINESS TRAVEL & TOURISM TECHNOLOGY, TORONTO",TORONTO,M2N 7E7,BUSINESS MANAGEMENT AND ENTREPENEURSHIP,Business,Business Management,Y,9.1%,SS,SS,SS,ND,ND
200962,1472359 ONTARIO LTD.,101512,"IBT COLLEGE BUSINESS TRAVEL & TOURISM TECHNOLOGY, TORONTO",TORONTO,M2N 7E7,FLIGHT ATTENDANT,Human Services,Other - Human Services,Y,66.7%,100.0%,0.0%,100.0%,ND,ND
200962,1472359 ONTARIO LTD.,101512,"IBT COLLEGE BUSINESS TRAVEL & TOURISM TECHNOLOGY, TORONTO",TORONTO,M2N 7E7,MICROSOFT .NET TECHNOLOGY SPECIALIST,Computer and Information Technology,Information Technology,Y,SS,SS,SS,SS,ND,ND
200962,1472359 ONTARIO LTD.,101512,"IBT COLLEGE BUSINESS TRAVEL & TOURISM TECHNOLOGY, TORONTO",TORONTO,M2N 7E7,MICROSOFT CERTIFIED SYSTEMS ENGINEER (MCSE),Computer and Information Technology,Computer Engineering and Programming,Y,SS,ND,ND,ND,ND,ND
200962,1472359 ONTARIO LTD.,101512,"IBT COLLEGE BUSINESS TRAVEL & TOURISM TECHNOLOGY, TORONTO",TORONTO,M2N 7E7,NETWORK ADMINISTRATOR,Computer and Information Technology,Network Administration,Y,SS,ND,ND,ND,ND,ND
200962,1472359 ONTARIO LTD.,101512,"IBT COLLEGE BUSINESS TRAVEL & TOURISM TECHNOLOGY, TORONTO",TORONTO,M2N 7E7,NETWORK ENGINEERING,Computer and Information Technology,Computer Engineering and Programming,Y,SS,ND,ND,ND,ND,ND
200962,1472359 ONTARIO LTD.,101512,"IBT COLLEGE BUSINESS TRAVEL & TOURISM TECHNOLOGY, TORONTO",TORONTO,M2N 7E7,PROGRAMMER/ANALYST,Computer and Information Technology,Computer Engineering and Programming,Y,SS,SS,SS,SS,ND,ND
200962,1472359 ONTARIO LTD.,101512,"IBT COLLEGE BUSINESS TRAVEL & TOURISM TECHNOLOGY, TORONTO",TORONTO,M2N 7E7,TRAVEL & TOURISM PT,Services,Travel and Tourism,Y,ND,SS,SS,SS,ND,ND
200962,1472359 ONTARIO LTD.,101512,"IBT COLLEGE BUSINESS TRAVEL & TOURISM TECHNOLOGY, TORONTO",TORONTO,M2N 7E7,TRAVEL AND TOURISM DIPLOMA,Services,Travel and Tourism,Y,5.9%,ND,ND,ND,ND,ND
201007,ACAMEDICA INC.,+,+,,,+,,,Y,23.8%,87.0%,87.0%,100.0%,100.0%,ND
201007,ACAMEDICA INC.,102098,"TORONTO HEALTH SCHOOL, TORONTO",TORONTO,M3H 3M7,+,,,Y,33.3%,89.5%,89.5%,100.0%,100.0%,ND
201007,ACAMEDICA INC.,102098,"TORONTO HEALTH SCHOOL, TORONTO",TORONTO,M3H 3M7,NACC PSW 2015,Health Services,Personal Support Worker/ Personal Attendant (NACC),Y,33.3%,89.5%,89.5%,100.0%,100.0%,ND
201007,ACAMEDICA INC.,125141,"TORONTO HEALTH SCHOOL, KITCHENER",KITCHENER,N2G 1G4,+,,,Y,6.7%,SS,SS,SS,ND,ND
201007,ACAMEDICA INC.,125141,"TORONTO HEALTH SCHOOL, KITCHENER",KITCHENER,N2G 1G4,NACC PSW 2015 (PART-TIME),Health Services,Personal Support Worker/ Personal Attendant (NACC),Y,6.7%,SS,SS,SS,ND,ND
201016,S & A SPRINT DRIVING SCHOOL INC.,+,+,,,+,,,Y,96.6%,76.9%,76.9%,84.6%,100.0%,ND
201016,S & A SPRINT DRIVING SCHOOL INC.,101278,"S & A SPRINT DRIVING SCHOOL INC., TORONTO",TORONTO,M2R 1Z3,+,,,Y,96.6%,76.9%,76.9%,84.6%,100.0%,ND
201016,S & A SPRINT DRIVING SCHOOL INC.,101278,"S & A SPRINT DRIVING SCHOOL INC., TORONTO",TORONTO,M2R 1Z3,AZ TRACTOR-TRAILER (MELT),Tractor-Trailer / Driver Licensing,AZ Class Truck Driver,Y,96.4%,76.9%,76.9%,84.6%,100.0%,ND
201016,S & A SPRINT DRIVING SCHOOL INC.,101278,"S & A SPRINT DRIVING SCHOOL INC., TORONTO",TORONTO,M2R 1Z3,AZ TRUCK DRIVER TRAINING,Tractor-Trailer / Driver Licensing,AZ Class Truck Driver,Y,SS,ND,ND,ND,ND,ND
201020,CLAIRE LOMBARDO,+,+,,,+,,,Y,SS,ND,ND,ND,ND,ND
201020,CLAIRE LOMBARDO,101527,"HAMILTON SCHOOL OF CAREERS & HAMILTON INSTITUTE OF TECHNOLOGY, HAMILTON",HAMILTON,L8L 2Z2,+,,,Y,SS,ND,ND,ND,ND,ND
201020,CLAIRE LOMBARDO,101527,"HAMILTON SCHOOL OF CAREERS & HAMILTON INSTITUTE OF TECHNOLOGY, HAMILTON",HAMILTON,L8L 2Z2,BAR & RESTAURANT MGMT.,Services,Bartending,Y,SS,ND,ND,ND,ND,ND
201020,CLAIRE LOMBARDO,101527,"HAMILTON SCHOOL OF CAREERS & HAMILTON INSTITUTE OF TECHNOLOGY, HAMILTON",HAMILTON,L8L 2Z2,ESTHETICIAN PROGRAM,Human Services,Esthetics/Medical Esthetics,Y,SS,ND,ND,ND,ND,ND
201027,1326318 ONTARIO INC.,+,+,,,+,,,Y,92.6%,69.5%,38.9%,68.7%,80.0%,ND
201027,1326318 ONTARIO INC.,102261,"METRO COLLEGE OF TECHNOLOGY, TORONTO/COLLEGE ST.",TORONTO,M3C 1T5,+,,,Y,92.6%,69.5%,38.9%,68.7%,80.0%,2.1%
201027,1326318 ONTARIO INC.,102261,"METRO COLLEGE OF TECHNOLOGY, TORONTO/COLLEGE ST.",TORONTO,M3C 1T5,ACCOUNTING AND PAYROLL ADMINISTRATION,Business,Accounting and Payroll Administration,Y,SS,SS,SS,SS,ND,ND
201027,1326318 ONTARIO INC.,102261,"METRO COLLEGE OF TECHNOLOGY, TORONTO/COLLEGE ST.",TORONTO,M3C 1T5,CIVIL ENGINEERING DESIGN AND TECHNOLOGY,Applied Arts and Science,Other - Applied Arts and Sciences,Y,SS,SS,SS,SS,ND,ND
201027,1326318 ONTARIO INC.,102261,"METRO COLLEGE OF TECHNOLOGY, TORONTO/COLLEGE ST.",TORONTO,M3C 1T5,CLOUD COMPUTING AND APPLICATION - ADVANCED DIPLOMA,Computer and Information Technology,Information Technology,Y,92.9%,100.0%,40.0%,20.0%,100.0%,ND
201027,1326318 ONTARIO INC.,102261,"METRO COLLEGE OF TECHNOLOGY, TORONTO/COLLEGE ST.",TORONTO,M3C 1T5,CNC AND MASTERCAM TECHNOLOGY,Computer and Information Technology,Information Technology,Y,84.6%,87.5%,75.0%,87.5%,100.0%,ND
201027,1326318 ONTARIO INC.,102261,"METRO COLLEGE OF TECHNOLOGY, TORONTO/COLLEGE ST.",TORONTO,M3C 1T5,COMPUTERIZED ACCOUNTING & OFFICE ADMIN.,Business,Accounting,Y,100.0%,85.7%,71.4%,100.0%,100.0%,ND
201027,1326318 ONTARIO INC.,102261,"METRO COLLEGE OF TECHNOLOGY, TORONTO/COLLEGE ST.",TORONTO,M3C 1T5,DATA SCIENCE AND APPLICATION - ADVANCED DIPLOMA,Computer and Information Technology,Other - Information Technology,Y,96.0%,67.6%,47.1%,66.7%,100.0%,ND
201027,1326318 ONTARIO INC.,102261,"METRO COLLEGE OF TECHNOLOGY, TORONTO/COLLEGE ST.",TORONTO,M3C 1T5,MECHANICAL ENGINEERING DESIGN AND TECHNOLOGY,Computer and Information Technology,Other - Information Technology,Y,75.0%,100.0%,100.0%,100.0%,0.0%,ND
201027,1326318 ONTARIO INC.,102261,"METRO COLLEGE OF TECHNOLOGY, TORONTO/COLLEGE ST.",TORONTO,M3C 1T5,NETWORK AND CLOUD ADMINISTRATION,Computer and Information Technology,Network Administration,Y,85.7%,83.3%,0.0%,83.3%,ND,ND
201027,1326318 ONTARIO INC.,102261,"METRO COLLEGE OF TECHNOLOGY, TORONTO/COLLEGE ST.",TORONTO,M3C 1T5,SAP FICO ACCOUNTING SYSTEM - ADVANCED DIPLOMA,Business,Accounting,Y,100.0%,50.0%,0.0%,60.0%,ND,ND
201027,1326318 ONTARIO INC.,102261,"METRO COLLEGE OF TECHNOLOGY, TORONTO/COLLEGE ST.",TORONTO,M3C 1T5,SAP SUPPLY CHAIN MANAGEMENT (SAP SCM),Business,Supply Chain Management and Logistics,Y,91.7%,75.0%,16.7%,53.8%,ND,ND
201027,1326318 ONTARIO INC.,102261,"METRO COLLEGE OF TECHNOLOGY, TORONTO/COLLEGE ST.",TORONTO,M3C 1T5,STRUCTURAL ENGINEERING DESIGN AND TECHNOLOGY,Service Trade,Other- Service Trade,Y,93.3%,54.5%,36.4%,63.6%,ND,ND
201034,CANADIAN INSTITUTE OF TELECOMMUNICATIONS INC.,+,+,,,+,,,Y,54.2%,77.7%,56.6%,81.3%,87.5%,ND
201034,CANADIAN INSTITUTE OF TELECOMMUNICATIONS INC.,101279,"CIMT COLLEGE, MALTON",MISSISSAUGA,L4T 2T7,+,,,Y,54.9%,74.0%,54.5%,81.0%,80.0%,ND
201034,CANADIAN INSTITUTE OF TELECOMMUNICATIONS INC.,101279,"CIMT COLLEGE, MALTON",MISSISSAUGA,L4T 2T7,ACCOUNTING ADMINISTRATION,Business,Accounting and Payroll Administration,Y,40.0%,ND,ND,ND,ND,ND
201034,CANADIAN INSTITUTE OF TELECOMMUNICATIONS INC.,101279,"CIMT COLLEGE, MALTON",MISSISSAUGA,L4T 2T7,ARTIFICIAL INTELLIGENCE,Computer and Information Technology,Information Technology,Y,SS,SS,SS,SS,ND,ND
201034,CANADIAN INSTITUTE OF TELECOMMUNICATIONS INC.,101279,"CIMT COLLEGE, MALTON",MISSISSAUGA,L4T 2T7,BUSINESS ADMINISTRATION,Business,Business Administration,Y,50.0%,SS,SS,ND,ND,ND
201034,CANADIAN INSTITUTE OF TELECOMMUNICATIONS INC.,101279,"CIMT COLLEGE, MALTON",MISSISSAUGA,L4T 2T7,BUSINESS MANAGEMENT,Business,Business Management,Y,33.3%,ND,ND,SS,ND,ND
201034,CANADIAN INSTITUTE OF TELECOMMUNICATIONS INC.,101279,"CIMT COLLEGE, MALTON",MISSISSAUGA,L4T 2T7,DATA SCIENCE AND BIG DATA,Computer and Information Technology,Information Technology,Y,SS,SS,SS,SS,ND,ND
201034,CANADIAN INSTITUTE OF TELECOMMUNICATIONS INC.,101279,"CIMT COLLEGE, MALTON",MISSISSAUGA,L4T 2T7,DENTAL OFFICE ADMINISTRATION (14 WEEKS)*,Health Services,Dental Office Administration,Y,88.9%,See combined program results below,See combined program results below,See combined program results below,See combined program results below,ND
201034,CANADIAN INSTITUTE OF TELECOMMUNICATIONS INC.,101279,"CIMT COLLEGE, MALTON",MISSISSAUGA,L4T 2T7,DENTAL OFFICE ADMINISTRATION (23 WEEKS)*,Health Services,Dental Office Administration,Y,80.0%,See combined program results below,See combined program results below,See combined program results below,See combined program results below,ND
201034,CANADIAN INSTITUTE OF TELECOMMUNICATIONS INC.,101279,"CIMT COLLEGE, MALTON",MISSISSAUGA,L4T 2T7,DENTAL OFFICE ADMINISTRATION (COMBINED 14 WEEKS AND 23 WEEKS)**,Health Services,Dental Office Administration,Y,See program results above,100.0%,50.0%,80.0%,ND,See program results above
201034,CANADIAN INSTITUTE OF TELECOMMUNICATIONS INC.,101279,"CIMT COLLEGE, MALTON",MISSISSAUGA,L4T 2T7,DENTAL OFFICE ADMINISTRATION WITH INTERNSHIP,Health Services,Dental Office Administration,Y,80.0%,SS,SS,SS,ND,ND
201034,CANADIAN INSTITUTE OF TELECOMMUNICATIONS INC.,101279,"CIMT COLLEGE, MALTON",MISSISSAUGA,L4T 2T7,EARLY CHILDCARE ASSISTANT,Human Services,Early Childhood Assistant,Y,18.2%,SS,SS,SS,ND,ND
201034,CANADIAN INSTITUTE OF TELECOMMUNICATIONS INC.,101279,"CIMT COLLEGE, MALTON",MISSISSAUGA,L4T 2T7,FOOD SERVICE WORKER (14 WEEKS)*,Services,Customer Service/Retail Sales,Y,65.7%,See combined program results below,See combined program results below,See combined program results below,See combined program results below,ND
201034,CANADIAN INSTITUTE OF TELECOMMUNICATIONS INC.,101279,"CIMT COLLEGE, MALTON",MISSISSAUGA,L4T 2T7,FOOD SERVICE WORKER (26 WEEKS)*,Services,Customer Service/Retail Sales,Y,76.5%,See combined program results below,See combined program results below,See combined program results below,See combined program results below,ND
201034,CANADIAN INSTITUTE OF TELECOMMUNICATIONS INC.,101279,"CIMT COLLEGE, MALTON",MISSISSAUGA,L4T 2T7,FOOD SERVICE WORKER (COMBINED 14 WEEKS AND 26 WEEKS)**,Services,Customer Service/Retail Sales,Y,See program results above,87.5%,68.8%,82.4%,100.0%,See program results above
201034,CANADIAN INSTITUTE OF TELECOMMUNICATIONS INC.,101279,"CIMT COLLEGE, MALTON",MISSISSAUGA,L4T 2T7,LEGAL OFFICE ADMINISTRATION,Law and Public Safety,Legal Office Administration,Y,SS,ND,ND,ND,ND,ND
201034,CANADIAN INSTITUTE OF TELECOMMUNICATIONS INC.,101279,"CIMT COLLEGE, MALTON",MISSISSAUGA,L4T 2T7,MEDICAL OFFICE ADMINISTRATION (PART TIME),Health Services,Medical Office Administration/Management,Y,SS,ND,ND,ND,ND,ND
201034,CANADIAN INSTITUTE OF TELECOMMUNICATIONS INC.,101279,"CIMT COLLEGE, MALTON",MISSISSAUGA,L4T 2T7,MEDICAL OFFICE ADMINISTRATION (20 WEEKS)*,Health Services,Medical Office Administration/Management,Y,SS,See combined program results below,See combined program results below,See combined program results below,See combined program results below,ND
201034,CANADIAN INSTITUTE OF TELECOMMUNICATIONS INC.,101279,"CIMT COLLEGE, MALTON",MISSISSAUGA,L4T 2T7,MEDICAL OFFICE ADMINISTRATION (34 WEEKS)*,Health Services,Medical Office Administration/Management,Y,40.0%,See combined program results below,See combined program results below,See combined program results below,See combined program results below,ND
201034,CANADIAN INSTITUTE OF TELECOMMUNICATIONS INC.,101279,"CIMT COLLEGE, MALTON",MISSISSAUGA,L4T 2T7,MEDICAL OFFICE ADMINISTRATION (COMBINED 20 WEEKS AND 34 WEEKS)**,Health Services,Medical Office Administration/Management,Y,See program results above,80.0%,40.0%,100.0%,0.0%,See program results above
201034,CANADIAN INSTITUTE OF TELECOMMUNICATIONS INC.,101279,"CIMT COLLEGE, MALTON",MISSISSAUGA,L4T 2T7,MEDICAL OFFICE ADMINISTRATION WITH HEALTH UNIT COORDINATING,Health Services,Medical Office Administration/Management,Y,70.6%,60.0%,30.0%,70.0%,ND,ND
201034,CANADIAN INSTITUTE OF TELECOMMUNICATIONS INC.,101279,"CIMT COLLEGE, MALTON",MISSISSAUGA,L4T 2T7,NETWORK ADMINISTRATION,Computer and Information Technology,Network Administration,Y,40.0%,SS,SS,SS,ND,ND
201034,CANADIAN INSTITUTE OF TELECOMMUNICATIONS INC.,101279,"CIMT COLLEGE, MALTON",MISSISSAUGA,L4T 2T7,PERSONAL SUPPORT WORKER (PART TIME),Health Services,Personal Support Worker/Personal Attendant,Y,50.0%,ND,ND,ND,ND,ND
201034,CANADIAN INSTITUTE OF TELECOMMUNICATIONS INC.,101279,"CIMT COLLEGE, MALTON",MISSISSAUGA,L4T 2T7,PERSONAL SUPPORT WORKER (28 WEEKS)*,Health Services,Personal Support Worker/Personal Attendant,Y,47.1%,See combined program results below,See combined program results below,See combined program results below,See combined program results below,ND
201034,CANADIAN INSTITUTE OF TELECOMMUNICATIONS INC.,101279,"CIMT COLLEGE, MALTON",MISSISSAUGA,L4T 2T7,PERSONAL SUPPORT WORKER (44 WEEKS)*,Health Services,Personal Support Worker/Personal Attendant,Y,SS,See combined program results below,See combined program results below,See combined program results below,See combined program results below,ND
201034,CANADIAN INSTITUTE OF TELECOMMUNICATIONS INC.,101279,"CIMT COLLEGE, MALTON",MISSISSAUGA,L4T 2T7,PERSONAL SUPPORT WORKER (COMBINED 28 WEEKS AND 44 WEEKS)**,Health Services,Personal Support Worker/Personal Attendant,Y,See program results above,80.0%,68.0%,86.2%,100.0%,See program results above
201034,CANADIAN INSTITUTE OF TELECOMMUNICATIONS INC.,101279,"CIMT COLLEGE, MALTON",MISSISSAUGA,L4T 2T7,PERSONAL SUPPORT WORKER BRIDGING,Health Services,Personal Support Worker/Personal Attendant,Y,66.7%,100.0%,100.0%,100.0%,100.0%,ND
201034,CANADIAN INSTITUTE OF TELECOMMUNICATIONS INC.,101279,"CIMT COLLEGE, MALTON",MISSISSAUGA,L4T 2T7,POST GRADUATE DIPLOMA IN BUSINESS MANAGEMENT,Business,Business Management,Y,23.5%,SS,SS,SS,ND,ND
201034,CANADIAN INSTITUTE OF TELECOMMUNICATIONS INC.,101279,"CIMT COLLEGE, MALTON",MISSISSAUGA,L4T 2T7,POST GRADUATE DIPLOMA IN NETWORK ADMINISTRATION,Computer and Information Technology,Network Administration,Y,SS,ND,ND,ND,ND,ND
201034,CANADIAN INSTITUTE OF TELECOMMUNICATIONS INC.,101279,"CIMT COLLEGE, MALTON",MISSISSAUGA,L4T 2T7,RENOVATION AND CONSTRUCTION TECHNICIAN,Construction Trade,Construction,Y,41.7%,ND,ND,ND,ND,ND
201034,CANADIAN INSTITUTE OF TELECOMMUNICATIONS INC.,101279,"CIMT COLLEGE, MALTON",MISSISSAUGA,L4T 2T7,TELECOMMUNICATIONS TECHNICIAN,Service Trade,Other- Service Trade,Y,100.0%,0.0%,0.0%,100.0%,ND,ND
201034,CANADIAN INSTITUTE OF TELECOMMUNICATIONS INC.,103222,"CIMT COLLEGE, BRAMPTON",BRAMPTON,L6Y 0P6,+,,,Y,53.4%,77.2%,55.7%,80.2%,100.0%,ND
201034,CANADIAN INSTITUTE OF TELECOMMUNICATIONS INC.,103222,"CIMT COLLEGE, BRAMPTON",BRAMPTON,L6Y 0P6,ACCOUNTING ADMINISTRATION,Business,Accounting and Payroll Administration,Y,55.6%,33.3%,0.0%,0.0%,ND,ND
201034,CANADIAN INSTITUTE OF TELECOMMUNICATIONS INC.,103222,"CIMT COLLEGE, BRAMPTON",BRAMPTON,L6Y 0P6,BUSINESS ADMINISTRATION,Business,Business Administration,Y,SS,SS,SS,SS,ND,ND
201034,CANADIAN INSTITUTE OF TELECOMMUNICATIONS INC.,103222,"CIMT COLLEGE, BRAMPTON",BRAMPTON,L6Y 0P6,BUSINESS MANAGEMENT,Business,Business Management,Y,28.6%,ND,ND,ND,ND,ND
201034,CANADIAN INSTITUTE OF TELECOMMUNICATIONS INC.,103222,"CIMT COLLEGE, BRAMPTON",BRAMPTON,L6Y 0P6,COMMUNITY SERVICE AND ADDICTIONS WORKER,Community and Social Services,Community Services Worker,Y,40.0%,33.3%,0.0%,66.7%,ND,ND
201034,CANADIAN INSTITUTE OF TELECOMMUNICATIONS INC.,103222,"CIMT COLLEGE, BRAMPTON",BRAMPTON,L6Y 0P6,EARLY CHILDCARE ASSISTANT,Human Services,Early Childhood Assistant,Y,0.0%,SS,SS,SS,ND,ND
201034,CANADIAN INSTITUTE OF TELECOMMUNICATIONS INC.,103222,"CIMT COLLEGE, BRAMPTON",BRAMPTON,L6Y 0P6,ESTHETICS,Human Services,Esthetics/Medical Esthetics,Y,12.5%,SS,SS,SS,ND,ND
201034,CANADIAN INSTITUTE OF TELECOMMUNICATIONS INC.,103222,"CIMT COLLEGE, BRAMPTON",BRAMPTON,L6Y 0P6,FOOD SERVICE WORKER,Services,Customer Service/Retail Sales,Y,63.4%,83.3%,55.6%,72.2%,100.0%,ND
201034,CANADIAN INSTITUTE OF TELECOMMUNICATIONS INC.,103222,"CIMT COLLEGE, BRAMPTON",BRAMPTON,L6Y 0P6,MEDICAL OFFICE ADMINISTRATION WITH HEALTH UNIT COORDINATING,Health Services,Medical Office Administration/Management,Y,61.5%,75.0%,37.5%,87.5%,ND,ND
201034,CANADIAN INSTITUTE OF TELECOMMUNICATIONS INC.,103222,"CIMT COLLEGE, BRAMPTON",BRAMPTON,L6Y 0P6,MEDICAL OFFICE ADMINISTRATION,Health Services,Medical Office Administration/Management,Y,SS,37.5%,37.5%,62.5%,ND,ND
201034,CANADIAN INSTITUTE OF TELECOMMUNICATIONS INC.,103222,"CIMT COLLEGE, BRAMPTON",BRAMPTON,L6Y 0P6,PARALEGAL,Law and Public Safety,Paralegal,Y,60.6%,100.0%,100.0%,66.7%,ND,ND
201034,CANADIAN INSTITUTE OF TELECOMMUNICATIONS INC.,103222,"CIMT COLLEGE, BRAMPTON",BRAMPTON,L6Y 0P6,PERSONAL SUPPORT WORKER (PART TIME),Health Services,Personal Support Worker/Personal Attendant,Y,45.5%,ND,ND,100.0%,ND,ND
201034,CANADIAN INSTITUTE OF TELECOMMUNICATIONS INC.,103222,"CIMT COLLEGE, BRAMPTON",BRAMPTON,L6Y 0P6,PERSONAL SUPPORT WORKER BRIDGING,Health Services,Personal Support Worker/Personal Attendant,Y,75.0%,100.0%,50.0%,100.0%,ND,ND
201034,CANADIAN INSTITUTE OF TELECOMMUNICATIONS INC.,103222,"CIMT COLLEGE, BRAMPTON",BRAMPTON,L6Y 0P6,PERSONAL SUPPORT WORKER,Health Services,Personal Support Worker/Personal Attendant,Y,52.3%,88.9%,77.8%,96.7%,ND,ND
201034,CANADIAN INSTITUTE OF TELECOMMUNICATIONS INC.,103222,"CIMT COLLEGE, BRAMPTON",BRAMPTON,L6Y 0P6,POST GRADUATE DIPLOMA IN SALES AND MARKETING,Business,Marketing/Advertising,Y,SS,ND,ND,ND,ND,ND
201034,CANADIAN INSTITUTE OF TELECOMMUNICATIONS INC.,103222,"CIMT COLLEGE, BRAMPTON",BRAMPTON,L6Y 0P6,SUPPLY CHAIN AND LOGISTICS MANAGEMENT,Business,Supply Chain Management and Logistics,Y,SS,ND,ND,ND,ND,ND
201034,CANADIAN INSTITUTE OF TELECOMMUNICATIONS INC.,146554,"CIMT COLLEGE, MISSISSAUGA",MISSISSAUGA,L5B 3J2,+,,,Y,60.0%,71.8%,43.6%,77.5%,100.0%,ND
201034,CANADIAN INSTITUTE OF TELECOMMUNICATIONS INC.,146554,"CIMT COLLEGE, MISSISSAUGA",MISSISSAUGA,L5B 3J2,ACCOUNTING ADMINISTRATION,Business,Accounting and Payroll Administration,Y,SS,SS,SS,SS,ND,ND
201034,CANADIAN INSTITUTE OF TELECOMMUNICATIONS INC.,146554,"CIMT COLLEGE, MISSISSAUGA",MISSISSAUGA,L5B 3J2,BUSINESS ADMINISTRATION,Business,Business Administration,Y,100.0%,40.0%,0.0%,25.0%,ND,ND
201034,CANADIAN INSTITUTE OF TELECOMMUNICATIONS INC.,146554,"CIMT COLLEGE, MISSISSAUGA",MISSISSAUGA,L5B 3J2,BUSINESS MANAGEMENT,Business,Business Management,Y,SS,ND,ND,ND,ND,ND
201034,CANADIAN INSTITUTE OF TELECOMMUNICATIONS INC.,146554,"CIMT COLLEGE, MISSISSAUGA",MISSISSAUGA,L5B 3J2,DENTAL OFFICE ADMINISTRATION,Health Services,Dental Office Administration,Y,77.8%,40.0%,20.0%,100.0%,ND,ND
201034,CANADIAN INSTITUTE OF TELECOMMUNICATIONS INC.,146554,"CIMT COLLEGE, MISSISSAUGA",MISSISSAUGA,L5B 3J2,EARLY CHILDCARE ASSISTANT,Human Services,Early Childhood Assistant,Y,46.2%,100.0%,100.0%,100.0%,ND,ND
201034,CANADIAN INSTITUTE OF TELECOMMUNICATIONS INC.,146554,"CIMT COLLEGE, MISSISSAUGA",MISSISSAUGA,L5B 3J2,FOOD SERVICE WORKER (14 WEEKS)*,Services,Customer Service/Retail Sales,Y,61.1%,See combined program results below,See combined program results below,See combined program results below,See combined program results below,ND
201034,CANADIAN INSTITUTE OF TELECOMMUNICATIONS INC.,146554,"CIMT COLLEGE, MISSISSAUGA",MISSISSAUGA,L5B 3J2,FOOD SERVICE WORKER (26 WEEKS)*,Services,Customer Service/Retail Sales,Y,80.0%,See combined program results below,See combined program results below,See combined program results below,See combined program results below,ND
201034,CANADIAN INSTITUTE OF TELECOMMUNICATIONS INC.,146554,"CIMT COLLEGE, MISSISSAUGA",MISSISSAUGA,L5B 3J2,FOOD SERVICE WORKER (COMBINED 14 WEEKS AND 26 WEEKS)**,Services,Customer Service/Retail Sales,Y,See program results above,83.3%,83.3%,83.3%,100.0%,See program results above
201034,CANADIAN INSTITUTE OF TELECOMMUNICATIONS INC.,146554,"CIMT COLLEGE, MISSISSAUGA",MISSISSAUGA,L5B 3J2,MEDICAL OFFICE ADMINISTRATION WITH HEALTH UNIT COORDINATING,Health Services,Medical Office Administration/Management,Y,44.4%,SS,SS,SS,ND,ND
201034,CANADIAN INSTITUTE OF TELECOMMUNICATIONS INC.,146554,"CIMT COLLEGE, MISSISSAUGA",MISSISSAUGA,L5B 3J2,MEDICAL OFFICE ADMINISTRATION,Health Services,Medical Office Administration/Management,Y,90.0%,40.0%,20.0%,100.0%,ND,ND
201034,CANADIAN INSTITUTE OF TELECOMMUNICATIONS INC.,146554,"CIMT COLLEGE, MISSISSAUGA",MISSISSAUGA,L5B 3J2,NETWORK ADMINISTRATION,Computer and Information Technology,Network Administration,Y,SS,SS,SS,SS,ND,ND
201034,CANADIAN INSTITUTE OF TELECOMMUNICATIONS INC.,146554,"CIMT COLLEGE, MISSISSAUGA",MISSISSAUGA,L5B 3J2,PERSONAL SUPPORT WORKER (PART TIME),Health Services,Personal Support Worker/Personal Attendant,Y,42.9%,ND,ND,ND,ND,ND
201034,CANADIAN INSTITUTE OF TELECOMMUNICATIONS INC.,146554,"CIMT COLLEGE, MISSISSAUGA",MISSISSAUGA,L5B 3J2,PERSONAL SUPPORT WORKER (28 WEEKS)*,Health Services,Personal Support Worker/Personal Attendant,Y,45.2%,See combined program results below,See combined program results below,See combined program results below,See combined program results below,ND
201034,CANADIAN INSTITUTE OF TELECOMMUNICATIONS INC.,146554,"CIMT COLLEGE, MISSISSAUGA",MISSISSAUGA,L5B 3J2,PERSONAL SUPPORT WORKER (44 WEEKS)*,Health Services,Personal Support Worker/Personal Attendant,Y,SS,See combined program results below,See combined program results below,See combined program results below,See combined program results below,ND
201034,CANADIAN INSTITUTE OF TELECOMMUNICATIONS INC.,146554,"CIMT COLLEGE, MISSISSAUGA",MISSISSAUGA,L5B 3J2,PERSONAL SUPPORT WORKER (COMBINED 28 WEEKS AND 44 WEEKS)**,Health Services,Personal Support Worker/Personal Attendant,Y,See program results above,100.0%,42.9%,85.7%,ND,See program results above
201034,CANADIAN INSTITUTE OF TELECOMMUNICATIONS INC.,146554,"CIMT COLLEGE, MISSISSAUGA",MISSISSAUGA,L5B 3J2,PERSONAL SUPPORT WORKER BRIDGING,Health Services,Personal Support Worker/Personal Attendant,Y,60.0%,SS,SS,SS,ND,ND
201034,CANADIAN INSTITUTE OF TELECOMMUNICATIONS INC.,165755,"CIMT COLLEGE, SCARBOROUGH",SCARBOROUGH,M1S 2Y3,+,,,Y,41.3%,89.8%,77.6%,88.0%,100.0%,ND
201034,CANADIAN INSTITUTE OF TELECOMMUNICATIONS INC.,165755,"CIMT COLLEGE, SCARBOROUGH",SCARBOROUGH,M1S 2Y3,ACCOUNTING ADMINISTRATION,Business,Accounting and Payroll Administration,Y,SS,ND,ND,ND,ND,ND
201034,CANADIAN INSTITUTE OF TELECOMMUNICATIONS INC.,165755,"CIMT COLLEGE, SCARBOROUGH",SCARBOROUGH,M1S 2Y3,BUSINESS ADMINISTRATION,Business,Business Administration,Y,SS,SS,SS,SS,ND,ND
201034,CANADIAN INSTITUTE OF TELECOMMUNICATIONS INC.,165755,"CIMT COLLEGE, SCARBOROUGH",SCARBOROUGH,M1S 2Y3,BUSINESS MANAGEMENT,Business,Business Management,Y,SS,ND,ND,ND,ND,ND
201034,CANADIAN INSTITUTE OF TELECOMMUNICATIONS INC.,165755,"CIMT COLLEGE, SCARBOROUGH",SCARBOROUGH,M1S 2Y3,COMMUNITY SERVICE AND ADDICTIONS WORKER,Community and Social Services,Community Services Worker,Y,16.7%,SS,SS,SS,ND,ND
201034,CANADIAN INSTITUTE OF TELECOMMUNICATIONS INC.,165755,"CIMT COLLEGE, SCARBOROUGH",SCARBOROUGH,M1S 2Y3,DENTAL OFFICE ADMINISTRATION,Health Services,Dental Office Administration,Y,SS,ND,ND,ND,ND,ND
201034,CANADIAN INSTITUTE OF TELECOMMUNICATIONS INC.,165755,"CIMT COLLEGE, SCARBOROUGH",SCARBOROUGH,M1S 2Y3,EARLY CHILDCARE ASSISTANT,Human Services,Early Childhood Assistant,Y,ND,SS,SS,SS,ND,ND
201034,CANADIAN INSTITUTE OF TELECOMMUNICATIONS INC.,165755,"CIMT COLLEGE, SCARBOROUGH",SCARBOROUGH,M1S 2Y3,FOOD SERVICE WORKER,Services,Customer Service/Retail Sales,Y,38.6%,80.0%,73.3%,93.3%,ND,ND
201034,CANADIAN INSTITUTE OF TELECOMMUNICATIONS INC.,165755,"CIMT COLLEGE, SCARBOROUGH",SCARBOROUGH,M1S 2Y3,MEDICAL OFFICE ADMINISTRATION WITH HEALTH UNIT COORDINATING,Health Services,Medical Office Administration/Management,Y,SS,SS,SS,SS,ND,ND
201034,CANADIAN INSTITUTE OF TELECOMMUNICATIONS INC.,165755,"CIMT COLLEGE, SCARBOROUGH",SCARBOROUGH,M1S 2Y3,MEDICAL OFFICE ADMINISTRATION,Health Services,Medical Office Administration/Management,Y,50.0%,SS,SS,SS,ND,ND
201034,CANADIAN INSTITUTE OF TELECOMMUNICATIONS INC.,165755,"CIMT COLLEGE, SCARBOROUGH",SCARBOROUGH,M1S 2Y3,NETWORK ADMINISTRATION,Computer and Information Technology,Network Administration,Y,SS,SS,SS,SS,ND,ND
201034,CANADIAN INSTITUTE OF TELECOMMUNICATIONS INC.,165755,"CIMT COLLEGE, SCARBOROUGH",SCARBOROUGH,M1S 2Y3,PERSONAL SUPPORT WORKER (PART TIME),Health Services,Personal Support Worker/Personal Attendant,Y,SS,ND,ND,ND,ND,ND
201034,CANADIAN INSTITUTE OF TELECOMMUNICATIONS INC.,165755,"CIMT COLLEGE, SCARBOROUGH",SCARBOROUGH,M1S 2Y3,PERSONAL SUPPORT WORKER BRIDGING,Health Services,Personal Support Worker/Personal Attendant,Y,SS,SS,SS,SS,ND,ND
201034,CANADIAN INSTITUTE OF TELECOMMUNICATIONS INC.,165755,"CIMT COLLEGE, SCARBOROUGH",SCARBOROUGH,M1S 2Y3,PERSONAL SUPPORT WORKER,Health Services,Personal Support Worker/Personal Attendant,Y,40.8%,100.0%,91.7%,87.5%,100.0%,ND
201034,CANADIAN INSTITUTE OF TELECOMMUNICATIONS INC.,204668,"CIMT COLLEGE, MISSISSAUGA TRADES",MISSISSAUGA,L4T 3T2,+,,,Y,77.6%,75.0%,33.3%,75.0%,ND,ND
201034,CANADIAN INSTITUTE OF TELECOMMUNICATIONS INC.,204668,"CIMT COLLEGE, MISSISSAUGA TRADES",MISSISSAUGA,L4T 3T2,CABINETRY AND FURNITURE TECHNICIAN,Construction Trade,Other - Construction Trade,Y,66.7%,SS,SS,SS,ND,ND
201034,CANADIAN INSTITUTE OF TELECOMMUNICATIONS INC.,204668,"CIMT COLLEGE, MISSISSAUGA TRADES",MISSISSAUGA,L4T 3T2,RENOVATION AND CONSTRUCTION TECHNICIAN,Construction Trade,Construction,Y,79.1%,75.0%,50.0%,87.5%,ND,ND
201035,GENERAL WELDING SCHOOL LTD.,+,+,,,+,,,Y,95.9%,100.0%,96.2%,88.9%,ND,ND
201035,GENERAL WELDING SCHOOL LTD.,101298,"GENERAL WELDING SCHOOL LTD., TORONTO",TORONTO,M3J 3H5,+,,,Y,95.9%,100.0%,96.2%,88.9%,ND,ND
201035,GENERAL WELDING SCHOOL LTD.,101298,"GENERAL WELDING SCHOOL LTD., TORONTO",TORONTO,M3J 3H5,COMPREHENSIVE WELDING,Industrial Trade,Welder,Y,100.0%,100.0%,100.0%,100.0%,ND,ND
201035,GENERAL WELDING SCHOOL LTD.,101298,"GENERAL WELDING SCHOOL LTD., TORONTO",TORONTO,M3J 3H5,GENERAL WELDING PROGRAM,Industrial Trade,Welder,Y,90.0%,100.0%,100.0%,100.0%,ND,ND
201035,GENERAL WELDING SCHOOL LTD.,101298,"GENERAL WELDING SCHOOL LTD., TORONTO",TORONTO,M3J 3H5,INDUSTRIAL WELDING,Industrial Trade,Welder,Y,96.3%,100.0%,94.4%,83.3%,ND,ND
201073,GREYSTONE COLLEGE OF BUSINESS AND TECHNOLOGY (TORONTO) INC.,+,+,,,+,,,Y,45.2%,73.9%,69.6%,76.7%,100.0%,ND
201073,GREYSTONE COLLEGE OF BUSINESS AND TECHNOLOGY (TORONTO) INC.,102274,"GREYSTONE COLLEGE OF BUSINESS AND TECHNOLOGY (TORONTO) INC., TORONTO - 80 BLOOR ST",TORONTO,M5S 2V1,+,,,Y,48.0%,73.9%,69.6%,76.7%,100.0%,ND
201073,GREYSTONE COLLEGE OF BUSINESS AND TECHNOLOGY (TORONTO) INC.,102274,"GREYSTONE COLLEGE OF BUSINESS AND TECHNOLOGY (TORONTO) INC., TORONTO - 80 BLOOR ST",TORONTO,M5S 2V1,CERTIFICATE IN BUSINESS MANAGEMENT CLERK,Business,Business Management,Y,SS,ND,ND,ND,ND,ND
201073,GREYSTONE COLLEGE OF BUSINESS AND TECHNOLOGY (TORONTO) INC.,102274,"GREYSTONE COLLEGE OF BUSINESS AND TECHNOLOGY (TORONTO) INC., TORONTO - 80 BLOOR ST",TORONTO,M5S 2V1,CERTIFICATE IN INTERNATIONAL BUSINESS AND TRADE CLERK,Business,Other - Business,Y,SS,ND,ND,ND,ND,ND
201073,GREYSTONE COLLEGE OF BUSINESS AND TECHNOLOGY (TORONTO) INC.,102274,"GREYSTONE COLLEGE OF BUSINESS AND TECHNOLOGY (TORONTO) INC., TORONTO - 80 BLOOR ST",TORONTO,M5S 2V1,DIGITAL MARKETING: SOCIAL MEDIA PROFESSIONAL CO-OP EVENING,Business,Marketing/Advertising,Y,ND,ND,ND,ND,ND,ND
201073,GREYSTONE COLLEGE OF BUSINESS AND TECHNOLOGY (TORONTO) INC.,102274,"GREYSTONE COLLEGE OF BUSINESS AND TECHNOLOGY (TORONTO) INC., TORONTO - 80 BLOOR ST",TORONTO,M5S 2V1,DIGITAL MARKETING: SOCIAL MEDIA PROFESSIONAL EVENING,Business,Marketing/Advertising,Y,ND,ND,ND,ND,ND,ND
201073,GREYSTONE COLLEGE OF BUSINESS AND TECHNOLOGY (TORONTO) INC.,102274,"GREYSTONE COLLEGE OF BUSINESS AND TECHNOLOGY (TORONTO) INC., TORONTO - 80 BLOOR ST",TORONTO,M5S 2V1,DIGITAL MARKETING: WEBSITE MANAGEMENT AND DESIGN CO-OP EVENING,Business,Marketing/Advertising,Y,ND,SS,SS,SS,100.0%,ND
201073,GREYSTONE COLLEGE OF BUSINESS AND TECHNOLOGY (TORONTO) INC.,102274,"GREYSTONE COLLEGE OF BUSINESS AND TECHNOLOGY (TORONTO) INC., TORONTO - 80 BLOOR ST",TORONTO,M5S 2V1,DIPLOMA BUSINESS COMMUNICATIONS,Business,Other - Business,Y,SS,SS,SS,SS,ND,ND
201073,GREYSTONE COLLEGE OF BUSINESS AND TECHNOLOGY (TORONTO) INC.,102274,"GREYSTONE COLLEGE OF BUSINESS AND TECHNOLOGY (TORONTO) INC., TORONTO - 80 BLOOR ST",TORONTO,M5S 2V1,DIPLOMA IN BUSINESS COMMUNICATIONS CO-OP (EVENING),Business,Other - Business,Y,ND,ND,ND,ND,ND,ND
201073,GREYSTONE COLLEGE OF BUSINESS AND TECHNOLOGY (TORONTO) INC.,102274,"GREYSTONE COLLEGE OF BUSINESS AND TECHNOLOGY (TORONTO) INC., TORONTO - 80 BLOOR ST",TORONTO,M5S 2V1,DIPLOMA IN BUSINESS COMMUNICATIONS CO-OP,Business,Other - Business,Y,100.0%,100.0%,100.0%,100.0%,ND,ND
201073,GREYSTONE COLLEGE OF BUSINESS AND TECHNOLOGY (TORONTO) INC.,102274,"GREYSTONE COLLEGE OF BUSINESS AND TECHNOLOGY (TORONTO) INC., TORONTO - 80 BLOOR ST",TORONTO,M5S 2V1,DIPLOMA IN CUSTOMER SERVICE (EVENING),Services,Customer Service/Retail Sales,Y,SS,ND,ND,ND,ND,ND
201073,GREYSTONE COLLEGE OF BUSINESS AND TECHNOLOGY (TORONTO) INC.,102274,"GREYSTONE COLLEGE OF BUSINESS AND TECHNOLOGY (TORONTO) INC., TORONTO - 80 BLOOR ST",TORONTO,M5S 2V1,DIPLOMA IN CUSTOMER SERVICE CO-OP (EVENING),Services,Customer Service/Retail Sales,Y,4.0%,80.0%,80.0%,80.0%,ND,ND
201073,GREYSTONE COLLEGE OF BUSINESS AND TECHNOLOGY (TORONTO) INC.,102274,"GREYSTONE COLLEGE OF BUSINESS AND TECHNOLOGY (TORONTO) INC., TORONTO - 80 BLOOR ST",TORONTO,M5S 2V1,DIPLOMA IN CUSTOMER SERVICE CO-OP,Services,Customer Service/Retail Sales,Y,91.7%,57.1%,57.1%,85.7%,ND,ND
201073,GREYSTONE COLLEGE OF BUSINESS AND TECHNOLOGY (TORONTO) INC.,102274,"GREYSTONE COLLEGE OF BUSINESS AND TECHNOLOGY (TORONTO) INC., TORONTO - 80 BLOOR ST",TORONTO,M5S 2V1,DIPLOMA IN CUSTOMER SERVICE,Services,Customer Service/Retail Sales,Y,ND,ND,ND,ND,ND,ND
201073,GREYSTONE COLLEGE OF BUSINESS AND TECHNOLOGY (TORONTO) INC.,102274,"GREYSTONE COLLEGE OF BUSINESS AND TECHNOLOGY (TORONTO) INC., TORONTO - 80 BLOOR ST",TORONTO,M5S 2V1,DIPLOMA IN HOSPITALITY MANAGEMENT CO-OP,Business,Hospitality Administration/Management,Y,ND,ND,ND,ND,ND,ND
201073,GREYSTONE COLLEGE OF BUSINESS AND TECHNOLOGY (TORONTO) INC.,102274,"GREYSTONE COLLEGE OF BUSINESS AND TECHNOLOGY (TORONTO) INC., TORONTO - 80 BLOOR ST",TORONTO,M5S 2V1,DIPLOMA IN HOSPITALITY SALES AND MARKETING CO-OP,Business,Hospitality Administration/Management,Y,SS,ND,ND,ND,ND,ND
201073,GREYSTONE COLLEGE OF BUSINESS AND TECHNOLOGY (TORONTO) INC.,102274,"GREYSTONE COLLEGE OF BUSINESS AND TECHNOLOGY (TORONTO) INC., TORONTO - 80 BLOOR ST",TORONTO,M5S 2V1,HOSPITALITY SKILLS CO-OP CERTIFICATE,Business,Hospitality Administration/Management,Y,100.0%,100.0%,75.0%,87.5%,ND,ND
201073,GREYSTONE COLLEGE OF BUSINESS AND TECHNOLOGY (TORONTO) INC.,102274,"GREYSTONE COLLEGE OF BUSINESS AND TECHNOLOGY (TORONTO) INC., TORONTO - 80 BLOOR ST",TORONTO,M5S 2V1,INTERNATIONAL BUSINESS MANAGEMENT (EVENING),Business,Business Management,Y,SS,ND,ND,ND,ND,ND
201073,GREYSTONE COLLEGE OF BUSINESS AND TECHNOLOGY (TORONTO) INC.,102274,"GREYSTONE COLLEGE OF BUSINESS AND TECHNOLOGY (TORONTO) INC., TORONTO - 80 BLOOR ST",TORONTO,M5S 2V1,INTERNATIONAL BUSINESS MANAGEMENT CO-OP,Business,Business Management,Y,100.0%,100.0%,100.0%,66.7%,ND,ND
201073,GREYSTONE COLLEGE OF BUSINESS AND TECHNOLOGY (TORONTO) INC.,102274,"GREYSTONE COLLEGE OF BUSINESS AND TECHNOLOGY (TORONTO) INC., TORONTO - 80 BLOOR ST",TORONTO,M5S 2V1,INTERNATIONAL BUSINESS MANAGEMENT,Business,Business Management,Y,ND,SS,SS,SS,ND,ND
201073,GREYSTONE COLLEGE OF BUSINESS AND TECHNOLOGY (TORONTO) INC.,168517,"GREYSTONE COLLEGE OF BUSINESS AND TECHNOLOGY (TORONTO) INC., TORONTO - ELIZABETH ST.",TORONTO,M5G 1P5,+,,,Y,34.6%,ND,ND,ND,ND,ND
201073,GREYSTONE COLLEGE OF BUSINESS AND TECHNOLOGY (TORONTO) INC.,168517,"GREYSTONE COLLEGE OF BUSINESS AND TECHNOLOGY (TORONTO) INC., TORONTO - ELIZABETH ST.",TORONTO,M5G 1P5,DIPLOMA IN CUSTOMER SERVICE CO-OP (EVENING),Services,Customer Service/Retail Sales,Y,36.0%,ND,ND,ND,ND,ND
201073,GREYSTONE COLLEGE OF BUSINESS AND TECHNOLOGY (TORONTO) INC.,168517,"GREYSTONE COLLEGE OF BUSINESS AND TECHNOLOGY (TORONTO) INC., TORONTO - ELIZABETH ST.",TORONTO,M5G 1P5,DIPLOMA IN HOSPITALITY MANAGEMENT CO-OP,Business,Hospitality Administration/Management,Y,SS,ND,ND,ND,ND,ND
201082,WELDTECH TRAINING INC.,+,+,,,+,,,Y,100.0%,81.8%,63.6%,79.2%,100.0%,ND
201082,WELDTECH TRAINING INC.,101634,"WELDTECH TRAINING INC., MISSISSAUGA",MISSISSAUGA,L5N 3A9,+,,,Y,100.0%,81.8%,63.6%,79.2%,100.0%,ND
201082,WELDTECH TRAINING INC.,101634,"WELDTECH TRAINING INC., MISSISSAUGA",MISSISSAUGA,L5N 3A9,WELDER - COMBINATION (MIG-TIG-STICK),Industrial Trade,Welder,Y,100.0%,81.8%,63.6%,79.2%,100.0%,ND
201116,1458928 ONTARIO INC.,+,+,,,+,,,Y,ND,SS,SS,SS,ND,ND
201116,1458928 ONTARIO INC.,101442,"THE FIORIO BEAUTY ACADEMY, TORONTO",TORONTO,M4L 1J1,+,,,Y,ND,SS,SS,SS,ND,ND
201116,1458928 ONTARIO INC.,101442,"THE FIORIO BEAUTY ACADEMY, TORONTO",TORONTO,M4L 1J1,HAIRSTYLING,Service Trade,Hairstylist,Y,ND,SS,SS,SS,ND,ND
201134,CARSON DUNLOP & ASSOCIATES LTD.,+,+,,,+,,,Y,34.1%,83.3%,45.2%,71.7%,100.0%,ND
201134,CARSON DUNLOP & ASSOCIATES LTD.,101310,"CARSON DUNLOP & ASSOCIATES LTD., TORONTO",TORONTO,M5A 4K2,+,,,Y,34.1%,83.3%,45.2%,71.7%,100.0%,ND
201134,CARSON DUNLOP & ASSOCIATES LTD.,101310,"CARSON DUNLOP & ASSOCIATES LTD., TORONTO",TORONTO,M5A 4K2,HOME INSPECTION TRAINING PROGRAM - DISTANCE EDUCATION,Services,Other - Services,Y,34.1%,83.3%,45.2%,71.7%,100.0%,ND
201135,COMPUTER AND CAREER LEARNING INSTITUTE INC.,+,+,,,+,,,Y,91.5%,78.1%,68.6%,96.7%,100.0%,ND
201135,COMPUTER AND CAREER LEARNING INSTITUTE INC.,101384,"CLI COLLEGE OF BUSINESS, HEALTH & TECHNOLOGY, TORONTO",TORONTO,M9M 3A4,+,,,Y,88.6%,79.6%,69.4%,97.4%,100.0%,4.5%
201135,COMPUTER AND CAREER LEARNING INSTITUTE INC.,101384,"CLI COLLEGE OF BUSINESS, HEALTH & TECHNOLOGY, TORONTO",TORONTO,M9M 3A4,ACCOUNTING AND PAYROLL ADMINISTRATION,Business,Accounting and Payroll Administration,Y,ND,SS,SS,SS,ND,ND
201135,COMPUTER AND CAREER LEARNING INSTITUTE INC.,101384,"CLI COLLEGE OF BUSINESS, HEALTH & TECHNOLOGY, TORONTO",TORONTO,M9M 3A4,DEVELOPMENTAL SERVICE WORKER,Community and Social Services,Community Services Worker,Y,72.4%,84.1%,75.4%,98.7%,100.0%,ND
201135,COMPUTER AND CAREER LEARNING INSTITUTE INC.,101384,"CLI COLLEGE OF BUSINESS, HEALTH & TECHNOLOGY, TORONTO",TORONTO,M9M 3A4,MENTAL HEALTH AND ADDICTIONS,Health Services,Addiction Prevention and Treatment,Y,ND,33.3%,33.3%,66.7%,ND,ND
201135,COMPUTER AND CAREER LEARNING INSTITUTE INC.,101384,"CLI COLLEGE OF BUSINESS, HEALTH & TECHNOLOGY, TORONTO",TORONTO,M9M 3A4,NACC PSW 2015,Health Services,Personal Support Worker/ Personal Attendant (NACC),Y,100.0%,77.4%,61.3%,100.0%,100.0%,ND
201135,COMPUTER AND CAREER LEARNING INSTITUTE INC.,188015,"CLI COLLEGE OF BUSINESS, HEALTH & TECHNOLOGY (ETOBICOKE), HAMILTON",HAMILTON,L8P 1H1,+,,,Y,100.0%,72.4%,65.5%,94.3%,ND,ND
201135,COMPUTER AND CAREER LEARNING INSTITUTE INC.,188015,"CLI COLLEGE OF BUSINESS, HEALTH & TECHNOLOGY (ETOBICOKE), HAMILTON",HAMILTON,L8P 1H1,MENTAL HEALTH AND ADDICTIONS,Health Services,Addiction Prevention and Treatment,Y,ND,ND,ND,ND,ND,ND
201135,COMPUTER AND CAREER LEARNING INSTITUTE INC.,188015,"CLI COLLEGE OF BUSINESS, HEALTH & TECHNOLOGY (ETOBICOKE), HAMILTON",HAMILTON,L8P 1H1,NACC PSW 2015,Health Services,Personal Support Worker/ Personal Attendant (NACC),Y,100.0%,72.4%,65.5%,94.3%,ND,ND
201149,"CANADIAN COLLEGE OF BUSINESS, SCIENCE & TECHNOLOGY INC.",102301,"CANADIAN COLLEGE OF BUSINESS, SCIENCE & TECHNOLOGY INC., SCARBOROUGH",SCARBOROUGH,M1S 4A7,+,,,Y,86.4%,78.6%,54.8%,81.3%,ND,6.4%
201149,"CANADIAN COLLEGE OF BUSINESS, SCIENCE & TECHNOLOGY INC.",102301,"CANADIAN COLLEGE OF BUSINESS, SCIENCE & TECHNOLOGY INC., SCARBOROUGH",SCARBOROUGH,M1S 4A7,BANKING AND FINANCIAL SERVICES- CUSTOMER SERVICE REPRESENTATIVE,Business,Banking and Financial Services,Y,100.0%,0.0%,0.0%,0.0%,ND,ND
201149,"CANADIAN COLLEGE OF BUSINESS, SCIENCE & TECHNOLOGY INC.",102301,"CANADIAN COLLEGE OF BUSINESS, SCIENCE & TECHNOLOGY INC., SCARBOROUGH",SCARBOROUGH,M1S 4A7,BIG DATA ANALYTICS,Business,Other - Business,Y,SS,SS,SS,SS,ND,ND
201149,"CANADIAN COLLEGE OF BUSINESS, SCIENCE & TECHNOLOGY INC.",102301,"CANADIAN COLLEGE OF BUSINESS, SCIENCE & TECHNOLOGY INC., SCARBOROUGH",SCARBOROUGH,M1S 4A7,BUSINESS ADMINISTRATION -ACCOUNTING AND PAYROLL(INTERNSHIP),Business,Business Administration,Y,100.0%,66.7%,33.3%,75.0%,ND,ND
201149,"CANADIAN COLLEGE OF BUSINESS, SCIENCE & TECHNOLOGY INC.",102301,"CANADIAN COLLEGE OF BUSINESS, SCIENCE & TECHNOLOGY INC., SCARBOROUGH",SCARBOROUGH,M1S 4A7,EARLY CHILDCARE ASSISTANT(INTERNSHIP),Human Services,Early Childhood Assistant,Y,50.0%,SS,SS,SS,ND,ND
201149,"CANADIAN COLLEGE OF BUSINESS, SCIENCE & TECHNOLOGY INC.",102301,"CANADIAN COLLEGE OF BUSINESS, SCIENCE & TECHNOLOGY INC., SCARBOROUGH",SCARBOROUGH,M1S 4A7,GRAPHICS & WEB DESIGN/DEVELOPMENT (INTERNSHIP),Applied Arts and Science,Graphic Design/Printing,Y,SS,ND,ND,ND,ND,ND
201149,"CANADIAN COLLEGE OF BUSINESS, SCIENCE & TECHNOLOGY INC.",102301,"CANADIAN COLLEGE OF BUSINESS, SCIENCE & TECHNOLOGY INC., SCARBOROUGH",SCARBOROUGH,M1S 4A7,HUMAN RESOURCE MANAGEMENT (INTERNSHIP),Business,Human Resources,Y,SS,SS,SS,SS,ND,ND
201149,"CANADIAN COLLEGE OF BUSINESS, SCIENCE & TECHNOLOGY INC.",102301,"CANADIAN COLLEGE OF BUSINESS, SCIENCE & TECHNOLOGY INC., SCARBOROUGH",SCARBOROUGH,M1S 4A7,LOGISTICS & SUPPLY CHAIN MANAGEMENT,Business,Supply Chain Management and Logistics,Y,SS,SS,SS,SS,ND,ND
201149,"CANADIAN COLLEGE OF BUSINESS, SCIENCE & TECHNOLOGY INC.",102301,"CANADIAN COLLEGE OF BUSINESS, SCIENCE & TECHNOLOGY INC., SCARBOROUGH",SCARBOROUGH,M1S 4A7,MARKETING - DIGITAL ENGAGEMENT STRATEGY,Business,Marketing/Advertising,Y,SS,SS,SS,SS,ND,ND
201149,"CANADIAN COLLEGE OF BUSINESS, SCIENCE & TECHNOLOGY INC.",102301,"CANADIAN COLLEGE OF BUSINESS, SCIENCE & TECHNOLOGY INC., SCARBOROUGH",SCARBOROUGH,M1S 4A7,MEDICAL OFFICE ADMINISTRATOR(INTERNSHIP),Health Services,Medical Office Administration/Management,Y,SS,SS,SS,SS,ND,ND
201149,"CANADIAN COLLEGE OF BUSINESS, SCIENCE & TECHNOLOGY INC.",102301,"CANADIAN COLLEGE OF BUSINESS, SCIENCE & TECHNOLOGY INC., SCARBOROUGH",SCARBOROUGH,M1S 4A7,NETWORK TECHNICIAN,Computer and Information Technology,Information Technology - Hardware Technician/Network Technician,Y,100.0%,0.0%,0.0%,0.0%,ND,ND
201149,"CANADIAN COLLEGE OF BUSINESS, SCIENCE & TECHNOLOGY INC.",102301,"CANADIAN COLLEGE OF BUSINESS, SCIENCE & TECHNOLOGY INC., SCARBOROUGH",SCARBOROUGH,M1S 4A7,PERSONAL SUPPORT WORKER ( INTERNSHIP),Health Services,Personal Support Worker/Personal Attendant,Y,82.2%,87.5%,70.8%,92.9%,ND,ND
201149,"CANADIAN COLLEGE OF BUSINESS, SCIENCE & TECHNOLOGY INC.",102301,"CANADIAN COLLEGE OF BUSINESS, SCIENCE & TECHNOLOGY INC., SCARBOROUGH",SCARBOROUGH,M1S 4A7,POST GRADUATE DIPLOMA IN BUSINESS SYSTEMS ANALYSIS & PROJECT MANAGEMENT,Business,Project Administration/Management,Y,SS,ND,ND,ND,ND,ND
201149,"CANADIAN COLLEGE OF BUSINESS, SCIENCE & TECHNOLOGY INC.",137974,"CANADIAN COLLEGE OF BUSINESS, SCIENCE & TECHNOLOGY, NORTH YORK",NORTH YORK,M2N 6P6,+,,,Y,90.3%,83.9%,71.0%,87.1%,100.0%,10.5%
201149,"CANADIAN COLLEGE OF BUSINESS, SCIENCE & TECHNOLOGY INC.",137974,"CANADIAN COLLEGE OF BUSINESS, SCIENCE & TECHNOLOGY, NORTH YORK",NORTH YORK,M2N 6P6,ADMINISTRATIVE ASSISTANT,Business,Office Administration,Y,SS,SS,SS,SS,ND,ND
201149,"CANADIAN COLLEGE OF BUSINESS, SCIENCE & TECHNOLOGY INC.",137974,"CANADIAN COLLEGE OF BUSINESS, SCIENCE & TECHNOLOGY, NORTH YORK",NORTH YORK,M2N 6P6,BIG DATA ANALYTICS,Business,Other - Business,Y,SS,ND,ND,ND,ND,ND
201149,"CANADIAN COLLEGE OF BUSINESS, SCIENCE & TECHNOLOGY INC.",137974,"CANADIAN COLLEGE OF BUSINESS, SCIENCE & TECHNOLOGY, NORTH YORK",NORTH YORK,M2N 6P6,BUSINESS ADMINISTRATION -ACCOUNTING AND PAYROLL(INTERNSHIP) - DISTANCE EDUCATION,Business,Business Administration,Y,ND,SS,SS,SS,ND,ND
201149,"CANADIAN COLLEGE OF BUSINESS, SCIENCE & TECHNOLOGY INC.",137974,"CANADIAN COLLEGE OF BUSINESS, SCIENCE & TECHNOLOGY, NORTH YORK",NORTH YORK,M2N 6P6,BUSINESS ADMINISTRATION -ACCOUNTING AND PAYROLL(INTERNSHIP),Business,Business Administration,Y,80.0%,SS,SS,SS,ND,ND
201149,"CANADIAN COLLEGE OF BUSINESS, SCIENCE & TECHNOLOGY INC.",137974,"CANADIAN COLLEGE OF BUSINESS, SCIENCE & TECHNOLOGY, NORTH YORK",NORTH YORK,M2N 6P6,EARLY CHILDCARE ASSISTANT(INTERNSHIP),Human Services,Early Childhood Assistant,Y,SS,SS,SS,SS,ND,ND
201149,"CANADIAN COLLEGE OF BUSINESS, SCIENCE & TECHNOLOGY INC.",137974,"CANADIAN COLLEGE OF BUSINESS, SCIENCE & TECHNOLOGY, NORTH YORK",NORTH YORK,M2N 6P6,GRAPHICS & WEB DESIGN/DEVELOPMENT (INTERNSHIP),Applied Arts and Science,Graphic Design/Printing,Y,ND,ND,ND,ND,ND,ND
201149,"CANADIAN COLLEGE OF BUSINESS, SCIENCE & TECHNOLOGY INC.",137974,"CANADIAN COLLEGE OF BUSINESS, SCIENCE & TECHNOLOGY, NORTH YORK",NORTH YORK,M2N 6P6,HUMAN RESOURCE MANAGEMENT (INTERNSHIP),Business,Human Resources,Y,ND,ND,ND,ND,ND,ND
201149,"CANADIAN COLLEGE OF BUSINESS, SCIENCE & TECHNOLOGY INC.",137974,"CANADIAN COLLEGE OF BUSINESS, SCIENCE & TECHNOLOGY, NORTH YORK",NORTH YORK,M2N 6P6,LOGISTICS & SUPPLY CHAIN MANAGEMENT,Business,Supply Chain Management and Logistics,Y,SS,SS,SS,SS,ND,ND
201149,"CANADIAN COLLEGE OF BUSINESS, SCIENCE & TECHNOLOGY INC.",137974,"CANADIAN COLLEGE OF BUSINESS, SCIENCE & TECHNOLOGY, NORTH YORK",NORTH YORK,M2N 6P6,MEDICAL OFFICE ADMINISTRATOR,Health Services,Medical Office Administration/Management,Y,SS,ND,ND,ND,ND,ND
201149,"CANADIAN COLLEGE OF BUSINESS, SCIENCE & TECHNOLOGY INC.",137974,"CANADIAN COLLEGE OF BUSINESS, SCIENCE & TECHNOLOGY, NORTH YORK",NORTH YORK,M2N 6P6,MOBILE APPLICATION DEVELOPER,Computer and Information Technology,Web Applications and Development,Y,SS,ND,ND,ND,ND,ND
201149,"CANADIAN COLLEGE OF BUSINESS, SCIENCE & TECHNOLOGY INC.",137974,"CANADIAN COLLEGE OF BUSINESS, SCIENCE & TECHNOLOGY, NORTH YORK",NORTH YORK,M2N 6P6,NETWORK TECHNICIAN(INTERNSHIP),Computer and Information Technology,Information Technology - Hardware Technician/Network Technician,Y,ND,SS,SS,SS,ND,ND
201149,"CANADIAN COLLEGE OF BUSINESS, SCIENCE & TECHNOLOGY INC.",137974,"CANADIAN COLLEGE OF BUSINESS, SCIENCE & TECHNOLOGY, NORTH YORK",NORTH YORK,M2N 6P6,PERSONAL SUPPORT WORKER ( INTERNSHIP),Health Services,Personal Support Worker/Personal Attendant,Y,90.2%,84.2%,63.2%,89.5%,100.0%,ND
201149,"CANADIAN COLLEGE OF BUSINESS, SCIENCE & TECHNOLOGY INC.",137974,"CANADIAN COLLEGE OF BUSINESS, SCIENCE & TECHNOLOGY, NORTH YORK",NORTH YORK,M2N 6P6,POST GRADUATE DIPLOMA IN BUSINESS SYSTEMS ANALYSIS & PROJECT MANAGEMENT,Business,Project Administration/Management,Y,100.0%,100.0%,100.0%,50.0%,ND,ND
201149,"CANADIAN COLLEGE OF BUSINESS, SCIENCE & TECHNOLOGY INC.",138655,"CANADIAN COLLEGE OF BUSINESS, SCIENCE & TECHNOLOGY, BRAMPTON",BRAMPTON,L6W 4N6,+,,,Y,84.2%,76.5%,55.6%,88.9%,80.0%,1.7%
201149,"CANADIAN COLLEGE OF BUSINESS, SCIENCE & TECHNOLOGY INC.",138655,"CANADIAN COLLEGE OF BUSINESS, SCIENCE & TECHNOLOGY, BRAMPTON",BRAMPTON,L6W 4N6,ADMINISTRATIVE ASSISTANT,Business,Office Administration,Y,91.7%,50.0%,25.0%,100.0%,ND,ND
201149,"CANADIAN COLLEGE OF BUSINESS, SCIENCE & TECHNOLOGY INC.",138655,"CANADIAN COLLEGE OF BUSINESS, SCIENCE & TECHNOLOGY, BRAMPTON",BRAMPTON,L6W 4N6,BANKING AND FINANCIAL SERVICES- CUSTOMER SERVICE REPRESENTATIVE,Business,Banking and Financial Services,Y,SS,ND,ND,ND,ND,ND
201149,"CANADIAN COLLEGE OF BUSINESS, SCIENCE & TECHNOLOGY INC.",138655,"CANADIAN COLLEGE OF BUSINESS, SCIENCE & TECHNOLOGY, BRAMPTON",BRAMPTON,L6W 4N6,BIG DATA ANALYTICS,Business,Other - Business,Y,SS,SS,SS,SS,ND,ND
201149,"CANADIAN COLLEGE OF BUSINESS, SCIENCE & TECHNOLOGY INC.",138655,"CANADIAN COLLEGE OF BUSINESS, SCIENCE & TECHNOLOGY, BRAMPTON",BRAMPTON,L6W 4N6,BUSINESS ADMINISTRATION -ACCOUNTING AND PAYROLL(INTERNSHIP),Business,Business Administration,Y,92.9%,75.0%,50.0%,100.0%,ND,ND
201149,"CANADIAN COLLEGE OF BUSINESS, SCIENCE & TECHNOLOGY INC.",138655,"CANADIAN COLLEGE OF BUSINESS, SCIENCE & TECHNOLOGY, BRAMPTON",BRAMPTON,L6W 4N6,EARLY CHILDCARE ASSISTANT,Human Services,Early Childhood Assistant,Y,21.4%,63.6%,54.5%,90.9%,100.0%,ND
201149,"CANADIAN COLLEGE OF BUSINESS, SCIENCE & TECHNOLOGY INC.",138655,"CANADIAN COLLEGE OF BUSINESS, SCIENCE & TECHNOLOGY, BRAMPTON",BRAMPTON,L6W 4N6,GRAPHICS & WEB DESIGN/DEVELOPMENT (INTERNSHIP),Applied Arts and Science,Graphic Design/Printing,Y,70.0%,ND,ND,ND,ND,ND
201149,"CANADIAN COLLEGE OF BUSINESS, SCIENCE & TECHNOLOGY INC.",138655,"CANADIAN COLLEGE OF BUSINESS, SCIENCE & TECHNOLOGY, BRAMPTON",BRAMPTON,L6W 4N6,HUMAN RESOURCE MANAGEMENT (INTERNSHIP),Business,Human Resources,Y,100.0%,80.0%,80.0%,60.0%,ND,ND
201149,"CANADIAN COLLEGE OF BUSINESS, SCIENCE & TECHNOLOGY INC.",138655,"CANADIAN COLLEGE OF BUSINESS, SCIENCE & TECHNOLOGY, BRAMPTON",BRAMPTON,L6W 4N6,LOGISTICS & SUPPLY CHAIN MANAGEMENT,Business,Supply Chain Management and Logistics,Y,80.0%,50.0%,0.0%,100.0%,ND,ND
201149,"CANADIAN COLLEGE OF BUSINESS, SCIENCE & TECHNOLOGY INC.",138655,"CANADIAN COLLEGE OF BUSINESS, SCIENCE & TECHNOLOGY, BRAMPTON",BRAMPTON,L6W 4N6,MARKETING - DIGITAL ENGAGEMENT STRATEGY,Business,Marketing/Advertising,Y,SS,SS,SS,SS,100.0%,ND
201149,"CANADIAN COLLEGE OF BUSINESS, SCIENCE & TECHNOLOGY INC.",138655,"CANADIAN COLLEGE OF BUSINESS, SCIENCE & TECHNOLOGY, BRAMPTON",BRAMPTON,L6W 4N6,MEDICAL OFFICE ADMINISTRATOR(INTERNSHIP),Health Services,Medical Office Administration/Management,Y,100.0%,100.0%,25.0%,75.0%,ND,ND
201149,"CANADIAN COLLEGE OF BUSINESS, SCIENCE & TECHNOLOGY INC.",138655,"CANADIAN COLLEGE OF BUSINESS, SCIENCE & TECHNOLOGY, BRAMPTON",BRAMPTON,L6W 4N6,MOBILE APPLICATION DEVELOPER,Computer and Information Technology,Web Applications and Development,Y,ND,SS,SS,SS,ND,ND
201149,"CANADIAN COLLEGE OF BUSINESS, SCIENCE & TECHNOLOGY INC.",138655,"CANADIAN COLLEGE OF BUSINESS, SCIENCE & TECHNOLOGY, BRAMPTON",BRAMPTON,L6W 4N6,NETWORK TECHNICIAN,Computer and Information Technology,Information Technology - Hardware Technician/Network Technician,Y,SS,ND,ND,ND,ND,ND
201149,"CANADIAN COLLEGE OF BUSINESS, SCIENCE & TECHNOLOGY INC.",138655,"CANADIAN COLLEGE OF BUSINESS, SCIENCE & TECHNOLOGY, BRAMPTON",BRAMPTON,L6W 4N6,PERSONAL SUPPORT WORKER ( INTERNSHIP),Health Services,Personal Support Worker/Personal Attendant,Y,87.2%,81.8%,63.6%,92.2%,66.7%,ND
201149,"CANADIAN COLLEGE OF BUSINESS, SCIENCE & TECHNOLOGY INC.",138655,"CANADIAN COLLEGE OF BUSINESS, SCIENCE & TECHNOLOGY, BRAMPTON",BRAMPTON,L6W 4N6,POST GRADUATE DIPLOMA IN BUSINESS SYSTEMS ANALYSIS & PROJECT MANAGEMENT,Business,Project Administration/Management,Y,100.0%,0.0%,0.0%,0.0%,ND,ND
201149,"CANADIAN COLLEGE OF BUSINESS, SCIENCE & TECHNOLOGY INC.",138655,"CANADIAN COLLEGE OF BUSINESS, SCIENCE & TECHNOLOGY, BRAMPTON",BRAMPTON,L6W 4N6,WEB DESIGN AND ANALYSIS,Computer and Information Technology,Information Technology,Y,SS,ND,ND,ND,ND,ND
201149,"CANADIAN COLLEGE OF BUSINESS, SCIENCE & TECHNOLOGY INC.",172755,"CANADIAN COLLEGE OF BUSINESS, SCIENCE & TECHNOLOGY, MISSISSAUGA",MISSISSAUGA,L5B 3C2,+,,,Y,88.9%,76.0%,68.0%,81.5%,100.0%,ND
201149,"CANADIAN COLLEGE OF BUSINESS, SCIENCE & TECHNOLOGY INC.",172755,"CANADIAN COLLEGE OF BUSINESS, SCIENCE & TECHNOLOGY, MISSISSAUGA",MISSISSAUGA,L5B 3C2,ADMINISTRATIVE ASSISTANT,Business,Office Administration,Y,SS,ND,ND,ND,ND,ND
201149,"CANADIAN COLLEGE OF BUSINESS, SCIENCE & TECHNOLOGY INC.",172755,"CANADIAN COLLEGE OF BUSINESS, SCIENCE & TECHNOLOGY, MISSISSAUGA",MISSISSAUGA,L5B 3C2,BANKING AND FINANCIAL SERVICES- CUSTOMER SERVICE REPRESENTATIVE,Business,Banking and Financial Services,Y,ND,SS,SS,SS,100.0%,ND
201149,"CANADIAN COLLEGE OF BUSINESS, SCIENCE & TECHNOLOGY INC.",172755,"CANADIAN COLLEGE OF BUSINESS, SCIENCE & TECHNOLOGY, MISSISSAUGA",MISSISSAUGA,L5B 3C2,BIG DATA ANALYTICS,Business,Other - Business,Y,SS,SS,SS,SS,ND,ND
201149,"CANADIAN COLLEGE OF BUSINESS, SCIENCE & TECHNOLOGY INC.",172755,"CANADIAN COLLEGE OF BUSINESS, SCIENCE & TECHNOLOGY, MISSISSAUGA",MISSISSAUGA,L5B 3C2,BUSINESS ADMINISTRATION -ACCOUNTING AND PAYROLL(INTERNSHIP) - DISTANCE EDUCATION,Business,Business Administration,Y,ND,SS,SS,SS,ND,ND
201149,"CANADIAN COLLEGE OF BUSINESS, SCIENCE & TECHNOLOGY INC.",172755,"CANADIAN COLLEGE OF BUSINESS, SCIENCE & TECHNOLOGY, MISSISSAUGA",MISSISSAUGA,L5B 3C2,BUSINESS ADMINISTRATION -ACCOUNTING AND PAYROLL(INTERNSHIP),Business,Business Administration,Y,100.0%,0.0%,0.0%,100.0%,ND,ND
201149,"CANADIAN COLLEGE OF BUSINESS, SCIENCE & TECHNOLOGY INC.",172755,"CANADIAN COLLEGE OF BUSINESS, SCIENCE & TECHNOLOGY, MISSISSAUGA",MISSISSAUGA,L5B 3C2,EARLY CHILDCARE ASSISTANT(INTERNSHIP),Human Services,Early Childhood Assistant,Y,SS,SS,SS,SS,ND,ND
201149,"CANADIAN COLLEGE OF BUSINESS, SCIENCE & TECHNOLOGY INC.",172755,"CANADIAN COLLEGE OF BUSINESS, SCIENCE & TECHNOLOGY, MISSISSAUGA",MISSISSAUGA,L5B 3C2,GRAPHICS & WEB DESIGN/DEVELOPMENT (INTERNSHIP),Applied Arts and Science,Graphic Design/Printing,Y,SS,ND,ND,ND,ND,ND
201149,"CANADIAN COLLEGE OF BUSINESS, SCIENCE & TECHNOLOGY INC.",172755,"CANADIAN COLLEGE OF BUSINESS, SCIENCE & TECHNOLOGY, MISSISSAUGA",MISSISSAUGA,L5B 3C2,HUMAN RESOURCE MANAGEMENT (INTERNSHIP),Business,Human Resources,Y,SS,ND,ND,SS,ND,ND
201149,"CANADIAN COLLEGE OF BUSINESS, SCIENCE & TECHNOLOGY INC.",172755,"CANADIAN COLLEGE OF BUSINESS, SCIENCE & TECHNOLOGY, MISSISSAUGA",MISSISSAUGA,L5B 3C2,LOGISTICS & SUPPLY CHAIN MANAGEMENT,Business,Supply Chain Management and Logistics,Y,SS,ND,ND,ND,ND,ND
201149,"CANADIAN COLLEGE OF BUSINESS, SCIENCE & TECHNOLOGY INC.",172755,"CANADIAN COLLEGE OF BUSINESS, SCIENCE & TECHNOLOGY, MISSISSAUGA",MISSISSAUGA,L5B 3C2,MARKETING - DIGITAL ENGAGEMENT STRATEGY,Business,Marketing/Advertising,Y,ND,SS,SS,SS,ND,ND
201149,"CANADIAN COLLEGE OF BUSINESS, SCIENCE & TECHNOLOGY INC.",172755,"CANADIAN COLLEGE OF BUSINESS, SCIENCE & TECHNOLOGY, MISSISSAUGA",MISSISSAUGA,L5B 3C2,MEDICAL OFFICE ADMINISTRATOR(INTERNSHIP),Health Services,Medical Office Administration/Management,Y,SS,SS,SS,SS,ND,ND
201149,"CANADIAN COLLEGE OF BUSINESS, SCIENCE & TECHNOLOGY INC.",172755,"CANADIAN COLLEGE OF BUSINESS, SCIENCE & TECHNOLOGY, MISSISSAUGA",MISSISSAUGA,L5B 3C2,NETWORK TECHNICIAN,Computer and Information Technology,Information Technology - Hardware Technician/Network Technician,Y,SS,SS,SS,SS,ND,ND
201149,"CANADIAN COLLEGE OF BUSINESS, SCIENCE & TECHNOLOGY INC.",172755,"CANADIAN COLLEGE OF BUSINESS, SCIENCE & TECHNOLOGY, MISSISSAUGA",MISSISSAUGA,L5B 3C2,PERSONAL SUPPORT WORKER ( INTERNSHIP),Health Services,Personal Support Worker/Personal Attendant,Y,89.5%,87.5%,75.0%,88.2%,100.0%,ND
201149,"CANADIAN COLLEGE OF BUSINESS, SCIENCE & TECHNOLOGY INC.",172755,"CANADIAN COLLEGE OF BUSINESS, SCIENCE & TECHNOLOGY, MISSISSAUGA",MISSISSAUGA,L5B 3C2,POST GRADUATE DIPLOMA IN BUSINESS SYSTEMS ANALYSIS & PROJECT MANAGEMENT,Business,Project Administration/Management,Y,SS,SS,SS,SS,ND,ND
201150,NATIONAL INSTITUTE OF HAIRSTYLING AND ADVANCED AESTHETICS INC.,+,+,,,+,,,Y,83.3%,77.8%,44.4%,77.8%,ND,ND
201150,NATIONAL INSTITUTE OF HAIRSTYLING AND ADVANCED AESTHETICS INC.,102313,"NATIONAL INSTITUTE, BRAMPTON",BRAMPTON,L6T 5B9,+,,,Y,83.3%,77.8%,44.4%,77.8%,ND,ND
201150,NATIONAL INSTITUTE OF HAIRSTYLING AND ADVANCED AESTHETICS INC.,102313,"NATIONAL INSTITUTE, BRAMPTON",BRAMPTON,L6T 5B9,ADVANCED AESTHETICS,Human Services,Esthetics/Medical Esthetics,Y,SS,ND,ND,ND,ND,ND
201150,NATIONAL INSTITUTE OF HAIRSTYLING AND ADVANCED AESTHETICS INC.,102313,"NATIONAL INSTITUTE, BRAMPTON",BRAMPTON,L6T 5B9,HAIRSTYLING,Service Trade,Hairstylist,Y,SS,SS,SS,SS,ND,ND
201150,NATIONAL INSTITUTE OF HAIRSTYLING AND ADVANCED AESTHETICS INC.,102313,"NATIONAL INSTITUTE, BRAMPTON",BRAMPTON,L6T 5B9,MASSAGE THERAPY (FULL-TIME) 69 WEEKS,Health Services,Massage Therapist,Y,84.6%,100.0%,40.0%,66.7%,ND,ND
201150,NATIONAL INSTITUTE OF HAIRSTYLING AND ADVANCED AESTHETICS INC.,102313,"NATIONAL INSTITUTE, BRAMPTON",BRAMPTON,L6T 5B9,"MASSAGE THERAPY (PART-TIME, WEEKENDS) 96 WEEKS",Health Services,Massage Therapist,Y,85.7%,100.0%,100.0%,100.0%,ND,ND
201152,MLC SOLUTIONS INC.,+,+,,,+,,,Y,22.6%,100.0%,100.0%,100.0%,ND,ND
201152,MLC SOLUTIONS INC.,102309,"MLC COLLEGE OF BUSINESS, TECHNOLOGY AND HEALTHCARE, MISSISSAUGA",MISSISSAUGA,L5C 1Y5,+,,,Y,22.6%,100.0%,100.0%,100.0%,ND,ND
201152,MLC SOLUTIONS INC.,102309,"MLC COLLEGE OF BUSINESS, TECHNOLOGY AND HEALTHCARE, MISSISSAUGA",MISSISSAUGA,L5C 1Y5,DIPLOMA IN DATA WAREHOUSING,Computer and Information Technology,Information Technology,Y,SS,ND,ND,ND,ND,ND
201152,MLC SOLUTIONS INC.,102309,"MLC COLLEGE OF BUSINESS, TECHNOLOGY AND HEALTHCARE, MISSISSAUGA",MISSISSAUGA,L5C 1Y5,DIPLOMA IN E-COMMERCE,Computer and Information Technology,Information Technology,Y,SS,ND,ND,ND,ND,ND
201152,MLC SOLUTIONS INC.,102309,"MLC COLLEGE OF BUSINESS, TECHNOLOGY AND HEALTHCARE, MISSISSAUGA",MISSISSAUGA,L5C 1Y5,DIPLOMA IN FINANCIAL MANAGEMENT,Business,Banking and Financial Services,Y,0.0%,ND,ND,ND,ND,ND
201152,MLC SOLUTIONS INC.,102309,"MLC COLLEGE OF BUSINESS, TECHNOLOGY AND HEALTHCARE, MISSISSAUGA",MISSISSAUGA,L5C 1Y5,DIPLOMA IN HEALTH INFORMATION MANAGEMENT,Health Services,Other - Health Services,Y,23.5%,ND,ND,ND,ND,ND
201152,MLC SOLUTIONS INC.,102309,"MLC COLLEGE OF BUSINESS, TECHNOLOGY AND HEALTHCARE, MISSISSAUGA",MISSISSAUGA,L5C 1Y5,DIPLOMA IN HOSPITALITY AND TOURISM MANAGEMENT,Services,Hospitality Administration/Management,Y,40.0%,ND,ND,ND,ND,ND
201152,MLC SOLUTIONS INC.,102309,"MLC COLLEGE OF BUSINESS, TECHNOLOGY AND HEALTHCARE, MISSISSAUGA",MISSISSAUGA,L5C 1Y5,DIPLOMA IN SUPPLY CHAIN MANAGEMENT,Business,Supply Chain Management and Logistics,Y,SS,ND,ND,SS,ND,ND
201152,MLC SOLUTIONS INC.,102309,"MLC COLLEGE OF BUSINESS, TECHNOLOGY AND HEALTHCARE, MISSISSAUGA",MISSISSAUGA,L5C 1Y5,EARLY CHILDCARE ASSISTANT,Human Services,Early Childhood Assistant,Y,ND,SS,SS,SS,ND,ND
201152,MLC SOLUTIONS INC.,102309,"MLC COLLEGE OF BUSINESS, TECHNOLOGY AND HEALTHCARE, MISSISSAUGA",MISSISSAUGA,L5C 1Y5,PG DIPLOMA IN MEDICAL AND DENTAL OFFICE ADMINISTRATIVE SKILLS AND TECHNOLOGY,Health Services,Medical Office Administration/Management,Y,SS,ND,ND,ND,ND,ND
201152,MLC SOLUTIONS INC.,102309,"MLC COLLEGE OF BUSINESS, TECHNOLOGY AND HEALTHCARE, MISSISSAUGA",MISSISSAUGA,L5C 1Y5,POST GRADUATE DIPLOMA IN INFORMATION TECHNOLOGY MANAGEMENT,Computer and Information Technology,Information Technology,Y,SS,ND,ND,ND,ND,ND
201152,MLC SOLUTIONS INC.,102309,"MLC COLLEGE OF BUSINESS, TECHNOLOGY AND HEALTHCARE, MISSISSAUGA",MISSISSAUGA,L5C 1Y5,POST GRADUATION DIPLOMA IN BUSINESS MANAGEMENT,Business,Business Management,Y,20.0%,SS,SS,SS,ND,ND
201154,T.T.H.E. INC.,+,+,,,+,,,Y,93.1%,97.1%,91.4%,81.6%,ND,ND
201154,T.T.H.E. INC.,102364,"SOUTHERN ONTARIO DENTAL COLLEGE, ANCASTER",ANCASTER,L9G 2B8,+,,,Y,93.1%,97.1%,91.4%,81.6%,ND,0.0%
201154,T.T.H.E. INC.,102364,"SOUTHERN ONTARIO DENTAL COLLEGE, ANCASTER",ANCASTER,L9G 2B8,DENTAL ASSISTANT - LEVEL I & II,Health Services,Dental Chairside Assistant,Y,ND,SS,SS,SS,ND,ND
201154,T.T.H.E. INC.,102364,"SOUTHERN ONTARIO DENTAL COLLEGE, ANCASTER",ANCASTER,L9G 2B8,DENTAL HYGIENE,Health Services,Dental Hygienist,Y,93.1%,96.8%,90.3%,79.4%,ND,ND
201161,4032322 CANADA INC.,+,+,,,+,,,Y,88.9%,100.0%,83.3%,87.5%,ND,ND
201161,4032322 CANADA INC.,102394,"WORLD WIDE TRUCK DRIVING & FORKLIFT SCHOOL, TORONTO",TORONTO,M9W 1N7,+,,,Y,88.9%,100.0%,83.3%,87.5%,ND,ND
201161,4032322 CANADA INC.,102394,"WORLD WIDE TRUCK DRIVING & FORKLIFT SCHOOL, TORONTO",TORONTO,M9W 1N7,TRACTOR-TRAILER DRIVER M.E.L.T.,Tractor-Trailer / Driver Licensing,A Class Truck Driver,Y,88.9%,100.0%,83.3%,87.5%,ND,ND
201167,1630737 ONTARIO INC.,+,+,,,+,,,Y,26.7%,60.0%,20.0%,40.0%,ND,ND
201167,1630737 ONTARIO INC.,102444,"JYOT'S AESTHETICS ACADEMY, BRAMPTON",BRAMPTON,L6R 1A2,+,,,Y,26.7%,60.0%,20.0%,40.0%,ND,ND
201167,1630737 ONTARIO INC.,102444,"JYOT'S AESTHETICS ACADEMY, BRAMPTON",BRAMPTON,L6R 1A2,ADVANCED AESTHETICS,Human Services,Esthetics/Medical Esthetics,Y,21.4%,SS,SS,SS,ND,ND
201167,1630737 ONTARIO INC.,102444,"JYOT'S AESTHETICS ACADEMY, BRAMPTON",BRAMPTON,L6R 1A2,HAIRSTYLING,Service Trade,Hairstylist,Y,SS,SS,SS,SS,ND,ND
201172,INSTITUTE OF MACHINE TOOL TECHNOLOGY INC.,+,+,,,+,,,Y,64.0%,95.0%,90.0%,81.0%,0.0%,ND
201172,INSTITUTE OF MACHINE TOOL TECHNOLOGY INC.,102339,"INSTITUTE OF MACHINE TOOL TECHNOLOGY, MISSISSAUGA",MISSISSAUGA,L4V 1V5,+,,,Y,64.0%,95.0%,90.0%,81.0%,0.0%,ND
201172,INSTITUTE OF MACHINE TOOL TECHNOLOGY INC.,102339,"INSTITUTE OF MACHINE TOOL TECHNOLOGY, MISSISSAUGA",MISSISSAUGA,L4V 1V5,CNC MACHINE TOOL OPERATOR AND PROGRAMMER,Computer and Information Technology,Information Technology,Y,57.5%,92.9%,92.9%,86.7%,0.0%,ND
201172,INSTITUTE OF MACHINE TOOL TECHNOLOGY INC.,102339,"INSTITUTE OF MACHINE TOOL TECHNOLOGY, MISSISSAUGA",MISSISSAUGA,L4V 1V5,CNC PROGRAMMER/OPERATOR/SETUP,Computer and Information Technology,Information Technology,Y,90.0%,100.0%,83.3%,66.7%,ND,ND
201173,6425518 CANADA INC.,+,+,,,+,,,Y,76.0%,96.2%,65.4%,73.3%,100.0%,ND
201173,6425518 CANADA INC.,101305,"ANDERSON COLLEGE OF HEALTH, BUSINESS AND TECHNOLOGY, MISSISSAUGA",MISSISSAUGA,L5A 2H1,+,,,Y,76.0%,96.2%,65.4%,73.3%,100.0%,2.9%
201173,6425518 CANADA INC.,101305,"ANDERSON COLLEGE OF HEALTH, BUSINESS AND TECHNOLOGY, MISSISSAUGA",MISSISSAUGA,L5A 2H1,ACCOUNTING AND PAYROLL ADMINISTRATOR ONLINE,Business,Accounting and Payroll Administration,Y,ND,ND,ND,SS,ND,ND
201173,6425518 CANADA INC.,101305,"ANDERSON COLLEGE OF HEALTH, BUSINESS AND TECHNOLOGY, MISSISSAUGA",MISSISSAUGA,L5A 2H1,ACCOUNTING AND PAYROLL ADMINISTRATOR,Business,Accounting and Payroll Administration,Y,SS,ND,ND,ND,ND,ND
201173,6425518 CANADA INC.,101305,"ANDERSON COLLEGE OF HEALTH, BUSINESS AND TECHNOLOGY, MISSISSAUGA",MISSISSAUGA,L5A 2H1,BUSINESS MANAGEMENT ONLINE,Business,Business Management,Y,ND,ND,ND,ND,ND,ND
201173,6425518 CANADA INC.,101305,"ANDERSON COLLEGE OF HEALTH, BUSINESS AND TECHNOLOGY, MISSISSAUGA",MISSISSAUGA,L5A 2H1,BUSINESS MANAGEMENT,Business,Business Management,Y,SS,ND,ND,ND,ND,ND
201173,6425518 CANADA INC.,101305,"ANDERSON COLLEGE OF HEALTH, BUSINESS AND TECHNOLOGY, MISSISSAUGA",MISSISSAUGA,L5A 2H1,LAW CLERK - ONLINE,Law and Public Safety,Law Clerk,Y,ND,SS,SS,SS,ND,ND
201173,6425518 CANADA INC.,101305,"ANDERSON COLLEGE OF HEALTH, BUSINESS AND TECHNOLOGY, MISSISSAUGA",MISSISSAUGA,L5A 2H1,LAW CLERK,Law and Public Safety,Law Clerk,Y,SS,ND,ND,ND,ND,ND
201173,6425518 CANADA INC.,101305,"ANDERSON COLLEGE OF HEALTH, BUSINESS AND TECHNOLOGY, MISSISSAUGA",MISSISSAUGA,L5A 2H1,MEDICAL LABORATORY ASSISTANT/TECHNICIAN,Health Services,Medical Laboratory Technician,Y,80.0%,100.0%,83.3%,57.1%,100.0%,ND
201173,6425518 CANADA INC.,101305,"ANDERSON COLLEGE OF HEALTH, BUSINESS AND TECHNOLOGY, MISSISSAUGA",MISSISSAUGA,L5A 2H1,MEDICAL OFFICE ASSISTANT,Health Services,Medical Office Administration/Management,Y,100.0%,ND,ND,100.0%,ND,ND
201173,6425518 CANADA INC.,101305,"ANDERSON COLLEGE OF HEALTH, BUSINESS AND TECHNOLOGY, MISSISSAUGA",MISSISSAUGA,L5A 2H1,PARALEGAL,Law and Public Safety,Paralegal,Y,SS,100.0%,60.0%,90.0%,ND,ND
201173,6425518 CANADA INC.,101305,"ANDERSON COLLEGE OF HEALTH, BUSINESS AND TECHNOLOGY, MISSISSAUGA",MISSISSAUGA,L5A 2H1,PERSONAL SUPPORT WORKER - HYBRID,Health Services,Personal Support Worker/Personal Attendant,Y,ND,100.0%,60.0%,80.0%,ND,ND
201173,6425518 CANADA INC.,101305,"ANDERSON COLLEGE OF HEALTH, BUSINESS AND TECHNOLOGY, MISSISSAUGA",MISSISSAUGA,L5A 2H1,PERSONAL SUPPORT WORKER,Health Services,Personal Support Worker/Personal Attendant,Y,0.0%,ND,ND,ND,ND,ND
201173,6425518 CANADA INC.,101305,"ANDERSON COLLEGE OF HEALTH, BUSINESS AND TECHNOLOGY, MISSISSAUGA",MISSISSAUGA,L5A 2H1,PHARMACY ASSISTANT - ONLINE,Health Services,Pharmacy Assistant,Y,ND,ND,ND,SS,ND,ND
201173,6425518 CANADA INC.,101305,"ANDERSON COLLEGE OF HEALTH, BUSINESS AND TECHNOLOGY, MISSISSAUGA",MISSISSAUGA,L5A 2H1,PHARMACY ASSISTANT,Health Services,Pharmacy Assistant,Y,77.8%,ND,ND,ND,ND,ND
201173,6425518 CANADA INC.,101305,"ANDERSON COLLEGE OF HEALTH, BUSINESS AND TECHNOLOGY, MISSISSAUGA",MISSISSAUGA,L5A 2H1,PHARMACY TECHNICIAN,Health Services,Pharmacy Technician,Y,92.1%,66.7%,66.7%,100.0%,ND,ND
201187,NET + COMPUTER TRAINING SALES & SERVICE INC.,+,+,,,+,,,Y,100.0%,80.0%,40.0%,100.0%,100.0%,ND
201187,NET + COMPUTER TRAINING SALES & SERVICE INC.,102387,"NETPLUS COLLEGE OF INFORMATION TECHNOLOGY, TORONTO",TORONTO,M1P 2L9,+,,,Y,100.0%,80.0%,40.0%,100.0%,100.0%,ND
201187,NET + COMPUTER TRAINING SALES & SERVICE INC.,102387,"NETPLUS COLLEGE OF INFORMATION TECHNOLOGY, TORONTO",TORONTO,M1P 2L9,CLOUD AND SYSTEMS ADMINISTRATOR (INTERNSHIP),Computer and Information Technology,Other - Information Technology,Y,SS,ND,ND,ND,ND,ND
201187,NET + COMPUTER TRAINING SALES & SERVICE INC.,102387,"NETPLUS COLLEGE OF INFORMATION TECHNOLOGY, TORONTO",TORONTO,M1P 2L9,DIPLOMA IN ACCOUNTING & PAYROLL,Business,Accounting,Y,SS,SS,SS,SS,ND,ND
201187,NET + COMPUTER TRAINING SALES & SERVICE INC.,102387,"NETPLUS COLLEGE OF INFORMATION TECHNOLOGY, TORONTO",TORONTO,M1P 2L9,DIPLOMA IN NETWORKING,Computer and Information Technology,Information Technology,Y,ND,SS,SS,SS,100.0%,ND
201187,NET + COMPUTER TRAINING SALES & SERVICE INC.,102387,"NETPLUS COLLEGE OF INFORMATION TECHNOLOGY, TORONTO",TORONTO,M1P 2L9,ENTERPRISE NETWORK ADMINISTRATOR,Computer and Information Technology,Information Technology,Y,ND,ND,ND,SS,ND,ND
201187,NET + COMPUTER TRAINING SALES & SERVICE INC.,102387,"NETPLUS COLLEGE OF INFORMATION TECHNOLOGY, TORONTO",TORONTO,M1P 2L9,ENTERPRISE SYSTEM ADMINISTRATOR,Computer and Information Technology,Information Technology,Y,SS,SS,SS,SS,100.0%,ND
201187,NET + COMPUTER TRAINING SALES & SERVICE INC.,102387,"NETPLUS COLLEGE OF INFORMATION TECHNOLOGY, TORONTO",TORONTO,M1P 2L9,NETWORK SPECIALIST,Computer and Information Technology,Information Technology,Y,SS,SS,SS,SS,ND,ND
201196,1458128 ONTARIO LTD.,102495,"COMPUTEK COLLEGE OF BUSINESS, HEALTHCARE & TECHNOLOGY, TORONTO/KENNEDY RD.",TORONTO,M1K 5G8,+,,,Y,88.9%,57.5%,31.5%,92.3%,66.7%,0.9%
201196,1458128 ONTARIO LTD.,102495,"COMPUTEK COLLEGE OF BUSINESS, HEALTHCARE & TECHNOLOGY, TORONTO/KENNEDY RD.",TORONTO,M1K 5G8,ACCOUNTING & PAYROLL ADMINISTRATOR,Business,Accounting and Payroll Administration,Y,99.1%,43.5%,13.0%,100.0%,ND,ND
201196,1458128 ONTARIO LTD.,102495,"COMPUTEK COLLEGE OF BUSINESS, HEALTHCARE & TECHNOLOGY, TORONTO/KENNEDY RD.",TORONTO,M1K 5G8,"ACCOUNTING, PAYROLL AND TAX",Business,Accounting,Y,ND,SS,SS,SS,ND,ND
201196,1458128 ONTARIO LTD.,102495,"COMPUTEK COLLEGE OF BUSINESS, HEALTHCARE & TECHNOLOGY, TORONTO/KENNEDY RD.",TORONTO,M1K 5G8,BUSINESS ADMINISTRATION,Business,Business Administration,Y,88.9%,80.0%,30.0%,93.3%,ND,ND
201196,1458128 ONTARIO LTD.,102495,"COMPUTEK COLLEGE OF BUSINESS, HEALTHCARE & TECHNOLOGY, TORONTO/KENNEDY RD.",TORONTO,M1K 5G8,COMMUNITY SERVICES WORKER,Community and Social Services,Community Services Worker,Y,100.0%,50.0%,25.0%,93.8%,ND,ND
201196,1458128 ONTARIO LTD.,102495,"COMPUTEK COLLEGE OF BUSINESS, HEALTHCARE & TECHNOLOGY, TORONTO/KENNEDY RD.",TORONTO,M1K 5G8,COMPUTER NETWORK AND CYBER SECURITY ENGINEER WITH PRACTICUM,Computer and Information Technology,Computer Engineering and Programming,Y,100.0%,66.7%,22.2%,75.0%,100.0%,ND
201196,1458128 ONTARIO LTD.,102495,"COMPUTEK COLLEGE OF BUSINESS, HEALTHCARE & TECHNOLOGY, TORONTO/KENNEDY RD.",TORONTO,M1K 5G8,EARLY CHILDCARE ASSISTANT,Human Services,Early Childhood Assistant,Y,26.9%,100.0%,66.7%,100.0%,ND,ND
201196,1458128 ONTARIO LTD.,102495,"COMPUTEK COLLEGE OF BUSINESS, HEALTHCARE & TECHNOLOGY, TORONTO/KENNEDY RD.",TORONTO,M1K 5G8,ENTERPRISE NETWORK ENIGNEERING,Computer and Information Technology,Information Technology,Y,100.0%,83.3%,33.3%,90.9%,ND,ND
201196,1458128 ONTARIO LTD.,102495,"COMPUTEK COLLEGE OF BUSINESS, HEALTHCARE & TECHNOLOGY, TORONTO/KENNEDY RD.",TORONTO,M1K 5G8,INTEGRATED APPLICATION DEVELOPMENT,Computer and Information Technology,Information Technology,Y,96.2%,70.0%,40.0%,93.8%,ND,ND
201196,1458128 ONTARIO LTD.,102495,"COMPUTEK COLLEGE OF BUSINESS, HEALTHCARE & TECHNOLOGY, TORONTO/KENNEDY RD.",TORONTO,M1K 5G8,MEDICAL OFFICE ADMINISTRATION,Health Services,Medical Office Administration/Management,Y,100.0%,36.4%,21.2%,92.5%,ND,ND
201196,1458128 ONTARIO LTD.,102495,"COMPUTEK COLLEGE OF BUSINESS, HEALTHCARE & TECHNOLOGY, TORONTO/KENNEDY RD.",TORONTO,M1K 5G8,MOBILE APPLICATION DEVELOPER,Computer and Information Technology,Web Applications and Development,Y,100.0%,100.0%,33.3%,75.0%,ND,ND
201196,1458128 ONTARIO LTD.,102495,"COMPUTEK COLLEGE OF BUSINESS, HEALTHCARE & TECHNOLOGY, TORONTO/KENNEDY RD.",TORONTO,M1K 5G8,NETWORK ENGINEERING,Computer and Information Technology,Computer Engineering and Programming,Y,88.9%,ND,ND,ND,ND,ND
201196,1458128 ONTARIO LTD.,102495,"COMPUTEK COLLEGE OF BUSINESS, HEALTHCARE & TECHNOLOGY, TORONTO/KENNEDY RD.",TORONTO,M1K 5G8,PERSONAL SUPPORT WORKER,Health Services,Personal Support Worker/Personal Attendant,Y,75.6%,64.7%,52.9%,89.6%,50.0%,ND
201196,1458128 ONTARIO LTD.,106421,"COMPUTEK COLLEGE OF BUSINESS, HEALTHCARE & TECHNOLOGY, MARKHAM",MARKHAM,L3S 4N8,+,,,Y,83.3%,69.0%,47.6%,90.9%,100.0%,2.0%
201196,1458128 ONTARIO LTD.,106421,"COMPUTEK COLLEGE OF BUSINESS, HEALTHCARE & TECHNOLOGY, MARKHAM",MARKHAM,L3S 4N8,ACCOUNTING & PAYROLL ADMINISTRATOR,Business,Accounting and Payroll Administration,Y,ND,88.9%,55.6%,90.9%,ND,ND
201196,1458128 ONTARIO LTD.,106421,"COMPUTEK COLLEGE OF BUSINESS, HEALTHCARE & TECHNOLOGY, MARKHAM",MARKHAM,L3S 4N8,"ACCOUNTING, PAYROLL AND TAX",Business,Accounting,Y,97.0%,100.0%,100.0%,100.0%,ND,ND
201196,1458128 ONTARIO LTD.,106421,"COMPUTEK COLLEGE OF BUSINESS, HEALTHCARE & TECHNOLOGY, MARKHAM",MARKHAM,L3S 4N8,COMMUNITY SERVICES WORKER,Community and Social Services,Community Services Worker,Y,98.0%,50.0%,20.0%,84.6%,ND,ND
201196,1458128 ONTARIO LTD.,106421,"COMPUTEK COLLEGE OF BUSINESS, HEALTHCARE & TECHNOLOGY, MARKHAM",MARKHAM,L3S 4N8,EARLY CHILDCARE ASSISTANT,Human Services,Early Childhood Assistant,Y,SS,SS,SS,SS,ND,ND
201196,1458128 ONTARIO LTD.,106421,"COMPUTEK COLLEGE OF BUSINESS, HEALTHCARE & TECHNOLOGY, MARKHAM",MARKHAM,L3S 4N8,PERSONAL SUPPORT WORKER,Health Services,Personal Support Worker/Personal Attendant,Y,66.2%,63.2%,47.4%,95.8%,100.0%,ND
201201,PROGRESSIVE TRAINING CENTRE INC.,+,+,,,+,,,Y,59.7%,63.6%,59.1%,76.2%,100.0%,ND
201201,PROGRESSIVE TRAINING CENTRE INC.,102472,"PROGRESSIVE TRAINING COLLEGE OF BUSINESS & HEALTH, TORONTO/RIMROCK",TORONTO,M3J 3C6,+,,,Y,58.3%,66.7%,66.7%,66.7%,ND,ND
201201,PROGRESSIVE TRAINING CENTRE INC.,102472,"PROGRESSIVE TRAINING COLLEGE OF BUSINESS & HEALTH, TORONTO/RIMROCK",TORONTO,M3J 3C6,"ACCOUNTING, BUSINESS MANAGEMENT AND BUSINESS ADMINISTRATION",Business,Business Management,Y,ND,ND,ND,ND,ND,ND
201201,PROGRESSIVE TRAINING CENTRE INC.,102472,"PROGRESSIVE TRAINING COLLEGE OF BUSINESS & HEALTH, TORONTO/RIMROCK",TORONTO,M3J 3C6,AUTO SERVICE ADVISOR,Motive Power Trade,Automotive Service Technician,Y,SS,ND,ND,ND,ND,ND
201201,PROGRESSIVE TRAINING CENTRE INC.,102472,"PROGRESSIVE TRAINING COLLEGE OF BUSINESS & HEALTH, TORONTO/RIMROCK",TORONTO,M3J 3C6,BUSINESS ADMINISTRATION,Business,Business Administration,Y,SS,ND,ND,ND,ND,ND
201201,PROGRESSIVE TRAINING CENTRE INC.,102472,"PROGRESSIVE TRAINING COLLEGE OF BUSINESS & HEALTH, TORONTO/RIMROCK",TORONTO,M3J 3C6,CUSTOMER SERVICE FOR THE CANNABIS INDUSTRY,Services,Customer Service/Retail Sales,Y,SS,ND,ND,ND,ND,ND
201201,PROGRESSIVE TRAINING CENTRE INC.,102472,"PROGRESSIVE TRAINING COLLEGE OF BUSINESS & HEALTH, TORONTO/RIMROCK",TORONTO,M3J 3C6,CUSTOMER SERVICE,Services,Customer Service/Retail Sales,Y,SS,ND,ND,ND,ND,ND
201201,PROGRESSIVE TRAINING CENTRE INC.,102472,"PROGRESSIVE TRAINING COLLEGE OF BUSINESS & HEALTH, TORONTO/RIMROCK",TORONTO,M3J 3C6,CUSTOMER SERVICE: EXPRESS LANE,Services,Customer Service/Retail Sales,Y,SS,SS,SS,SS,ND,ND
201201,PROGRESSIVE TRAINING CENTRE INC.,102472,"PROGRESSIVE TRAINING COLLEGE OF BUSINESS & HEALTH, TORONTO/RIMROCK",TORONTO,M3J 3C6,HUMAN RESOURCES AND OFFICE ADMINISTRATION,Business,Human Resources,Y,ND,ND,ND,ND,ND,ND
201201,PROGRESSIVE TRAINING CENTRE INC.,102472,"PROGRESSIVE TRAINING COLLEGE OF BUSINESS & HEALTH, TORONTO/RIMROCK",TORONTO,M3J 3C6,"HUMAN RESOURCES, BUSINESS MANAGEMENT AND BUSINESS ADMINISTRATION",Business,Business Administration,Y,ND,SS,SS,SS,ND,ND
201201,PROGRESSIVE TRAINING CENTRE INC.,102472,"PROGRESSIVE TRAINING COLLEGE OF BUSINESS & HEALTH, TORONTO/RIMROCK",TORONTO,M3J 3C6,OFFICE ADMINISTRATION - GENERAL,Business,Office Administration,Y,SS,SS,SS,SS,ND,ND
201201,PROGRESSIVE TRAINING CENTRE INC.,102472,"PROGRESSIVE TRAINING COLLEGE OF BUSINESS & HEALTH, TORONTO/RIMROCK",TORONTO,M3J 3C6,PRODUCTION CLERK,Services,Other - Services,Y,SS,ND,ND,ND,ND,ND
201201,PROGRESSIVE TRAINING CENTRE INC.,103221,"PROGRESSIVE TRAINING COLLEGE OF BUSINESS & HEALTH, TORONTO/SCARBOROUGH",TORONTO,M1V 0B8,+,,,Y,28.6%,SS,SS,SS,ND,ND
201201,PROGRESSIVE TRAINING CENTRE INC.,103221,"PROGRESSIVE TRAINING COLLEGE OF BUSINESS & HEALTH, TORONTO/SCARBOROUGH",TORONTO,M1V 0B8,AUTO SERVICE ADVISOR,Motive Power Trade,Automotive Service Technician,Y,SS,SS,SS,SS,ND,ND
201201,PROGRESSIVE TRAINING CENTRE INC.,103221,"PROGRESSIVE TRAINING COLLEGE OF BUSINESS & HEALTH, TORONTO/SCARBOROUGH",TORONTO,M1V 0B8,CUSTOMER SERVICE: EXPRESS LANE,Services,Customer Service/Retail Sales,Y,40.0%,ND,ND,ND,ND,ND
201201,PROGRESSIVE TRAINING CENTRE INC.,103221,"PROGRESSIVE TRAINING COLLEGE OF BUSINESS & HEALTH, TORONTO/SCARBOROUGH",TORONTO,M1V 0B8,HUMAN RESOURCES AND OFFICE ADMINISTRATION,Business,Human Resources,Y,SS,ND,ND,ND,ND,ND
201201,PROGRESSIVE TRAINING CENTRE INC.,104639,"PROGRESSIVE TRAINING COLLEGE OF BUSINESS & HEALTH, BARRIE",BARRIE,L4M 3B3,+,,,Y,61.5%,50.0%,50.0%,62.5%,100.0%,ND
201201,PROGRESSIVE TRAINING CENTRE INC.,104639,"PROGRESSIVE TRAINING COLLEGE OF BUSINESS & HEALTH, BARRIE",BARRIE,L4M 3B3,ACCOUNTING AND OFFICE ADMINISTRATION,Business,Accounting,Y,50.0%,SS,SS,SS,ND,ND
201201,PROGRESSIVE TRAINING CENTRE INC.,104639,"PROGRESSIVE TRAINING COLLEGE OF BUSINESS & HEALTH, BARRIE",BARRIE,L4M 3B3,AUTO SERVICE ADVISOR,Motive Power Trade,Automotive Service Technician,Y,100.0%,100.0%,100.0%,100.0%,ND,ND
201201,PROGRESSIVE TRAINING CENTRE INC.,104639,"PROGRESSIVE TRAINING COLLEGE OF BUSINESS & HEALTH, BARRIE",BARRIE,L4M 3B3,BUSINESS ADMINISTRATION,Business,Business Administration,Y,SS,SS,SS,SS,100.0%,ND
201201,PROGRESSIVE TRAINING CENTRE INC.,104639,"PROGRESSIVE TRAINING COLLEGE OF BUSINESS & HEALTH, BARRIE",BARRIE,L4M 3B3,CUSTOMER SERVICE,Services,Customer Service/Retail Sales,Y,SS,ND,ND,ND,ND,ND
201201,PROGRESSIVE TRAINING CENTRE INC.,104639,"PROGRESSIVE TRAINING COLLEGE OF BUSINESS & HEALTH, BARRIE",BARRIE,L4M 3B3,CUSTOMER SERVICE: EXPRESS LANE,Services,Customer Service/Retail Sales,Y,SS,ND,ND,ND,ND,ND
201201,PROGRESSIVE TRAINING CENTRE INC.,104639,"PROGRESSIVE TRAINING COLLEGE OF BUSINESS & HEALTH, BARRIE",BARRIE,L4M 3B3,DISPATCH,Services,Other - Services,Y,SS,ND,ND,ND,ND,ND
201201,PROGRESSIVE TRAINING CENTRE INC.,104639,"PROGRESSIVE TRAINING COLLEGE OF BUSINESS & HEALTH, BARRIE",BARRIE,L4M 3B3,"HUMAN RESOURCES, BUSINESS MANAGEMENT AND BUSINESS ADMINISTRATION",Business,Business Administration,Y,SS,ND,ND,ND,ND,ND
201201,PROGRESSIVE TRAINING CENTRE INC.,104639,"PROGRESSIVE TRAINING COLLEGE OF BUSINESS & HEALTH, BARRIE",BARRIE,L4M 3B3,OFFICE ADMINISTRATION - GENERAL,Business,Office Administration,Y,60.0%,SS,SS,SS,ND,ND
201201,PROGRESSIVE TRAINING CENTRE INC.,104639,"PROGRESSIVE TRAINING COLLEGE OF BUSINESS & HEALTH, BARRIE",BARRIE,L4M 3B3,PRODUCTION CLERK,Services,Other - Services,Y,SS,SS,SS,SS,ND,ND
201201,PROGRESSIVE TRAINING CENTRE INC.,104761,"PROGRESSIVE TRAINING COLLEGE OF BUSINESS & HEALTH, SAULT STE. MARIE",SAULT STE. MARIE,P6A 1A6,+,,,Y,66.7%,70.0%,60.0%,88.9%,ND,ND
201201,PROGRESSIVE TRAINING CENTRE INC.,104761,"PROGRESSIVE TRAINING COLLEGE OF BUSINESS & HEALTH, SAULT STE. MARIE",SAULT STE. MARIE,P6A 1A6,ACCOUNTING AND OFFICE ADMINISTRATION,Business,Accounting,Y,SS,ND,ND,ND,ND,ND
201201,PROGRESSIVE TRAINING CENTRE INC.,104761,"PROGRESSIVE TRAINING COLLEGE OF BUSINESS & HEALTH, SAULT STE. MARIE",SAULT STE. MARIE,P6A 1A6,BUSINESS ADMINISTRATION,Business,Business Administration,Y,ND,SS,SS,ND,ND,ND
201201,PROGRESSIVE TRAINING CENTRE INC.,104761,"PROGRESSIVE TRAINING COLLEGE OF BUSINESS & HEALTH, SAULT STE. MARIE",SAULT STE. MARIE,P6A 1A6,HUMAN RESOURCES AND OFFICE ADMINISTRATION,Business,Human Resources,Y,SS,SS,SS,SS,ND,ND
201201,PROGRESSIVE TRAINING CENTRE INC.,104761,"PROGRESSIVE TRAINING COLLEGE OF BUSINESS & HEALTH, SAULT STE. MARIE",SAULT STE. MARIE,P6A 1A6,OFFICE ADMINISTRATION - GENERAL,Business,Office Administration,Y,SS,ND,ND,ND,ND,ND
201201,PROGRESSIVE TRAINING CENTRE INC.,104761,"PROGRESSIVE TRAINING COLLEGE OF BUSINESS & HEALTH, SAULT STE. MARIE",SAULT STE. MARIE,P6A 1A6,PERSONAL SUPPORT WORKER,Health Services,Personal Support Worker/Personal Attendant,Y,65.0%,85.7%,71.4%,100.0%,ND,ND
201201,PROGRESSIVE TRAINING CENTRE INC.,104761,"PROGRESSIVE TRAINING COLLEGE OF BUSINESS & HEALTH, SAULT STE. MARIE",SAULT STE. MARIE,P6A 1A6,PRODUCTION CLERK,Services,Other - Services,Y,SS,SS,SS,SS,ND,ND
201206,CANADIAN NATIONAL INSTITUTE OF HEALTH INC.,+,+,,,+,,,Y,86.6%,96.4%,90.9%,81.0%,100.0%,ND
201206,CANADIAN NATIONAL INSTITUTE OF HEALTH INC.,102468,"CANADIAN NATIONAL INSTITUTE OF HEALTH INC., OTTAWA",OTTAWA,K1N 7E8,+,,,Y,86.6%,96.4%,90.9%,81.0%,100.0%,ND
201206,CANADIAN NATIONAL INSTITUTE OF HEALTH INC.,102468,"CANADIAN NATIONAL INSTITUTE OF HEALTH INC., OTTAWA",OTTAWA,K1N 7E8,DENTAL HYGIENE,Health Services,Dental Hygienist,Y,87.2%,95.3%,90.7%,77.8%,100.0%,ND
201206,CANADIAN NATIONAL INSTITUTE OF HEALTH INC.,102468,"CANADIAN NATIONAL INSTITUTE OF HEALTH INC., OTTAWA",OTTAWA,K1N 7E8,DIAGNOSTIC MEDICAL SONOGRAPHY,Health Services,Medical Sonography/Ultrasound Technology,Y,85.5%,100.0%,91.7%,92.3%,ND,ND
201213,C & C PROFESSIONAL TRUCK TRAINING OF CANADA LTD.,+,+,,,+,,,Y,83.3%,85.7%,85.7%,100.0%,ND,ND
201213,C & C PROFESSIONAL TRUCK TRAINING OF CANADA LTD.,102513,"C & C PROFESSIONAL TRUCK TRAINING OF CANADA LTD., CORNWALL",CORNWALL,K6J 5H3,+,,,Y,83.3%,85.7%,85.7%,100.0%,ND,ND
201213,C & C PROFESSIONAL TRUCK TRAINING OF CANADA LTD.,102513,"C & C PROFESSIONAL TRUCK TRAINING OF CANADA LTD., CORNWALL",CORNWALL,K6J 5H3,AZ TRUCK DRIVER TRAINING,Tractor-Trailer / Driver Licensing,AZ Class Truck Driver,Y,83.3%,85.7%,85.7%,100.0%,ND,ND
201220,YEETECH TECHNOLOGY INC.,203997,"PHARMA-MEDICAL SCIENCE COLLEGE OF CANADA, TORONTO, 2 BILLINGHAM ROAD",TORONTO,M9B 6E1,+,,,Y,100.0%,ND,ND,ND,ND,ND
201220,YEETECH TECHNOLOGY INC.,203997,"PHARMA-MEDICAL SCIENCE COLLEGE OF CANADA, TORONTO, 2 BILLINGHAM ROAD",TORONTO,M9B 6E1,PERSONAL SUPPORT WORKER,Health Services,Personal Support Worker/Personal Attendant,Y,100.0%,ND,ND,ND,ND,ND
201234,TRONTARIO TRUCK DRIVING SCHOOL LTD,+,+,,,+,,,Y,32.4%,90.9%,63.6%,95.7%,100.0%,ND
201234,TRONTARIO TRUCK DRIVING SCHOOL LTD,102637,"TRONTARIO TRUCK DRIVING SCHOOL, TORONTO",TORONTO,M9M 3A4,+,,,Y,32.4%,90.9%,63.6%,95.7%,100.0%,ND
201234,TRONTARIO TRUCK DRIVING SCHOOL LTD,102637,"TRONTARIO TRUCK DRIVING SCHOOL, TORONTO",TORONTO,M9M 3A4,TRACTOR TRAILER (A) DRIVER (MELT COMPLIANT),Tractor-Trailer / Driver Licensing,A Class Truck Driver,Y,32.4%,90.9%,63.6%,95.7%,100.0%,ND
201247,CANADIAN WELDING SKILLS INC.,+,+,,,+,,,Y,100.0%,100.0%,92.9%,100.0%,100.0%,ND
201247,CANADIAN WELDING SKILLS INC.,102673,"CANADIAN WELDING SKILLS, ENNISMORE",ENNISMORE,K0L 1T0,+,,,Y,100.0%,100.0%,92.9%,100.0%,100.0%,ND
201247,CANADIAN WELDING SKILLS INC.,102673,"CANADIAN WELDING SKILLS, ENNISMORE",ENNISMORE,K0L 1T0,ENTRY LEVEL MULTI PROCESS WELDER PART TIME,Industrial Trade,Welder,Y,100.0%,100.0%,50.0%,100.0%,100.0%,ND
201247,CANADIAN WELDING SKILLS INC.,102673,"CANADIAN WELDING SKILLS, ENNISMORE",ENNISMORE,K0L 1T0,ENTRY LEVEL MULTI PROCESS WELDER,Industrial Trade,Welder,Y,100.0%,100.0%,100.0%,100.0%,100.0%,ND
201258,PASSION BEAUTY ACADEMY INC.,+,+,,,+,,,Y,92.3%,80.0%,60.0%,62.5%,100.0%,ND
201258,PASSION BEAUTY ACADEMY INC.,102582,"PASSION BEAUTY ACADEMY INC., MISSISSAUGA",MISSISSAUGA,L4W 4J7,+,,,Y,92.3%,80.0%,60.0%,62.5%,100.0%,0.0%
201258,PASSION BEAUTY ACADEMY INC.,102582,"PASSION BEAUTY ACADEMY INC., MISSISSAUGA",MISSISSAUGA,L4W 4J7,HAIRSTYLING,Service Trade,Hairstylist,Y,90.0%,75.0%,75.0%,50.0%,100.0%,ND
201258,PASSION BEAUTY ACADEMY INC.,102582,"PASSION BEAUTY ACADEMY INC., MISSISSAUGA",MISSISSAUGA,L4W 4J7,MAKE UP COURSE,Human Services,Cosmetology/Make-up Application,Y,SS,SS,SS,SS,ND,ND
201262,FRIENDLY LOGISTICS INC.,+,+,,,+,,,Y,95.3%,84.4%,73.3%,95.6%,100.0%,ND
201262,FRIENDLY LOGISTICS INC.,102795,"FRIENDLY TRUCK DRIVING SCHOOL, TORONTO",TORONTO,M1X 1N4,+,,,Y,95.3%,84.4%,73.3%,95.6%,100.0%,ND
201262,FRIENDLY LOGISTICS INC.,102795,"FRIENDLY TRUCK DRIVING SCHOOL, TORONTO",TORONTO,M1X 1N4,AZ PROGRAM,Tractor-Trailer / Driver Licensing,AZ Class Truck Driver,Y,83.9%,80.0%,70.0%,100.0%,ND,ND
201262,FRIENDLY LOGISTICS INC.,102795,"FRIENDLY TRUCK DRIVING SCHOOL, TORONTO",TORONTO,M1X 1N4,TRACTOR-TRAILER MELT,Tractor-Trailer / Driver Licensing,A Class Truck Driver,Y,100.0%,85.7%,74.3%,94.1%,100.0%,ND
201270,WORKING SKILLS CENTRE,+,+,,,+,,,Y,29.3%,80.0%,60.0%,100.0%,ND,ND
201270,WORKING SKILLS CENTRE,102942,"ACADEMY OF COMPUTER & EMPLOYMENT SKILLS, TORONTO",TORONTO,M4P 1G8,+,,,Y,29.3%,80.0%,60.0%,100.0%,ND,ND
201270,WORKING SKILLS CENTRE,102942,"ACADEMY OF COMPUTER & EMPLOYMENT SKILLS, TORONTO",TORONTO,M4P 1G8,ADMINISTRATIVE ASSISTANT WITH DESKTOP PUBLISHING,Business,Office Administration,Y,29.3%,80.0%,60.0%,100.0%,ND,ND
201272,THE SCHOOL OF TORONTO DANCE THEATRE,+,+,,,+,,,Y,54.2%,75.0%,62.5%,55.6%,ND,ND
201272,THE SCHOOL OF TORONTO DANCE THEATRE,102881,"THE SCHOOL OF TORONTO DANCE THEATRE, TORONTO",TORONTO,M4X 1B2,+,,,Y,54.2%,75.0%,62.5%,55.6%,ND,ND
201272,THE SCHOOL OF TORONTO DANCE THEATRE,102881,"THE SCHOOL OF TORONTO DANCE THEATRE, TORONTO",TORONTO,M4X 1B2,PROFESSIONAL TRAINING PROGRAM (DANCE),Applied Arts and Science,Performing Arts,Y,54.2%,75.0%,62.5%,55.6%,ND,ND
201273,BIZTECH INSTITUTE INC.,+,+,,,+,,,Y,60.9%,83.3%,83.3%,64.3%,ND,ND
201273,BIZTECH INSTITUTE INC.,102844,"BIZTECH COLLEGE OF HEALTH SCIENCES, BUSINESS AND TECHNOLOGY, MISSISSAUGA",MISSISSAUGA,L4W 1E3,+,,,Y,60.9%,83.3%,83.3%,64.3%,ND,5.1%
201273,BIZTECH INSTITUTE INC.,102844,"BIZTECH COLLEGE OF HEALTH SCIENCES, BUSINESS AND TECHNOLOGY, MISSISSAUGA",MISSISSAUGA,L4W 1E3,DIAGNOSTIC CARDIAC SONOGRAPHY,Health Services,Medical Sonography/Ultrasound Technology,Y,ND,SS,SS,SS,ND,ND
201273,BIZTECH INSTITUTE INC.,102844,"BIZTECH COLLEGE OF HEALTH SCIENCES, BUSINESS AND TECHNOLOGY, MISSISSAUGA",MISSISSAUGA,L4W 1E3,DIAGNOSTIC MEDICAL SONOGRAPHY ( GENERAL ),Health Services,Medical Sonography/Ultrasound Technology,Y,ND,SS,SS,SS,ND,ND
201273,BIZTECH INSTITUTE INC.,102844,"BIZTECH COLLEGE OF HEALTH SCIENCES, BUSINESS AND TECHNOLOGY, MISSISSAUGA",MISSISSAUGA,L4W 1E3,EXECUTIVE MANAGEMENT IN BUSINESS ADMINISTRATION,Business,Business Administration,Y,SS,ND,ND,ND,ND,ND
201273,BIZTECH INSTITUTE INC.,102844,"BIZTECH COLLEGE OF HEALTH SCIENCES, BUSINESS AND TECHNOLOGY, MISSISSAUGA",MISSISSAUGA,L4W 1E3,MEDICAL LABORATORY ASSISTANT /TECHNICIAN,Health Services,Medical Laboratory Technician,Y,SS,SS,SS,SS,ND,ND
201273,BIZTECH INSTITUTE INC.,102844,"BIZTECH COLLEGE OF HEALTH SCIENCES, BUSINESS AND TECHNOLOGY, MISSISSAUGA",MISSISSAUGA,L4W 1E3,PRIMARY CARE PARAMEDIC,Health Services,Paramedic,Y,52.9%,87.5%,87.5%,55.6%,ND,ND
201273,BIZTECH INSTITUTE INC.,102844,"BIZTECH COLLEGE OF HEALTH SCIENCES, BUSINESS AND TECHNOLOGY, MISSISSAUGA",MISSISSAUGA,L4W 1E3,PROFESSIONAL ACCOUNTING & PAYROLL ADMINISTRATION,Business,Accounting,Y,ND,ND,ND,ND,ND,ND
201274,TORONTO MONTESSORI SCHOOLS,102990,"TORONTO MONTESSORI INSTITUTE, RICHMOND HILL",RICHMOND HILL,L4B 3M7,+,,,Y,88.1%,ND,ND,ND,ND,ND
201274,TORONTO MONTESSORI SCHOOLS,102990,"TORONTO MONTESSORI INSTITUTE, RICHMOND HILL",RICHMOND HILL,L4B 3M7,EARLY CHILDHOOD (2 1/2 THROUGH 6) DIPLOMA COURSE (PART-TIME),Human Services,Educator,Y,100.0%,ND,ND,ND,ND,ND
201274,TORONTO MONTESSORI SCHOOLS,102990,"TORONTO MONTESSORI INSTITUTE, RICHMOND HILL",RICHMOND HILL,L4B 3M7,ELEMENTARY I & II DIPLOMA COURSE (SUMMER-MODE),Human Services,Educator,Y,69.2%,ND,ND,ND,ND,ND
201274,TORONTO MONTESSORI SCHOOLS,102990,"TORONTO MONTESSORI INSTITUTE, RICHMOND HILL",RICHMOND HILL,L4B 3M7,INFANT TODDLER PROGRAMME DIPLOMA COURSE (SUMMER-MODE),Human Services,Early Childhood Assistant,Y,92.3%,ND,ND,ND,ND,ND
201275,1388912 ONTARIO LTD.,+,+,,,+,,,Y,56.7%,73.6%,48.6%,83.4%,100.0%,ND
201275,1388912 ONTARIO LTD.,102994,"CJ HEALTH CARE COLLEGE, TORONTO EAST",TORONTO,M1B 4Z8,+,,,Y,63.9%,77.1%,57.1%,85.2%,100.0%,4.2%
201275,1388912 ONTARIO LTD.,102994,"CJ HEALTH CARE COLLEGE, TORONTO EAST",TORONTO,M1B 4Z8,ACCOUNTING AND PAYROLL ADMINISTRATION,Business,Accounting and Payroll Administration,Y,SS,ND,ND,ND,ND,ND
201275,1388912 ONTARIO LTD.,102994,"CJ HEALTH CARE COLLEGE, TORONTO EAST",TORONTO,M1B 4Z8,BUSINESS MANAGEMENT,Business,Business Management,Y,100.0%,60.0%,20.0%,71.4%,ND,ND
201275,1388912 ONTARIO LTD.,102994,"CJ HEALTH CARE COLLEGE, TORONTO EAST",TORONTO,M1B 4Z8,COMMUNITY SERVICES WORKER,Community and Social Services,Community Services Worker,Y,ND,86.7%,66.7%,89.5%,100.0%,ND
201275,1388912 ONTARIO LTD.,102994,"CJ HEALTH CARE COLLEGE, TORONTO EAST",TORONTO,M1B 4Z8,MEDICAL LABORATORY ASSISTANT/ TECHNICIAN,Health Services,Medical Laboratory Technician,Y,58.3%,75.0%,50.0%,80.0%,ND,ND
201275,1388912 ONTARIO LTD.,102994,"CJ HEALTH CARE COLLEGE, TORONTO EAST",TORONTO,M1B 4Z8,MEDICAL OFFICE ADMINISTRATOR,Health Services,Medical Office Administration/Management,Y,94.7%,92.3%,76.9%,81.3%,100.0%,ND
201275,1388912 ONTARIO LTD.,102994,"CJ HEALTH CARE COLLEGE, TORONTO EAST",TORONTO,M1B 4Z8,PERSONAL SUPPORT WORKER,Health Services,Personal Support Worker/Personal Attendant,Y,49.4%,69.6%,52.2%,87.5%,ND,ND
201275,1388912 ONTARIO LTD.,102994,"CJ HEALTH CARE COLLEGE, TORONTO EAST",TORONTO,M1B 4Z8,PHARMACY ASSISTANT,Health Services,Pharmacy Assistant,Y,81.8%,66.7%,50.0%,100.0%,ND,ND
201275,1388912 ONTARIO LTD.,116990,"CJ HEALTH CARE COLLEGE, TORONTO WEST",NORTH YORK,M3J 3K2,+,,,Y,51.8%,70.5%,41.0%,81.8%,100.0%,1.1%
201275,1388912 ONTARIO LTD.,116990,"CJ HEALTH CARE COLLEGE, TORONTO WEST",NORTH YORK,M3J 3K2,BUSINESS MANAGEMENT,Business,Business Management,Y,SS,60.0%,20.0%,71.4%,ND,ND
201275,1388912 ONTARIO LTD.,116990,"CJ HEALTH CARE COLLEGE, TORONTO WEST",NORTH YORK,M3J 3K2,COMMUNITY SERVICES WORKER,Community and Social Services,Community Services Worker,Y,ND,28.6%,14.3%,88.9%,100.0%,ND
201275,1388912 ONTARIO LTD.,116990,"CJ HEALTH CARE COLLEGE, TORONTO WEST",NORTH YORK,M3J 3K2,MEDICAL LABORATORY ASSISTANT/ TECHNICIAN,Health Services,Medical Laboratory Technician,Y,58.1%,66.7%,40.0%,81.3%,ND,ND
201275,1388912 ONTARIO LTD.,116990,"CJ HEALTH CARE COLLEGE, TORONTO WEST",NORTH YORK,M3J 3K2,MEDICAL OFFICE ADMINISTRATOR,Health Services,Medical Office Administration/Management,Y,64.7%,61.9%,19.0%,68.0%,100.0%,ND
201275,1388912 ONTARIO LTD.,116990,"CJ HEALTH CARE COLLEGE, TORONTO WEST",NORTH YORK,M3J 3K2,PERSONAL SUPPORT WORKER,Health Services,Personal Support Worker/Personal Attendant,Y,45.5%,90.0%,66.7%,93.5%,100.0%,ND
201276,FOUNDATION FOR MONTESSORI EDUCATION,+,+,,,+,,,Y,93.3%,100.0%,100.0%,91.7%,100.0%,ND
201276,FOUNDATION FOR MONTESSORI EDUCATION,102852,"FOUNDATION FOR MONTESSORI EDUCATION, TORONTO",TORONTO,M6S 1M7,+,,,Y,93.3%,100.0%,100.0%,91.7%,100.0%,ND
201276,FOUNDATION FOR MONTESSORI EDUCATION,102852,"FOUNDATION FOR MONTESSORI EDUCATION, TORONTO",TORONTO,M6S 1M7,A.M.I. PRIMARY TEACHER TRAINING PROGRAMME,Human Services,Educator,Y,93.3%,100.0%,100.0%,91.7%,100.0%,ND
201277,CANADIAN MOTHERCRAFT SOCIETY,+,+,,,+,,,Y,95.8%,94.1%,94.1%,94.3%,100.0%,ND
201277,CANADIAN MOTHERCRAFT SOCIETY,102902,"MOTHERCRAFT COLLEGE OF EARLY CHILDHOOD EDUCATION, TORONTO",TORONTO,M6C 1A9,+,,,Y,95.8%,94.1%,94.1%,94.3%,100.0%,0.0%
201277,CANADIAN MOTHERCRAFT SOCIETY,102902,"MOTHERCRAFT COLLEGE OF EARLY CHILDHOOD EDUCATION, TORONTO",TORONTO,M6C 1A9,EARLY CHILDHOOD EDUCATION - FULL-TIME,Human Services,Educator,Y,95.8%,94.1%,94.1%,94.3%,100.0%,ND
201286,ST. THOMAS FLIGHT CENTRE LTD.,+,+,,,+,,,Y,57.1%,85.7%,57.1%,85.7%,ND,ND
201286,ST. THOMAS FLIGHT CENTRE LTD.,103072,"ST. THOMAS FLIGHT CENTRE, LONDON",ST. THOMAS,N5P 3S7,+,,,Y,57.1%,85.7%,57.1%,85.7%,ND,ND
201286,ST. THOMAS FLIGHT CENTRE LTD.,103072,"ST. THOMAS FLIGHT CENTRE, LONDON",ST. THOMAS,N5P 3S7,COMMERCIAL PILOT - AEROPLANE,Flight Training,Commercial Pilot,Y,45.5%,100.0%,33.3%,100.0%,ND,ND
201286,ST. THOMAS FLIGHT CENTRE LTD.,103072,"ST. THOMAS FLIGHT CENTRE, LONDON",ST. THOMAS,N5P 3S7,FLIGHT INSTRUCTOR RATING - AEROPLANE,Flight Training,Flight Instructor,Y,SS,SS,SS,SS,ND,ND
201291,BRAMPTON FLYING CLUB,+,+,,,+,,,Y,46.8%,85.7%,82.1%,93.3%,100.0%,ND
201291,BRAMPTON FLYING CLUB,103092,"BRAMPTON FLIGHT CENTRE, CALEDON",CALEDON,L7C 3L7,+,,,Y,46.8%,85.7%,82.1%,93.3%,100.0%,ND
201291,BRAMPTON FLYING CLUB,103092,"BRAMPTON FLIGHT CENTRE, CALEDON",CALEDON,L7C 3L7,AIRLINE TRANSPORT PILOT - ATP(A) INTEGRATED COURSE,Flight Training,Other - Flight Training,Y,64.7%,83.3%,83.3%,71.4%,ND,ND
201291,BRAMPTON FLYING CLUB,103092,"BRAMPTON FLIGHT CENTRE, CALEDON",CALEDON,L7C 3L7,COMMERCIAL PILOT LICENCE - AEROPLANE,Flight Training,Commercial Pilot,Y,30.8%,83.3%,75.0%,100.0%,ND,ND
201291,BRAMPTON FLYING CLUB,103092,"BRAMPTON FLIGHT CENTRE, CALEDON",CALEDON,L7C 3L7,FLIGHT INSTRUCTOR RATING TRAINING,Flight Training,Flight Instructor,Y,60.9%,90.0%,90.0%,100.0%,100.0%,ND
201293,CANADA'S NATIONAL BALLET SCHOOL,+,+,,,+,,,Y,100.0%,100.0%,100.0%,100.0%,100.0%,ND
201293,CANADA'S NATIONAL BALLET SCHOOL,103093,"CANADA'S NATIONAL BALLET SCHOOL, TORONTO",TORONTO,M4Y 2G6,+,,,Y,100.0%,100.0%,100.0%,100.0%,100.0%,ND
201293,CANADA'S NATIONAL BALLET SCHOOL,103093,"CANADA'S NATIONAL BALLET SCHOOL, TORONTO",TORONTO,M4Y 2G6,TEACHER TRAINING CERTIFICATE IN PEDAGOGICAL STUDIES,Human Services,Educator,Y,ND,ND,ND,ND,ND,ND
201293,CANADA'S NATIONAL BALLET SCHOOL,103093,"CANADA'S NATIONAL BALLET SCHOOL, TORONTO",TORONTO,M4Y 2G6,TEACHER TRAINING PROFESSIONAL DANCER PROGRAM DIPLOMA,Applied Arts and Science,Performing Arts,Y,ND,SS,SS,SS,ND,ND
201293,CANADA'S NATIONAL BALLET SCHOOL,103093,"CANADA'S NATIONAL BALLET SCHOOL, TORONTO",TORONTO,M4Y 2G6,TEACHER TRAINING PROGRAM 3 YEAR DIPLOMA,Human Services,Educator,Y,100.0%,100.0%,100.0%,100.0%,100.0%,ND
201294,COMPLECTIONS INTERNATIONAL ACADEMY INC.,+,+,,,+,,,Y,94.6%,78.9%,47.4%,64.3%,ND,ND
201294,COMPLECTIONS INTERNATIONAL ACADEMY INC.,103097,"CMU COLLEGE OF MAKEUP ART AND DESIGN, TORONTO, 110 LOMBARD STREET",TORONTO,M5C 1M3,+,,,Y,94.6%,78.9%,47.4%,64.3%,ND,0.0%
201294,COMPLECTIONS INTERNATIONAL ACADEMY INC.,103097,"CMU COLLEGE OF MAKEUP ART AND DESIGN, TORONTO, 110 LOMBARD STREET",TORONTO,M5C 1M3,DIGITAL MAKEUP EFFECTS ARTIST PROGRAM: CREATURE AND CHARACTER DESIGN,Computer and Information Technology,Other - Information Technology,Y,100.0%,100.0%,33.3%,75.0%,ND,ND
201294,COMPLECTIONS INTERNATIONAL ACADEMY INC.,103097,"CMU COLLEGE OF MAKEUP ART AND DESIGN, TORONTO, 110 LOMBARD STREET",TORONTO,M5C 1M3,FASHION PHOTOGRAPHIC MAKE-UP ARTIST,Human Services,Cosmetology/Make-up Application,Y,SS,ND,ND,ND,ND,ND
201294,COMPLECTIONS INTERNATIONAL ACADEMY INC.,103097,"CMU COLLEGE OF MAKEUP ART AND DESIGN, TORONTO, 110 LOMBARD STREET",TORONTO,M5C 1M3,THE COMPLETE MAKE-UP ARTIST,Human Services,Cosmetology/Make-up Application,Y,95.0%,82.8%,51.7%,65.5%,ND,ND
201294,COMPLECTIONS INTERNATIONAL ACADEMY INC.,103097,"CMU COLLEGE OF MAKEUP ART AND DESIGN, TORONTO, 110 LOMBARD STREET",TORONTO,M5C 1M3,THE COMPREHENSIVE MAKE-UP ARTIST PROGRAM,Human Services,Cosmetology/Make-up Application,Y,84.6%,100.0%,100.0%,100.0%,ND,ND
201294,COMPLECTIONS INTERNATIONAL ACADEMY INC.,103097,"CMU COLLEGE OF MAKEUP ART AND DESIGN, TORONTO, 110 LOMBARD STREET",TORONTO,M5C 1M3,THE GLOBAL MAKEUP ARTIST PROGRAM,Human Services,Cosmetology/Make-up Application,Y,SS,SS,SS,SS,ND,ND
201294,COMPLECTIONS INTERNATIONAL ACADEMY INC.,103097,"CMU COLLEGE OF MAKEUP ART AND DESIGN, TORONTO, 110 LOMBARD STREET",TORONTO,M5C 1M3,TOTAL FASHION MAKE-UP,Human Services,Cosmetology/Make-up Application,Y,100.0%,33.3%,0.0%,50.0%,ND,ND
201295,CANADIAN CENTRE FOR SKILLS DEVELOPMENT,+,+,,,+,,,Y,SS,ND,ND,SS,ND,ND
201295,CANADIAN CENTRE FOR SKILLS DEVELOPMENT,103101,"TRAVEL COLLEGE CANADA, TORONTO",TORONTO,M6A 3B4,+,,,Y,SS,ND,ND,SS,ND,ND
201295,CANADIAN CENTRE FOR SKILLS DEVELOPMENT,103101,"TRAVEL COLLEGE CANADA, TORONTO",TORONTO,M6A 3B4,INTERNATIONAL TOURISM MANAGEMENT DE,Services,Travel and Tourism,Y,SS,ND,ND,SS,ND,ND
201297,1399361 ONTARIO INC.,+,+,,,+,,,Y,63.2%,66.7%,33.3%,100.0%,ND,ND
201297,1399361 ONTARIO INC.,102995,"ABC ACCESS BUSINESS COLLEGE, TORONTO","NORTH YORK , TORONTO",M2M 3V7,+,,,Y,63.2%,66.7%,33.3%,100.0%,ND,ND
201297,1399361 ONTARIO INC.,102995,"ABC ACCESS BUSINESS COLLEGE, TORONTO","NORTH YORK , TORONTO",M2M 3V7,BUSINESS ADMINISTRATION (BA),Business,Business Administration,Y,SS,SS,SS,SS,ND,ND
201297,1399361 ONTARIO INC.,102995,"ABC ACCESS BUSINESS COLLEGE, TORONTO","NORTH YORK , TORONTO",M2M 3V7,FOOD AND BEVERAGE MANAGEMENT,Business,Hospitality Administration/Management,Y,ND,SS,SS,SS,ND,ND
201297,1399361 ONTARIO INC.,102995,"ABC ACCESS BUSINESS COLLEGE, TORONTO","NORTH YORK , TORONTO",M2M 3V7,GRAPHIC AND WEB DESIGN,Applied Arts and Science,Graphic Design/Printing,Y,57.1%,SS,SS,SS,ND,ND
201297,1399361 ONTARIO INC.,102995,"ABC ACCESS BUSINESS COLLEGE, TORONTO","NORTH YORK , TORONTO",M2M 3V7,HOSPITALITY MANAGEMENT,Business,Hospitality Administration/Management,Y,SS,ND,ND,ND,ND,ND
201297,1399361 ONTARIO INC.,102995,"ABC ACCESS BUSINESS COLLEGE, TORONTO","NORTH YORK , TORONTO",M2M 3V7,MEDICAL OFFICE ASSISTANT,Health Services,Medical Office Administration/Management,Y,60.0%,SS,SS,SS,ND,ND
201297,1399361 ONTARIO INC.,102995,"ABC ACCESS BUSINESS COLLEGE, TORONTO","NORTH YORK , TORONTO",M2M 3V7,PROPERTY ADMINISTRATOR,Business,Business Administration,Y,SS,SS,SS,SS,ND,ND
201298,GREAT LAKES HELICOPTER CORP.,+,+,,,+,,,Y,15.8%,SS,SS,SS,ND,ND
201298,GREAT LAKES HELICOPTER CORP.,103106,"GREAT LAKES HELICOPTER CORP., BRESLAU",BRESLAU,N0B 1M0,+,,,Y,15.8%,SS,SS,SS,ND,ND
201298,GREAT LAKES HELICOPTER CORP.,103106,"GREAT LAKES HELICOPTER CORP., BRESLAU",BRESLAU,N0B 1M0,COMMERCIAL PILOT - HELICOPTER,Flight Training,Other - Flight Training,Y,16.7%,SS,SS,SS,ND,ND
201298,GREAT LAKES HELICOPTER CORP.,103106,"GREAT LAKES HELICOPTER CORP., BRESLAU",BRESLAU,N0B 1M0,FLIGHT INSTRUCTOR - ALL RATINGS,Flight Training,Flight Instructor,Y,SS,ND,ND,ND,ND,ND
201301,STRATFORD AIR SERVICES LTD.,+,+,,,+,,,Y,40.0%,SS,SS,SS,ND,ND
201301,STRATFORD AIR SERVICES LTD.,103114,"STRATFORD AIR SERVICES LTD., STRATFORD",STRATFORD,N5A 6S2,+,,,Y,40.0%,SS,SS,SS,ND,ND
201301,STRATFORD AIR SERVICES LTD.,103114,"STRATFORD AIR SERVICES LTD., STRATFORD",STRATFORD,N5A 6S2,COMMERCIAL PILOT,Flight Training,Commercial Pilot,Y,40.0%,SS,SS,SS,ND,ND
201305,BRANTFORD FLYING CLUB,+,+,,,+,,,Y,14.3%,SS,SS,SS,ND,ND
201305,BRANTFORD FLYING CLUB,103117,"BRANTFORD FLIGHT CENTRE, BRANTFORD",BRANTFORD,N3T 5L7,+,,,Y,14.3%,SS,SS,SS,ND,ND
201305,BRANTFORD FLYING CLUB,103117,"BRANTFORD FLIGHT CENTRE, BRANTFORD",BRANTFORD,N3T 5L7,COMMERCIAL PILOT LICENCE - AEROPLANE,Flight Training,Commercial Pilot,Y,SS,SS,SS,SS,ND,ND
201305,BRANTFORD FLYING CLUB,103117,"BRANTFORD FLIGHT CENTRE, BRANTFORD",BRANTFORD,N3T 5L7,FLIGHT INSTRUCTOR RATING,Flight Training,Flight Instructor,Y,SS,SS,SS,SS,ND,ND
201305,BRANTFORD FLYING CLUB,103117,"BRANTFORD FLIGHT CENTRE, BRANTFORD",BRANTFORD,N3T 5L7,INTEGRATED COMMERCIAL PILOT PROGRAM,Flight Training,Commercial Pilot,Y,SS,ND,ND,ND,ND,ND
201307,OTTAWA SCHOOL OF ART/ECOLE D'ART D'OTTAWA,+,+,,,+,,,Y,18.5%,87.5%,25.0%,90.9%,ND,ND
201307,OTTAWA SCHOOL OF ART/ECOLE D'ART D'OTTAWA,103046,"OTTAWA SCHOOL OF ART/ECOLE D'ART D'OTTAWA, OTTAWA",OTTAWA,K1N 8W5,+,,,Y,18.5%,87.5%,25.0%,90.9%,ND,ND
201307,OTTAWA SCHOOL OF ART/ECOLE D'ART D'OTTAWA,103046,"OTTAWA SCHOOL OF ART/ECOLE D'ART D'OTTAWA, OTTAWA",OTTAWA,K1N 8W5,FINE ARTS (FULL TIME),Applied Arts and Science,Other - Applied Arts and Science,Y,29.4%,83.3%,16.7%,87.5%,ND,ND
201307,OTTAWA SCHOOL OF ART/ECOLE D'ART D'OTTAWA,103046,"OTTAWA SCHOOL OF ART/ECOLE D'ART D'OTTAWA, OTTAWA",OTTAWA,K1N 8W5,FINE ARTS DIPLOMA (PART TIME),Applied Arts and Science,Other - Applied Arts and Science,Y,0.0%,SS,SS,SS,ND,ND
201309,TORONTO AIRWAYS INC.,+,+,,,+,,,Y,23.3%,77.8%,33.3%,88.9%,ND,ND
201309,TORONTO AIRWAYS INC.,103120,"TORONTO AIRWAYS INC., OSHAWA",OSHAWA,L1J 8P5,+,,,Y,23.3%,77.8%,33.3%,88.9%,ND,ND
201309,TORONTO AIRWAYS INC.,103120,"TORONTO AIRWAYS INC., OSHAWA",OSHAWA,L1J 8P5,COMMERCIAL PILOT,Flight Training,Commercial Pilot,Y,37.5%,85.7%,42.9%,100.0%,ND,ND
201309,TORONTO AIRWAYS INC.,103120,"TORONTO AIRWAYS INC., OSHAWA",OSHAWA,L1J 8P5,INSTRUCTOR RATING,Flight Training,Flight Instructor,Y,7.1%,ND,ND,ND,ND,ND
201309,TORONTO AIRWAYS INC.,103120,"TORONTO AIRWAYS INC., OSHAWA",OSHAWA,L1J 8P5,INTEGRATED AIRLINE TRANSPORT PILOT LICENCE,Flight Training,Other - Flight Training,Y,ND,SS,SS,SS,ND,ND
201310,514744 ONTARIO LIMITED,+,+,,,+,,,Y,35.7%,93.8%,62.5%,82.4%,ND,ND
201310,514744 ONTARIO LIMITED,103121,"SPECTRUM AIRWAYS, MILTON",BURLINGTON,L7M OP1,+,,,Y,35.7%,93.8%,62.5%,82.4%,ND,ND
201310,514744 ONTARIO LIMITED,103121,"SPECTRUM AIRWAYS, MILTON",BURLINGTON,L7M OP1,CIVIL FLIGHT INSTRUCTOR RATING,Flight Training,Flight Instructor,Y,36.4%,100.0%,80.0%,80.0%,ND,ND
201310,514744 ONTARIO LIMITED,103121,"SPECTRUM AIRWAYS, MILTON",BURLINGTON,L7M OP1,COMMERCIAL PILOT PROGRAM,Flight Training,Commercial Pilot,Y,35.0%,90.9%,54.5%,83.3%,ND,ND
201312,CANADIAN MONTESSORI TRAINING CENTRE INC.,103125,"CANADIAN MONTESSORI TEACHER EDUCATION INSTITUTE (DOWNTOWN), FRONT ST. - TORONTO",TORONTO,M5V 3J1,+,,,Y,ND,100.0%,100.0%,100.0%,100.0%,ND
201312,CANADIAN MONTESSORI TRAINING CENTRE INC.,103125,"CANADIAN MONTESSORI TEACHER EDUCATION INSTITUTE (DOWNTOWN), FRONT ST. - TORONTO",TORONTO,M5V 3J1,INFANT & TODDLER TEACHER EDUCATION PROGRAM,Human Services,Early Childhood Assistant,Y,ND,100.0%,100.0%,100.0%,100.0%,ND
201312,CANADIAN MONTESSORI TRAINING CENTRE INC.,105119,"CANADIAN MONTESSORI TEACHER EDUCATION INSTITUTE(MARKHAM), MARKHAM",MARKHAM,L3R 1M4,+,,,Y,100.0%,100.0%,100.0%,100.0%,100.0%,ND
201312,CANADIAN MONTESSORI TRAINING CENTRE INC.,105119,"CANADIAN MONTESSORI TEACHER EDUCATION INSTITUTE(MARKHAM), MARKHAM",MARKHAM,L3R 1M4,MONTESSORI EARLY CHILDHOOD EDUCATION,Human Services,Early Childhood Assistant,Y,100.0%,100.0%,100.0%,100.0%,100.0%,ND
201312,CANADIAN MONTESSORI TRAINING CENTRE INC.,105139,"CANADIAN MONTESSORI TEACHER EDUCATION INSTITUTE (EAST YORK), CREDIT UNION DR. - TORONTO",TORONTO,M4A 2S6,+,,,Y,62.9%,100.0%,90.9%,100.0%,100.0%,ND
201312,CANADIAN MONTESSORI TRAINING CENTRE INC.,105139,"CANADIAN MONTESSORI TEACHER EDUCATION INSTITUTE (EAST YORK), CREDIT UNION DR. - TORONTO",TORONTO,M4A 2S6,MONTESSORI EARLY CHILDHOOD EDUCATION,Human Services,Early Childhood Assistant,Y,76.9%,100.0%,100.0%,100.0%,ND,ND
201312,CANADIAN MONTESSORI TRAINING CENTRE INC.,105139,"CANADIAN MONTESSORI TEACHER EDUCATION INSTITUTE (EAST YORK), CREDIT UNION DR. - TORONTO",TORONTO,M4A 2S6,MONTESSORI ELEMENTARY EDUCATION,Human Services,Educator,Y,54.5%,100.0%,87.5%,100.0%,100.0%,ND
201312,CANADIAN MONTESSORI TRAINING CENTRE INC.,105159,"CANADIAN MONTESSORI TEACHER EDUCATION INSTITUTE(MISSISSAUGA), MISSISSAUGA",MISSISSAUGA,L5B 1P7,+,,,Y,52.7%,92.3%,84.6%,96.4%,80.0%,ND
201312,CANADIAN MONTESSORI TRAINING CENTRE INC.,105159,"CANADIAN MONTESSORI TEACHER EDUCATION INSTITUTE(MISSISSAUGA), MISSISSAUGA",MISSISSAUGA,L5B 1P7,MONTESSORI EARLY CHILDHOOD EDUCATION,Human Services,Early Childhood Assistant,Y,52.7%,92.3%,84.6%,96.4%,80.0%,ND
201313,EDUCATIONAL RESOURCE NETWORK LTD.,+,+,,,+,,,Y,65.3%,97.5%,95.0%,92.9%,77.8%,ND
201313,EDUCATIONAL RESOURCE NETWORK LTD.,102931,"MONTESSORI TEACHERS COLLEGE, TORONTO/GTA",MARKHAM,L3R 0K9,+,,,Y,65.3%,97.5%,95.0%,92.9%,77.8%,ND
201313,EDUCATIONAL RESOURCE NETWORK LTD.,102931,"MONTESSORI TEACHERS COLLEGE, TORONTO/GTA",MARKHAM,L3R 0K9,EARLY CHILDHOOD MONTESSORI DIPLOMA PROGRAM,Human Services,Educator,Y,60.3%,96.9%,93.8%,97.0%,85.7%,ND
201313,EDUCATIONAL RESOURCE NETWORK LTD.,102931,"MONTESSORI TEACHERS COLLEGE, TORONTO/GTA",MARKHAM,L3R 0K9,INFANT TODDLER MONTESSORI DIPLOMA PROGRAM,Human Services,Early Childhood Assistant,Y,88.2%,100.0%,100.0%,77.8%,50.0%,ND
201316,JRS COLLEGE OF BUSINESS AND HEALTH CARE INC.,+,+,,,+,,,Y,SS,87.5%,75.0%,100.0%,ND,ND
201316,JRS COLLEGE OF BUSINESS AND HEALTH CARE INC.,102723,"JRS COLLEGE OF BUSINESS AND HEALTH CARE INC., TORONTO",TORONTO,M1S 5H6,+,,,Y,SS,87.5%,75.0%,100.0%,ND,ND
201316,JRS COLLEGE OF BUSINESS AND HEALTH CARE INC.,102723,"JRS COLLEGE OF BUSINESS AND HEALTH CARE INC., TORONTO",TORONTO,M1S 5H6,ACCOUNTING AND PAYROLL ADMINISTRATION 2017,Business,Accounting and Payroll Administration,Y,SS,ND,ND,ND,ND,ND
201316,JRS COLLEGE OF BUSINESS AND HEALTH CARE INC.,102723,"JRS COLLEGE OF BUSINESS AND HEALTH CARE INC., TORONTO",TORONTO,M1S 5H6,NACC PSW 2015,Health Services,Personal Support Worker/ Personal Attendant (NACC),Y,ND,85.7%,71.4%,100.0%,ND,ND
201316,JRS COLLEGE OF BUSINESS AND HEALTH CARE INC.,102723,"JRS COLLEGE OF BUSINESS AND HEALTH CARE INC., TORONTO",TORONTO,M1S 5H6,NACC PSW BRIDGING,Health Services,Personal Support Worker/ Personal Attendant (NACC),Y,SS,SS,SS,SS,ND,ND
201320,ST. CATHARINES FLYING CLUB,+,+,,,+,,,Y,26.7%,83.3%,66.7%,100.0%,ND,ND
201320,ST. CATHARINES FLYING CLUB,102930,"ST. CATHARINES FLYING CLUB, NIAGARA-ON-THE-LAKE",NIAGARA-ON-THE-LAKE,L0S 1J0,+,,,Y,26.7%,83.3%,66.7%,100.0%,ND,ND
201320,ST. CATHARINES FLYING CLUB,102930,"ST. CATHARINES FLYING CLUB, NIAGARA-ON-THE-LAKE",NIAGARA-ON-THE-LAKE,L0S 1J0,COMMERCIAL PILOT LICENCE - AEROPLANE/INSTRUMENT RATING [CPL(A)/IR],Flight Training,Commercial Pilot,Y,50.0%,SS,SS,SS,ND,ND
201320,ST. CATHARINES FLYING CLUB,102930,"ST. CATHARINES FLYING CLUB, NIAGARA-ON-THE-LAKE",NIAGARA-ON-THE-LAKE,L0S 1J0,FLIGHT INSTRUCTOR - ALL RATINGS,Flight Training,Flight Instructor,Y,0.0%,SS,SS,SS,ND,ND
201332,TRICARE ACADEMY INC.,+,+,,,+,,,Y,36.2%,95.5%,84.1%,95.8%,100.0%,ND
201332,TRICARE ACADEMY INC.,103217,"TRICARE ACADEMY, THORNHILL",THORNHILL,L4J 1A1,+,,,Y,36.7%,94.7%,81.6%,95.1%,100.0%,ND
201332,TRICARE ACADEMY INC.,103217,"TRICARE ACADEMY, THORNHILL",THORNHILL,L4J 1A1,FOOD SERVICE WORKER (PART TIME),Service Trade,Customer Service/Retail Sales,Y,42.1%,100.0%,87.5%,100.0%,100.0%,ND
201332,TRICARE ACADEMY INC.,103217,"TRICARE ACADEMY, THORNHILL",THORNHILL,L4J 1A1,MEDICAL OFFICE ASSISTANT,Health Services,Medical Office Administration/Management,Y,ND,SS,SS,SS,ND,ND
201332,TRICARE ACADEMY INC.,103217,"TRICARE ACADEMY, THORNHILL",THORNHILL,L4J 1A1,NACC PSW 2015,Health Services,Personal Support Worker/ Personal Attendant (NACC),Y,35.2%,93.1%,82.8%,96.9%,100.0%,ND
201332,TRICARE ACADEMY INC.,139794,"TRICARE ACADEMY, OAKVILLE",OAKVILLE,L6K 3T5,+,,,Y,33.3%,100.0%,100.0%,100.0%,100.0%,ND
201332,TRICARE ACADEMY INC.,139794,"TRICARE ACADEMY, OAKVILLE",OAKVILLE,L6K 3T5,NACC PSW 2015,Health Services,Personal Support Worker/ Personal Attendant (NACC),Y,33.3%,100.0%,100.0%,100.0%,100.0%,ND
201338,1734957 ONTARIO LTD.,+,+,,,+,,,Y,11.1%,ND,ND,ND,ND,ND
201338,1734957 ONTARIO LTD.,103223,"LIAISON COLLEGE (OAKVILLE CAMPUS), OAKVILLE",OAKVILLE,L6J 7X8,+,,,Y,11.1%,ND,ND,ND,ND,ND
201338,1734957 ONTARIO LTD.,103223,"LIAISON COLLEGE (OAKVILLE CAMPUS), OAKVILLE",OAKVILLE,L6J 7X8,CULINARY & HOSPITALITY OPERATIONS MANAGEMENT,Service Trade,Chef,Y,11.1%,ND,ND,ND,ND,ND
201339,1228332 ONTARIO INC.,+,+,,,+,,,Y,66.7%,100.0%,80.0%,80.0%,ND,ND
201339,1228332 ONTARIO INC.,103181,"NEWBOROUGH TEACHER TRAINING INSTITUTE, RICHMOND HILL",RICHMOND HILL,L4S 1L2,+,,,Y,66.7%,100.0%,80.0%,80.0%,ND,ND
201339,1228332 ONTARIO INC.,103181,"NEWBOROUGH TEACHER TRAINING INSTITUTE, RICHMOND HILL",RICHMOND HILL,L4S 1L2,MONTESSORI METHOD OF EDUCATION,Human Services,Educator,Y,66.7%,100.0%,80.0%,80.0%,ND,ND
201340,CORNWALL AVIATION (1979) LTD.,+,+,,,+,,,Y,48.6%,80.0%,70.0%,91.7%,100.0%,ND
201340,CORNWALL AVIATION (1979) LTD.,103228,"CORNWALL AVIATION (1979) LTD., SUMMERSTOWN",SUMMERSTOWN,K0C 2E0,+,,,Y,48.6%,80.0%,70.0%,91.7%,100.0%,ND
201340,CORNWALL AVIATION (1979) LTD.,103228,"CORNWALL AVIATION (1979) LTD., SUMMERSTOWN",SUMMERSTOWN,K0C 2E0,COMMERCIAL PILOT - AEROPLANE,Flight Training,Commercial Pilot,Y,20.0%,100.0%,80.0%,100.0%,100.0%,ND
201340,CORNWALL AVIATION (1979) LTD.,103228,"CORNWALL AVIATION (1979) LTD., SUMMERSTOWN",SUMMERSTOWN,K0C 2E0,FLIGHT INSTRUCTOR - ALL RATINGS,Flight Training,Flight Instructor,Y,68.2%,60.0%,60.0%,83.3%,100.0%,ND
202372,J.A.Z. LOGISTICS INC.,+,+,,,+,,,Y,95.2%,90.0%,80.0%,93.5%,100.0%,ND
202372,J.A.Z. LOGISTICS INC.,102797,"J.A.Z. TRUCK, BUS & FORKLIFT DRIVING SCHOOL, SCARBOROUGH",SCARBOROUGH,M1P 4X7,+,,,Y,95.2%,90.0%,80.0%,93.5%,100.0%,ND
202372,J.A.Z. LOGISTICS INC.,102797,"J.A.Z. TRUCK, BUS & FORKLIFT DRIVING SCHOOL, SCARBOROUGH",SCARBOROUGH,M1P 4X7,COMMERCIAL TRUCK DRIVER TRAINING STANDARD (CLASS A),Tractor-Trailer / Driver Licensing,A Class Truck Driver,Y,95.2%,90.0%,80.0%,93.5%,100.0%,ND
202401,COLLEGE OF TRADITIONAL CHINESE MEDICINE & PHARMACOLOGY OF CANADA INC.,+,+,,,+,,,Y,80.0%,85.7%,64.3%,87.5%,ND,ND
202401,COLLEGE OF TRADITIONAL CHINESE MEDICINE & PHARMACOLOGY OF CANADA INC.,102913,"COLLEGE OF TRADITIONAL CHINESE MEDICINE CANADA, TORONTO",TORONTO,M1T 3J3,+,,,Y,80.0%,85.7%,64.3%,87.5%,ND,ND
202401,COLLEGE OF TRADITIONAL CHINESE MEDICINE & PHARMACOLOGY OF CANADA INC.,102913,"COLLEGE OF TRADITIONAL CHINESE MEDICINE CANADA, TORONTO",TORONTO,M1T 3J3,MASSAGE THERAPY,Health Services,Massage Therapist,Y,80.0%,85.7%,64.3%,87.5%,ND,ND
202479,SUMMIT LEARNING CENTRES INC.,108821,"SUMMIT COLLEGE, ACADEMIC AND CAREER STUDIES, CAMBRIDGE",CAMBRIDGE,N1R 6J9,+,,,Y,SS,ND,ND,ND,ND,ND
202479,SUMMIT LEARNING CENTRES INC.,108821,"SUMMIT COLLEGE, ACADEMIC AND CAREER STUDIES, CAMBRIDGE",CAMBRIDGE,N1R 6J9,CUSTOMER SERVICE PROGRAM,Services,Customer Service/Retail Sales,Y,SS,ND,ND,ND,ND,ND
202479,SUMMIT LEARNING CENTRES INC.,108821,"SUMMIT COLLEGE, ACADEMIC AND CAREER STUDIES, CAMBRIDGE",CAMBRIDGE,N1R 6J9,OFFICE ADMINISTRATION - GENERAL,Business,Office Administration,Y,SS,ND,ND,ND,ND,ND
202479,SUMMIT LEARNING CENTRES INC.,108823,"SUMMIT COLLEGE, ACADEMIC AND CAREER STUDIES, HAMILTON MOUNTAIN",HAMILTON,L8T 1S2,+,,,Y,83.3%,85.7%,71.4%,77.8%,ND,ND
202479,SUMMIT LEARNING CENTRES INC.,108823,"SUMMIT COLLEGE, ACADEMIC AND CAREER STUDIES, HAMILTON MOUNTAIN",HAMILTON,L8T 1S2,CUSTOMER SERVICE PROGRAM,Services,Customer Service/Retail Sales,Y,100.0%,66.7%,66.7%,66.7%,ND,ND
202479,SUMMIT LEARNING CENTRES INC.,108823,"SUMMIT COLLEGE, ACADEMIC AND CAREER STUDIES, HAMILTON MOUNTAIN",HAMILTON,L8T 1S2,MEDICAL OFFICE ADMINISTRATION,Health Services,Medical Office Administration/Management,Y,ND,SS,SS,SS,ND,ND
202479,SUMMIT LEARNING CENTRES INC.,108823,"SUMMIT COLLEGE, ACADEMIC AND CAREER STUDIES, HAMILTON MOUNTAIN",HAMILTON,L8T 1S2,OFFICE ADMINISTRATION - GENERAL,Business,Office Administration,Y,80.0%,SS,SS,SS,ND,ND
202479,SUMMIT LEARNING CENTRES INC.,108823,"SUMMIT COLLEGE, ACADEMIC AND CAREER STUDIES, HAMILTON MOUNTAIN",HAMILTON,L8T 1S2,SECURITY GUARD,Law and Public Safety,Law Enforcement/Police Foundations,Y,60.0%,SS,SS,SS,ND,ND
202479,SUMMIT LEARNING CENTRES INC.,108823,"SUMMIT COLLEGE, ACADEMIC AND CAREER STUDIES, HAMILTON MOUNTAIN",HAMILTON,L8T 1S2,SUPPLY CHAIN RESOURCE MANAGEMENT (SCRM),Business,Supply Chain Management and Logistics,Y,83.3%,ND,ND,ND,ND,ND
202479,SUMMIT LEARNING CENTRES INC.,109240,"SUMMIT COLLEGE, ACADEMIC AND CAREER STUDIES, BRANTFORD",BRANTFORD,N3R 7K8,+,,,Y,SS,SS,SS,SS,ND,ND
202479,SUMMIT LEARNING CENTRES INC.,109240,"SUMMIT COLLEGE, ACADEMIC AND CAREER STUDIES, BRANTFORD",BRANTFORD,N3R 7K8,CUSTOMER SERVICE PROGRAM,Services,Customer Service/Retail Sales,Y,SS,ND,ND,ND,ND,ND
202479,SUMMIT LEARNING CENTRES INC.,109240,"SUMMIT COLLEGE, ACADEMIC AND CAREER STUDIES, BRANTFORD",BRANTFORD,N3R 7K8,MEDICAL OFFICE ADMINISTRATION,Health Services,Medical Office Administration/Management,Y,SS,SS,SS,SS,ND,ND
202479,SUMMIT LEARNING CENTRES INC.,109240,"SUMMIT COLLEGE, ACADEMIC AND CAREER STUDIES, BRANTFORD",BRANTFORD,N3R 7K8,SUPPLY CHAIN RESOURCE MANAGEMENT (SCRM),Business,Supply Chain Management and Logistics,Y,SS,ND,ND,ND,ND,ND
202479,SUMMIT LEARNING CENTRES INC.,110580,"SUMMIT COLLEGE,  ACADEMIC AND CAREER STUDIES, GUELPH",GUELPH,N1H 6J2,+,,,Y,SS,ND,ND,ND,ND,ND
202479,SUMMIT LEARNING CENTRES INC.,110580,"SUMMIT COLLEGE,  ACADEMIC AND CAREER STUDIES, GUELPH",GUELPH,N1H 6J2,OFFICE ADMINISTRATION - GENERAL,Business,Office Administration,Y,SS,ND,ND,ND,ND,ND
202479,SUMMIT LEARNING CENTRES INC.,110580,"SUMMIT COLLEGE,  ACADEMIC AND CAREER STUDIES, GUELPH",GUELPH,N1H 6J2,SUPPLY CHAIN RESOURCE MANAGEMENT (SCRM),Business,Supply Chain Management and Logistics,Y,SS,ND,ND,ND,ND,ND
202479,SUMMIT LEARNING CENTRES INC.,122511,"SUMMIT COLLEGE, ACADEMIC AND CAREER STUDIES, ST. CATHERINES",ST. CATHARINES,L2P 1M3,+,,,Y,81.3%,57.1%,28.6%,66.7%,ND,ND
202479,SUMMIT LEARNING CENTRES INC.,122511,"SUMMIT COLLEGE, ACADEMIC AND CAREER STUDIES, ST. CATHERINES",ST. CATHARINES,L2P 1M3,CUSTOMER SERVICE PROGRAM,Services,Customer Service/Retail Sales,Y,SS,SS,SS,SS,ND,ND
202479,SUMMIT LEARNING CENTRES INC.,122511,"SUMMIT COLLEGE, ACADEMIC AND CAREER STUDIES, ST. CATHERINES",ST. CATHARINES,L2P 1M3,MEDICAL OFFICE ADMINISTRATION,Health Services,Medical Office Administration/Management,Y,SS,ND,ND,ND,ND,ND
202479,SUMMIT LEARNING CENTRES INC.,122511,"SUMMIT COLLEGE, ACADEMIC AND CAREER STUDIES, ST. CATHERINES",ST. CATHARINES,L2P 1M3,OFFICE ADMINISTRATION - GENERAL,Business,Office Administration,Y,SS,ND,ND,ND,ND,ND
202479,SUMMIT LEARNING CENTRES INC.,122511,"SUMMIT COLLEGE, ACADEMIC AND CAREER STUDIES, ST. CATHERINES",ST. CATHARINES,L2P 1M3,RETAIL SALES DIPLOMA,Services,Customer Service/Retail Sales,Y,SS,SS,SS,ND,ND,ND
202479,SUMMIT LEARNING CENTRES INC.,122511,"SUMMIT COLLEGE, ACADEMIC AND CAREER STUDIES, ST. CATHERINES",ST. CATHARINES,L2P 1M3,SUPPLY CHAIN RESOURCE MANAGEMENT (SCRM),Business,Supply Chain Management and Logistics,Y,83.3%,60.0%,40.0%,60.0%,ND,ND
202580,TORONTO ART THERAPY INSTITUTE,+,+,,,+,,,Y,0.0%,85.7%,85.7%,92.9%,100.0%,ND
202580,TORONTO ART THERAPY INSTITUTE,103066,"TORONTO ART THERAPY INSTITUTE (THE), TORONTO",TORONTO,M5R 1A9,+,,,Y,0.0%,85.7%,85.7%,92.9%,100.0%,ND
202580,TORONTO ART THERAPY INSTITUTE,103066,"TORONTO ART THERAPY INSTITUTE (THE), TORONTO",TORONTO,M5R 1A9,DISTANCE LEARNING GRADUATE LEVEL DIPLOMA IN ART THERAPY,Health Services,Other - Health Services,Y,ND,SS,SS,SS,ND,ND
202580,TORONTO ART THERAPY INSTITUTE,103066,"TORONTO ART THERAPY INSTITUTE (THE), TORONTO",TORONTO,M5R 1A9,GRADUATE LEVEL DIPLOMA IN ART THERAPY,Health Services,Other - Health Services,Y,0.0%,100.0%,100.0%,91.7%,100.0%,ND
202600,HI-MARK OCCUPATIONAL SKILLS TRAINING CENTRE LTD.,+,+,,,+,,,Y,95.7%,94.0%,85.3%,84.8%,90.0%,ND
202600,HI-MARK OCCUPATIONAL SKILLS TRAINING CENTRE LTD.,103070,"HI-MARK OCCUPATIONAL SKILLS TRAINING CENTRE LTD., TORONTO",TORONTO,M9W 4N6,+,,,Y,95.4%,92.8%,81.2%,86.3%,94.4%,ND
202600,HI-MARK OCCUPATIONAL SKILLS TRAINING CENTRE LTD.,103070,"HI-MARK OCCUPATIONAL SKILLS TRAINING CENTRE LTD., TORONTO",TORONTO,M9W 4N6,GAS TECHNICIAN 1,Technical Standards and Safety Authority (TSSA) Restricted Tradesperson,Gas Technician,Y,100.0%,100.0%,95.5%,86.4%,ND,ND
202600,HI-MARK OCCUPATIONAL SKILLS TRAINING CENTRE LTD.,103070,"HI-MARK OCCUPATIONAL SKILLS TRAINING CENTRE LTD., TORONTO",TORONTO,M9W 4N6,GAS TECHNICIAN 2 CO-OP,Technical Standards and Safety Authority (TSSA) Restricted Tradesperson,Gas Technician,Y,96.3%,95.4%,89.7%,87.6%,90.0%,ND
202600,HI-MARK OCCUPATIONAL SKILLS TRAINING CENTRE LTD.,103070,"HI-MARK OCCUPATIONAL SKILLS TRAINING CENTRE LTD., TORONTO",TORONTO,M9W 4N6,GAS TECHNICIAN 2 EVENING,Technical Standards and Safety Authority (TSSA) Restricted Tradesperson,Gas Technician,Y,91.7%,81.3%,62.5%,81.3%,100.0%,ND
202600,HI-MARK OCCUPATIONAL SKILLS TRAINING CENTRE LTD.,103070,"HI-MARK OCCUPATIONAL SKILLS TRAINING CENTRE LTD., TORONTO",TORONTO,M9W 4N6,GAS TECHNICIAN 3 CO-OP,Technical Standards and Safety Authority (TSSA) Restricted Tradesperson,Gas Technician,Y,94.7%,87.3%,71.4%,81.3%,100.0%,ND
202600,HI-MARK OCCUPATIONAL SKILLS TRAINING CENTRE LTD.,103070,"HI-MARK OCCUPATIONAL SKILLS TRAINING CENTRE LTD., TORONTO",TORONTO,M9W 4N6,GAS TECHNICIAN 3 EVENING,Technical Standards and Safety Authority (TSSA) Restricted Tradesperson,Gas Technician,Y,91.8%,92.7%,70.7%,90.5%,100.0%,ND
202600,HI-MARK OCCUPATIONAL SKILLS TRAINING CENTRE LTD.,103070,"HI-MARK OCCUPATIONAL SKILLS TRAINING CENTRE LTD., TORONTO",TORONTO,M9W 4N6,HVAC CO-OP,Service Trade,Other- Service Trade,Y,94.3%,100.0%,95.2%,90.9%,100.0%,ND
202600,HI-MARK OCCUPATIONAL SKILLS TRAINING CENTRE LTD.,106359,"HI-MARK OCCUPATIONAL SKILLS TRAINING CENTRE LTD., CAMBRIDGE",CAMBRIDGE,N1R 5R5,+,,,Y,95.1%,93.2%,89.2%,87.5%,93.8%,ND
202600,HI-MARK OCCUPATIONAL SKILLS TRAINING CENTRE LTD.,106359,"HI-MARK OCCUPATIONAL SKILLS TRAINING CENTRE LTD., CAMBRIDGE",CAMBRIDGE,N1R 5R5,GAS TECHNICIAN 1,Technical Standards and Safety Authority (TSSA) Restricted Tradesperson,Gas Technician,Y,100.0%,100.0%,100.0%,57.9%,100.0%,ND
202600,HI-MARK OCCUPATIONAL SKILLS TRAINING CENTRE LTD.,106359,"HI-MARK OCCUPATIONAL SKILLS TRAINING CENTRE LTD., CAMBRIDGE",CAMBRIDGE,N1R 5R5,GAS TECHNICIAN 2 CO-OP,Technical Standards and Safety Authority (TSSA) Restricted Tradesperson,Gas Technician,Y,91.1%,95.8%,91.7%,90.2%,83.3%,ND
202600,HI-MARK OCCUPATIONAL SKILLS TRAINING CENTRE LTD.,106359,"HI-MARK OCCUPATIONAL SKILLS TRAINING CENTRE LTD., CAMBRIDGE",CAMBRIDGE,N1R 5R5,GAS TECHNICIAN 2 EVENING,Technical Standards and Safety Authority (TSSA) Restricted Tradesperson,Gas Technician,Y,100.0%,88.9%,88.9%,66.7%,100.0%,ND
202600,HI-MARK OCCUPATIONAL SKILLS TRAINING CENTRE LTD.,106359,"HI-MARK OCCUPATIONAL SKILLS TRAINING CENTRE LTD., CAMBRIDGE",CAMBRIDGE,N1R 5R5,GAS TECHNICIAN 3 CO-OP,Technical Standards and Safety Authority (TSSA) Restricted Tradesperson,Gas Technician,Y,97.3%,93.9%,89.8%,98.0%,100.0%,ND
202600,HI-MARK OCCUPATIONAL SKILLS TRAINING CENTRE LTD.,106359,"HI-MARK OCCUPATIONAL SKILLS TRAINING CENTRE LTD., CAMBRIDGE",CAMBRIDGE,N1R 5R5,GAS TECHNICIAN 3 EVENING,Technical Standards and Safety Authority (TSSA) Restricted Tradesperson,Gas Technician,Y,97.4%,100.0%,81.8%,100.0%,100.0%,ND
202600,HI-MARK OCCUPATIONAL SKILLS TRAINING CENTRE LTD.,106359,"HI-MARK OCCUPATIONAL SKILLS TRAINING CENTRE LTD., CAMBRIDGE",CAMBRIDGE,N1R 5R5,HVAC CO-OP,Service Trade,Other- Service Trade,Y,94.7%,66.7%,66.7%,83.3%,ND,ND
202600,HI-MARK OCCUPATIONAL SKILLS TRAINING CENTRE LTD.,106379,"HI-MARK OCCUPATIONAL SKILLS TRAINING CENTRE LTD., ORO",ORO,L0L 2X0,+,,,Y,94.1%,93.7%,84.8%,81.5%,80.0%,ND
202600,HI-MARK OCCUPATIONAL SKILLS TRAINING CENTRE LTD.,106379,"HI-MARK OCCUPATIONAL SKILLS TRAINING CENTRE LTD., ORO",ORO,L0L 2X0,GAS TECHNICIAN 2 CO-OP,Technical Standards and Safety Authority (TSSA) Restricted Tradesperson,Gas Technician,Y,92.6%,90.0%,83.3%,75.0%,100.0%,ND
202600,HI-MARK OCCUPATIONAL SKILLS TRAINING CENTRE LTD.,106379,"HI-MARK OCCUPATIONAL SKILLS TRAINING CENTRE LTD., ORO",ORO,L0L 2X0,GAS TECHNICIAN 3 CO-OP,Technical Standards and Safety Authority (TSSA) Restricted Tradesperson,Gas Technician,Y,96.2%,93.9%,84.8%,81.8%,50.0%,ND
202600,HI-MARK OCCUPATIONAL SKILLS TRAINING CENTRE LTD.,106379,"HI-MARK OCCUPATIONAL SKILLS TRAINING CENTRE LTD., ORO",ORO,L0L 2X0,GAS TECHNICIAN 3 EVENING,Technical Standards and Safety Authority (TSSA) Restricted Tradesperson,Gas Technician,Y,100.0%,100.0%,90.9%,90.9%,100.0%,ND
202600,HI-MARK OCCUPATIONAL SKILLS TRAINING CENTRE LTD.,106379,"HI-MARK OCCUPATIONAL SKILLS TRAINING CENTRE LTD., ORO",ORO,L0L 2X0,HVAC CO-OP,Service Trade,Other- Service Trade,Y,81.8%,100.0%,80.0%,100.0%,ND,ND
202600,HI-MARK OCCUPATIONAL SKILLS TRAINING CENTRE LTD.,106399,"HI-MARK OCCUPATIONAL SKILLS TRAINING CENTRE LTD., OTTAWA",OTTAWA,K1T 3V7,+,,,Y,96.6%,96.1%,86.5%,85.3%,84.2%,ND
202600,HI-MARK OCCUPATIONAL SKILLS TRAINING CENTRE LTD.,106399,"HI-MARK OCCUPATIONAL SKILLS TRAINING CENTRE LTD., OTTAWA",OTTAWA,K1T 3V7,GAS TECHNICIAN 1,Technical Standards and Safety Authority (TSSA) Restricted Tradesperson,Gas Technician,Y,95.2%,100.0%,100.0%,25.0%,100.0%,ND
202600,HI-MARK OCCUPATIONAL SKILLS TRAINING CENTRE LTD.,106399,"HI-MARK OCCUPATIONAL SKILLS TRAINING CENTRE LTD., OTTAWA",OTTAWA,K1T 3V7,GAS TECHNICIAN 2 CO-OP,Technical Standards and Safety Authority (TSSA) Restricted Tradesperson,Gas Technician,Y,95.2%,94.9%,79.7%,86.4%,72.7%,ND
202600,HI-MARK OCCUPATIONAL SKILLS TRAINING CENTRE LTD.,106399,"HI-MARK OCCUPATIONAL SKILLS TRAINING CENTRE LTD., OTTAWA",OTTAWA,K1T 3V7,GAS TECHNICIAN 2 EVENING,Technical Standards and Safety Authority (TSSA) Restricted Tradesperson,Gas Technician,Y,100.0%,100.0%,85.7%,100.0%,ND,ND
202600,HI-MARK OCCUPATIONAL SKILLS TRAINING CENTRE LTD.,106399,"HI-MARK OCCUPATIONAL SKILLS TRAINING CENTRE LTD., OTTAWA",OTTAWA,K1T 3V7,GAS TECHNICIAN 3 CO-OP,Technical Standards and Safety Authority (TSSA) Restricted Tradesperson,Gas Technician,Y,98.9%,98.0%,95.9%,92.0%,100.0%,ND
202600,HI-MARK OCCUPATIONAL SKILLS TRAINING CENTRE LTD.,106399,"HI-MARK OCCUPATIONAL SKILLS TRAINING CENTRE LTD., OTTAWA",OTTAWA,K1T 3V7,GAS TECHNICIAN 3 EVENING,Technical Standards and Safety Authority (TSSA) Restricted Tradesperson,Gas Technician,Y,100.0%,100.0%,85.7%,92.9%,100.0%,ND
202600,HI-MARK OCCUPATIONAL SKILLS TRAINING CENTRE LTD.,106399,"HI-MARK OCCUPATIONAL SKILLS TRAINING CENTRE LTD., OTTAWA",OTTAWA,K1T 3V7,HVAC CO-OP,Service Trade,Other- Service Trade,Y,91.7%,85.7%,71.4%,92.9%,100.0%,ND
202600,HI-MARK OCCUPATIONAL SKILLS TRAINING CENTRE LTD.,183515,"HI-MARK OCCUPATIONAL SKILLS TRAINING CENTRE LTD., OSHAWA",OSHAWA,L1H 1G5,+,,,Y,96.3%,93.4%,84.6%,79.8%,87.5%,ND
202600,HI-MARK OCCUPATIONAL SKILLS TRAINING CENTRE LTD.,183515,"HI-MARK OCCUPATIONAL SKILLS TRAINING CENTRE LTD., OSHAWA",OSHAWA,L1H 1G5,GAS TECHNICIAN 1,Technical Standards and Safety Authority (TSSA) Restricted Tradesperson,Gas Technician,Y,100.0%,100.0%,100.0%,100.0%,ND,ND
202600,HI-MARK OCCUPATIONAL SKILLS TRAINING CENTRE LTD.,183515,"HI-MARK OCCUPATIONAL SKILLS TRAINING CENTRE LTD., OSHAWA",OSHAWA,L1H 1G5,GAS TECHNICIAN 2 CO-OP,Technical Standards and Safety Authority (TSSA) Restricted Tradesperson,Gas Technician,Y,94.3%,92.7%,87.8%,79.1%,100.0%,ND
202600,HI-MARK OCCUPATIONAL SKILLS TRAINING CENTRE LTD.,183515,"HI-MARK OCCUPATIONAL SKILLS TRAINING CENTRE LTD., OSHAWA",OSHAWA,L1H 1G5,GAS TECHNICIAN 2 EVENING,Technical Standards and Safety Authority (TSSA) Restricted Tradesperson,Gas Technician,Y,ND,SS,SS,SS,ND,ND
202600,HI-MARK OCCUPATIONAL SKILLS TRAINING CENTRE LTD.,183515,"HI-MARK OCCUPATIONAL SKILLS TRAINING CENTRE LTD., OSHAWA",OSHAWA,L1H 1G5,GAS TECHNICIAN 3 CO-OP,Technical Standards and Safety Authority (TSSA) Restricted Tradesperson,Gas Technician,Y,98.0%,89.7%,79.3%,83.3%,50.0%,ND
202600,HI-MARK OCCUPATIONAL SKILLS TRAINING CENTRE LTD.,183515,"HI-MARK OCCUPATIONAL SKILLS TRAINING CENTRE LTD., OSHAWA",OSHAWA,L1H 1G5,GAS TECHNICIAN 3 EVENING,Technical Standards and Safety Authority (TSSA) Restricted Tradesperson,Gas Technician,Y,100.0%,100.0%,75.0%,50.0%,100.0%,ND
202600,HI-MARK OCCUPATIONAL SKILLS TRAINING CENTRE LTD.,183515,"HI-MARK OCCUPATIONAL SKILLS TRAINING CENTRE LTD., OSHAWA",OSHAWA,L1H 1G5,HVAC CO-OP,Service Trade,Other- Service Trade,Y,92.3%,100.0%,100.0%,100.0%,ND,ND
202600,HI-MARK OCCUPATIONAL SKILLS TRAINING CENTRE LTD.,204355,"HI-MARK OCCUPATIONAL SKILLS TRAINING CENTRE LTD., LONDON",LONDON,N6M 1G9,+,,,Y,98.2%,96.0%,90.7%,83.1%,100.0%,ND
202600,HI-MARK OCCUPATIONAL SKILLS TRAINING CENTRE LTD.,204355,"HI-MARK OCCUPATIONAL SKILLS TRAINING CENTRE LTD., LONDON",LONDON,N6M 1G9,GAS TECHNICIAN 2 CO-OP,Technical Standards and Safety Authority (TSSA) Restricted Tradesperson,Gas Technician,Y,98.2%,94.1%,94.1%,88.9%,100.0%,ND
202600,HI-MARK OCCUPATIONAL SKILLS TRAINING CENTRE LTD.,204355,"HI-MARK OCCUPATIONAL SKILLS TRAINING CENTRE LTD., LONDON",LONDON,N6M 1G9,GAS TECHNICIAN 2 EVENING,Technical Standards and Safety Authority (TSSA) Restricted Tradesperson,Gas Technician,Y,ND,SS,SS,SS,ND,ND
202600,HI-MARK OCCUPATIONAL SKILLS TRAINING CENTRE LTD.,204355,"HI-MARK OCCUPATIONAL SKILLS TRAINING CENTRE LTD., LONDON",LONDON,N6M 1G9,GAS TECHNICIAN 3 CO-OP,Technical Standards and Safety Authority (TSSA) Restricted Tradesperson,Gas Technician,Y,98.2%,96.4%,89.3%,78.6%,100.0%,ND
202600,HI-MARK OCCUPATIONAL SKILLS TRAINING CENTRE LTD.,204355,"HI-MARK OCCUPATIONAL SKILLS TRAINING CENTRE LTD., LONDON",LONDON,N6M 1G9,GAS TECHNICIAN 3 EVENING,Technical Standards and Safety Authority (TSSA) Restricted Tradesperson,Gas Technician,Y,ND,100.0%,71.4%,85.7%,ND,ND
202600,HI-MARK OCCUPATIONAL SKILLS TRAINING CENTRE LTD.,204355,"HI-MARK OCCUPATIONAL SKILLS TRAINING CENTRE LTD., LONDON",LONDON,N6M 1G9,HVAC CO-OP,Service Trade,Other- Service Trade,Y,ND,SS,SS,SS,ND,ND
202601,THE SCHOOL OF RESTORATION ARTS AT WILLOWBANK,+,+,,,+,,,Y,87.5%,100.0%,100.0%,87.5%,100.0%,ND
202601,THE SCHOOL OF RESTORATION ARTS AT WILLOWBANK,103175,"WILLOWBANK, NIAGARA-QUEENSTON",QUEENSTON,L0S 1L0,+,,,Y,87.5%,100.0%,100.0%,75.0%,100.0%,ND
202601,THE SCHOOL OF RESTORATION ARTS AT WILLOWBANK,103175,"WILLOWBANK, NIAGARA-QUEENSTON",QUEENSTON,L0S 1L0,HERITAGE CONSERVATION,Services,Other - Services,Y,87.5%,100.0%,100.0%,75.0%,100.0%,ND
202601,THE SCHOOL OF RESTORATION ARTS AT WILLOWBANK,133414,"WILLOWBANK, WALNUT-QUEENSTON",QUEENSTON,L0S 1L0,+,,,Y,ND,SS,SS,SS,ND,ND
202601,THE SCHOOL OF RESTORATION ARTS AT WILLOWBANK,133414,"WILLOWBANK, WALNUT-QUEENSTON",QUEENSTON,L0S 1L0,HERITAGE CONSERVATION,Services,Other - Services,Y,ND,SS,SS,SS,ND,ND
202618,LSC INTERNATIONAL COLLEGE LTD.,+,+,,,+,,,Y,96.7%,60.0%,40.0%,72.7%,ND,ND
202618,LSC INTERNATIONAL COLLEGE LTD.,103096,"EC INTERNATIONAL COLLEGE OF TEACHER TRAINING, TORONTO",TORONTO,M4R 2G8,+,,,Y,96.7%,60.0%,40.0%,72.7%,ND,ND
202618,LSC INTERNATIONAL COLLEGE LTD.,103096,"EC INTERNATIONAL COLLEGE OF TEACHER TRAINING, TORONTO",TORONTO,M4R 2G8,CAMBRIDGE CERTIFICATE IN TEACHING ENGLISH (PART TIME),Human Services,Educator,Y,100.0%,33.3%,33.3%,33.3%,ND,ND
202618,LSC INTERNATIONAL COLLEGE LTD.,103096,"EC INTERNATIONAL COLLEGE OF TEACHER TRAINING, TORONTO",TORONTO,M4R 2G8,CAMBRIDGE CERTIFICATE IN TEACHING ENGLISH,Human Services,Educator,Y,93.3%,71.4%,42.9%,87.5%,ND,ND
202619,RANDOLPH SCHOOL OF ARTS,+,+,,,+,,,Y,80.6%,73.7%,68.4%,72.7%,100.0%,ND
202619,RANDOLPH SCHOOL OF ARTS,103109,"RANDOLPH COLLEGE FOR THE PERFORMING ARTS, TORONTO",TORONTO,M5S 2R4,+,,,Y,80.6%,73.7%,68.4%,72.7%,100.0%,12.5%
202619,RANDOLPH SCHOOL OF ARTS,103109,"RANDOLPH COLLEGE FOR THE PERFORMING ARTS, TORONTO",TORONTO,M5S 2R4,PERFORMING ARTS PROGRAM,Applied Arts and Science,Performing Arts,Y,80.6%,73.7%,68.4%,72.7%,100.0%,ND
202632,PURES COLLEGE OF TECHNOLOGY INC.,+,+,,,+,,,Y,0.0%,ND,ND,ND,ND,ND
202632,PURES COLLEGE OF TECHNOLOGY INC.,103147,"PURES COLLEGE OF TECHNOLOGY, TORONTO",TORONTO,M1P 2R7,+,,,Y,0.0%,ND,ND,ND,ND,ND
202632,PURES COLLEGE OF TECHNOLOGY INC.,103147,"PURES COLLEGE OF TECHNOLOGY, TORONTO",TORONTO,M1P 2R7,BUSINESS ADMINISTRATION - SALES & MARKETING,Business,Business Administration,Y,0.0%,ND,ND,ND,ND,ND
202647,LAKEVIEW SCHOOL,+,+,,,+,,,Y,0.0%,ND,ND,ND,ND,ND
202647,LAKEVIEW SCHOOL,103213,"LMS MONTESSORI TEACHER EDUCATION PROGRAM, WINDSOR",WINDSOR,N8N 1B5,+,,,Y,0.0%,ND,ND,ND,ND,ND
202647,LAKEVIEW SCHOOL,103213,"LMS MONTESSORI TEACHER EDUCATION PROGRAM, WINDSOR",WINDSOR,N8N 1B5,MONTESSORI EDUCATOR - EARLY CHILDHOOD,Human Services,Early Childhood Assistant,Y,0.0%,ND,ND,ND,ND,ND
202770,CANADIAN GEMMOLOGICAL ASSOCIATION,+,+,,,+,,,Y,100.0%,50.0%,50.0%,100.0%,ND,ND
202770,CANADIAN GEMMOLOGICAL ASSOCIATION,103230,"CANADIAN GEMMOLOGICAL ASSOCIATION, TORONTO (QUEEN STREET)",TORONTO,M5C 1R6,+,,,Y,100.0%,50.0%,50.0%,100.0%,ND,ND
202770,CANADIAN GEMMOLOGICAL ASSOCIATION,103230,"CANADIAN GEMMOLOGICAL ASSOCIATION, TORONTO (QUEEN STREET)",TORONTO,M5C 1R6,ACCELERATED MASTER VALUER PROGRAM,Services,Other - Services,Y,SS,SS,SS,SS,ND,ND
202770,CANADIAN GEMMOLOGICAL ASSOCIATION,103230,"CANADIAN GEMMOLOGICAL ASSOCIATION, TORONTO (QUEEN STREET)",TORONTO,M5C 1R6,ACCELERATED PROFESSIONAL GEMMOLOGY,Service Trade,Other- Service Trade,Y,ND,SS,SS,SS,ND,ND
202770,CANADIAN GEMMOLOGICAL ASSOCIATION,103230,"CANADIAN GEMMOLOGICAL ASSOCIATION, TORONTO (QUEEN STREET)",TORONTO,M5C 1R6,GEMMOLOGY ACCELERATED PROGRAM,Service Trade,Other- Service Trade,Y,100.0%,0.0%,0.0%,100.0%,ND,ND
204200,NACPT PHARMA COLLEGE CORP,+,+,,,+,,,Y,91.7%,42.9%,42.9%,37.5%,ND,ND
204200,NACPT PHARMA COLLEGE CORP,104299,"NORTH AMERICAN COLLEGE OF PHARMACEUTICAL TECHNOLOGY, SCARBOROUGH",SCARBOROUGH,M1S 5E8,+,,,Y,91.7%,42.9%,42.9%,37.5%,ND,ND
204200,NACPT PHARMA COLLEGE CORP,104299,"NORTH AMERICAN COLLEGE OF PHARMACEUTICAL TECHNOLOGY, SCARBOROUGH",SCARBOROUGH,M1S 5E8,ACCOUNTING AND PAYROLL ADMINISTRATION,Business,Accounting and Payroll Administration,Y,ND,ND,ND,ND,ND,ND
204200,NACPT PHARMA COLLEGE CORP,104299,"NORTH AMERICAN COLLEGE OF PHARMACEUTICAL TECHNOLOGY, SCARBOROUGH",SCARBOROUGH,M1S 5E8,CANNABIS QUALITY CONTROL AND QUALITY ASSURANCE,Health Services,Pharmaceutical Technology,Y,80.0%,SS,SS,SS,ND,ND
204200,NACPT PHARMA COLLEGE CORP,104299,"NORTH AMERICAN COLLEGE OF PHARMACEUTICAL TECHNOLOGY, SCARBOROUGH",SCARBOROUGH,M1S 5E8,INDUSTRIAL CANNABIS PRODUCTION TECHNOLOGY,Health Services,Pharmaceutical Technology,Y,94.7%,50.0%,50.0%,33.3%,ND,ND
204200,NACPT PHARMA COLLEGE CORP,104299,"NORTH AMERICAN COLLEGE OF PHARMACEUTICAL TECHNOLOGY, SCARBOROUGH",SCARBOROUGH,M1S 5E8,MEDICAL OFFICE ADMINISTRATION,Health Services,Medical Office Administration/Management,Y,ND,ND,ND,SS,ND,ND
204580,CANADIAN CARE ACADEMY INC.,+,+,,,+,,,Y,90.1%,96.1%,86.3%,98.1%,100.0%,ND
204580,CANADIAN CARE ACADEMY INC.,104360,"CANADIAN CARE ACADEMY INC., TORONTO",TORONTO,M2R 3W4,+,,,Y,90.1%,96.1%,86.3%,98.1%,100.0%,ND
204580,CANADIAN CARE ACADEMY INC.,104360,"CANADIAN CARE ACADEMY INC., TORONTO",TORONTO,M2R 3W4,NACC PSW 2015,Health Services,Personal Support Worker/ Personal Attendant (NACC),Y,90.1%,96.1%,86.3%,98.1%,100.0%,ND
204962,1578922 ONTARIO INC,+,+,,,+,,,Y,100.0%,90.1%,75.7%,82.9%,90.0%,ND
204962,1578922 ONTARIO INC,105059,"NIAGARA SKILLED TRADES ACADEMY, ST. CATHARINES",ST. CATHARINES,L2M 3Y2,+,,,Y,100.0%,93.2%,76.7%,75.3%,80.0%,ND
204962,1578922 ONTARIO INC,105059,"NIAGARA SKILLED TRADES ACADEMY, ST. CATHARINES",ST. CATHARINES,L2M 3Y2,GAS TECHNICIAN 2 (P/T),Technical Standards and Safety Authority (TSSA) Restricted Tradesperson,Gas Technician,Y,100.0%,100.0%,83.3%,88.9%,ND,ND
204962,1578922 ONTARIO INC,105059,"NIAGARA SKILLED TRADES ACADEMY, ST. CATHARINES",ST. CATHARINES,L2M 3Y2,GAS TECHNICIAN 2,Technical Standards and Safety Authority (TSSA) Restricted Tradesperson,Gas Technician,Y,100.0%,83.3%,55.6%,66.7%,100.0%,ND
204962,1578922 ONTARIO INC,105059,"NIAGARA SKILLED TRADES ACADEMY, ST. CATHARINES",ST. CATHARINES,L2M 3Y2,GAS TECHNICIAN 3 (P/T),Technical Standards and Safety Authority (TSSA) Restricted Tradesperson,Gas Technician,Y,100.0%,100.0%,100.0%,55.6%,ND,ND
204962,1578922 ONTARIO INC,105059,"NIAGARA SKILLED TRADES ACADEMY, ST. CATHARINES",ST. CATHARINES,L2M 3Y2,GAS TECHNICIAN 3,Technical Standards and Safety Authority (TSSA) Restricted Tradesperson,Gas Technician,Y,100.0%,92.9%,78.6%,78.6%,66.7%,ND
204962,1578922 ONTARIO INC,106199,"HALTON SKILLED TRADES ACADEMY, OAKVILLE",OAKVILLE,L6L 6M6,+,,,Y,100.0%,87.3%,74.7%,89.9%,100.0%,ND
204962,1578922 ONTARIO INC,106199,"HALTON SKILLED TRADES ACADEMY, OAKVILLE",OAKVILLE,L6L 6M6,GAS TECHNICIAN 2 (P/T),Technical Standards and Safety Authority (TSSA) Restricted Tradesperson,Gas Technician,Y,100.0%,91.7%,75.0%,75.0%,100.0%,ND
204962,1578922 ONTARIO INC,106199,"HALTON SKILLED TRADES ACADEMY, OAKVILLE",OAKVILLE,L6L 6M6,GAS TECHNICIAN 2,Technical Standards and Safety Authority (TSSA) Restricted Tradesperson,Gas Technician,Y,100.0%,81.0%,81.0%,95.2%,100.0%,ND
204962,1578922 ONTARIO INC,106199,"HALTON SKILLED TRADES ACADEMY, OAKVILLE",OAKVILLE,L6L 6M6,GAS TECHNICIAN 3 (P/T),Technical Standards and Safety Authority (TSSA) Restricted Tradesperson,Gas Technician,Y,100.0%,90.5%,81.0%,95.2%,100.0%,ND
204962,1578922 ONTARIO INC,106199,"HALTON SKILLED TRADES ACADEMY, OAKVILLE",OAKVILLE,L6L 6M6,GAS TECHNICIAN 3,Technical Standards and Safety Authority (TSSA) Restricted Tradesperson,Gas Technician,Y,100.0%,88.0%,64.0%,88.0%,100.0%,ND
205164,OTTIMISTICO CORP.,104479,"CAPPA SCHOOL OF HAIRSTYLING & AESTHETICS, 56 ST. PAUL ST. - ST. CATHARINES",ST. CATHARINES,L2S 2C2,+,,,Y,88.5%,91.7%,66.7%,91.7%,ND,5.0%
205164,OTTIMISTICO CORP.,104479,"CAPPA SCHOOL OF HAIRSTYLING & AESTHETICS, 56 ST. PAUL ST. - ST. CATHARINES",ST. CATHARINES,L2S 2C2,ESTHETICS,Human Services,Esthetics/Medical Esthetics,Y,SS,SS,SS,SS,ND,ND
205164,OTTIMISTICO CORP.,104479,"CAPPA SCHOOL OF HAIRSTYLING & AESTHETICS, 56 ST. PAUL ST. - ST. CATHARINES",ST. CATHARINES,L2S 2C2,HAIRSTYLING,Service Trade,Hairstylist,Y,86.4%,90.0%,60.0%,88.9%,ND,ND
205201,PATHWAYS SKILL DEVELOPMENT & PLACEMENT CENTRE,+,+,,,+,,,Y,52.2%,83.7%,71.4%,77.1%,75.0%,ND
205201,PATHWAYS SKILL DEVELOPMENT & PLACEMENT CENTRE,104519,"PATHWAYS SKILL DEVELOPMENT & PLACEMENT CENTRE, LONDON",LONDON,N6B 1K8,+,,,Y,52.2%,83.7%,71.4%,77.1%,75.0%,ND
205201,PATHWAYS SKILL DEVELOPMENT & PLACEMENT CENTRE,104519,"PATHWAYS SKILL DEVELOPMENT & PLACEMENT CENTRE, LONDON",LONDON,N6B 1K8,ADMINISTRATIVE AND CLERICAL TRAINING PROGRAM,Business,Office Administration,Y,39.4%,100.0%,93.8%,81.3%,100.0%,ND
205201,PATHWAYS SKILL DEVELOPMENT & PLACEMENT CENTRE,104519,"PATHWAYS SKILL DEVELOPMENT & PLACEMENT CENTRE, LONDON",LONDON,N6B 1K8,CONSTRUCTION TECHNOLOGIES TRAINING (CTT),Construction Trade,Heavy Equipment Operator,Y,72.5%,85.7%,57.1%,92.9%,50.0%,ND
205201,PATHWAYS SKILL DEVELOPMENT & PLACEMENT CENTRE,104519,"PATHWAYS SKILL DEVELOPMENT & PLACEMENT CENTRE, LONDON",LONDON,N6B 1K8,LOGISTICS AND MANUFACTURING TRAINING,Business,Supply Chain Management and Logistics,Y,60.0%,50.0%,50.0%,55.6%,100.0%,ND
205201,PATHWAYS SKILL DEVELOPMENT & PLACEMENT CENTRE,104519,"PATHWAYS SKILL DEVELOPMENT & PLACEMENT CENTRE, LONDON",LONDON,N6B 1K8,PROPERTY MAINTENANCE TRAINING,Services,Other - Services,Y,42.3%,88.9%,77.8%,66.7%,ND,ND
205280,CAREFIRST SENIORS AND COMMUNITY SERVICES ASSOCIATION,+,+,,,+,,,Y,100.0%,100.0%,75.0%,100.0%,ND,ND
205280,CAREFIRST SENIORS AND COMMUNITY SERVICES ASSOCIATION,104799,"CAREFIRST VOCATIONAL TRAINING CENTRE, SCARBOROUGH",SCARBOROUGH,M1V 0G2,+,,,Y,100.0%,100.0%,75.0%,100.0%,ND,ND
205280,CAREFIRST SENIORS AND COMMUNITY SERVICES ASSOCIATION,104799,"CAREFIRST VOCATIONAL TRAINING CENTRE, SCARBOROUGH",SCARBOROUGH,M1V 0G2,PERSONAL SUPPORT WORKER,Health Services,Personal Support Worker/Personal Attendant,Y,100.0%,100.0%,75.0%,100.0%,ND,ND
205620,CANADIAN CENTRE FOR LANGUAGE AND CULTURAL STUDIES INC.,+,+,,,+,,,Y,20.6%,88.9%,61.1%,82.4%,ND,ND
205620,CANADIAN CENTRE FOR LANGUAGE AND CULTURAL STUDIES INC.,104659,"CANADIAN CENTRE FOR LANGUAGE AND CULTURAL STUDIES, TORONTO",TORONTO,M6G 2M1,+,,,Y,20.6%,88.9%,61.1%,82.4%,ND,ND
205620,CANADIAN CENTRE FOR LANGUAGE AND CULTURAL STUDIES INC.,104659,"CANADIAN CENTRE FOR LANGUAGE AND CULTURAL STUDIES, TORONTO",TORONTO,M6G 2M1,TESL CANADA ACCREDITED DIPLOMA (FULL TIME),Human Services,Teacher of English as a Second Language (TESL),Y,3.6%,83.3%,66.7%,90.9%,ND,ND
205620,CANADIAN CENTRE FOR LANGUAGE AND CULTURAL STUDIES INC.,104659,"CANADIAN CENTRE FOR LANGUAGE AND CULTURAL STUDIES, TORONTO",TORONTO,M6G 2M1,TESL CANADA ACCREDITED DIPLOMA (PART TIME),Human Services,Teacher of English as a Second Language (TESL),Y,11.1%,SS,SS,SS,ND,ND
205620,CANADIAN CENTRE FOR LANGUAGE AND CULTURAL STUDIES INC.,104659,"CANADIAN CENTRE FOR LANGUAGE AND CULTURAL STUDIES, TORONTO",TORONTO,M6G 2M1,TESL DIPLOMA (PART TIME),Human Services,Teacher of English as a Second Language (TESL),Y,35.7%,ND,ND,ND,ND,ND
205620,CANADIAN CENTRE FOR LANGUAGE AND CULTURAL STUDIES INC.,104659,"CANADIAN CENTRE FOR LANGUAGE AND CULTURAL STUDIES, TORONTO",TORONTO,M6G 2M1,TESL DIPLOMA,Human Services,Teacher of English as a Second Language (TESL),Y,50.0%,100.0%,75.0%,50.0%,ND,ND
205760,ROYAL CANADIAN COLLEGE OF MASSAGE THERAPY INC.,+,+,,,+,,,Y,79.5%,100.0%,73.3%,80.0%,100.0%,ND
205760,ROYAL CANADIAN COLLEGE OF MASSAGE THERAPY INC.,104719,"ROYAL CANADIAN COLLEGE OF MASSAGE THERAPY INC., TORONTO",TORONTO,M3B 2T5,+,,,Y,79.5%,100.0%,73.3%,80.0%,100.0%,ND
205760,ROYAL CANADIAN COLLEGE OF MASSAGE THERAPY INC.,104719,"ROYAL CANADIAN COLLEGE OF MASSAGE THERAPY INC., TORONTO",TORONTO,M3B 2T5,MASSAGE THERAPY,Health Services,Massage Therapist,Y,79.5%,100.0%,73.3%,80.0%,100.0%,ND
205822,ONTARIO FIRE ACADEMY INC,+,+,,,+,,,Y,56.8%,92.5%,25.8%,79.8%,100.0%,ND
205822,ONTARIO FIRE ACADEMY INC,106559,"ONTARIO FIRE ACADEMY, ORANGEVILLE",MONO,L9W 6J1,+,,,Y,56.8%,92.5%,25.8%,79.8%,100.0%,ND
205822,ONTARIO FIRE ACADEMY INC,106559,"ONTARIO FIRE ACADEMY, ORANGEVILLE",MONO,L9W 6J1,FIREFIGHTER LEVEL L & LL (BLENDED),Law and Public Safety,Pre-Service Firefighter,Y,31.5%,98.0%,22.4%,79.6%,ND,ND
205822,ONTARIO FIRE ACADEMY INC,106559,"ONTARIO FIRE ACADEMY, ORANGEVILLE",MONO,L9W 6J1,NFPA FIREFIGHTER LEVEL I & II,Law and Public Safety,Pre-Service Firefighter,Y,98.2%,86.4%,29.5%,80.0%,100.0%,ND
205982,GAYATHRI NAGAR,+,+,,,+,,,Y,ND,ND,ND,ND,ND,ND
205982,GAYATHRI NAGAR,104959,"DON MILLS CAREER COLLEGE FOR HEALTH, BUSINESS AND TECHNOLOGY, TORONTO",TORONTO,M3C 1T2,+,,,Y,ND,ND,ND,ND,ND,ND
205982,GAYATHRI NAGAR,104959,"DON MILLS CAREER COLLEGE FOR HEALTH, BUSINESS AND TECHNOLOGY, TORONTO",TORONTO,M3C 1T2,EARLY CHILDHOOD ASSISTANT,Human Services,Early Childhood Assistant,Y,ND,ND,ND,ND,ND,ND
206241,1382221 ONTARIO LIMITED,+,+,,,+,,,Y,97.6%,95.0%,90.0%,90.3%,100.0%,ND
206241,1382221 ONTARIO LIMITED,106459,"GREAT LAKES COLLEGE OF SCIENCE AND TECHNOLOGY, WINDSOR",WINDSOR,N8W 5B1,+,,,Y,97.6%,95.0%,90.0%,90.3%,100.0%,ND
206241,1382221 ONTARIO LIMITED,106459,"GREAT LAKES COLLEGE OF SCIENCE AND TECHNOLOGY, WINDSOR",WINDSOR,N8W 5B1,GAS TECHNICIAN 1,Technical Standards and Safety Authority (TSSA) Restricted Tradesperson,Gas Technician,Y,ND,SS,SS,SS,ND,ND
206241,1382221 ONTARIO LIMITED,106459,"GREAT LAKES COLLEGE OF SCIENCE AND TECHNOLOGY, WINDSOR",WINDSOR,N8W 5B1,GAS TECHNICIAN 2 (FT),Technical Standards and Safety Authority (TSSA) Restricted Tradesperson,Gas Technician,Y,95.7%,100.0%,87.5%,75.0%,ND,ND
206241,1382221 ONTARIO LIMITED,106459,"GREAT LAKES COLLEGE OF SCIENCE AND TECHNOLOGY, WINDSOR",WINDSOR,N8W 5B1,GAS TECHNICIAN 2 (PT),Technical Standards and Safety Authority (TSSA) Restricted Tradesperson,Gas Technician,Y,94.6%,100.0%,100.0%,88.9%,100.0%,ND
206241,1382221 ONTARIO LIMITED,106459,"GREAT LAKES COLLEGE OF SCIENCE AND TECHNOLOGY, WINDSOR",WINDSOR,N8W 5B1,GAS TECHNICIAN 3 (FT),Technical Standards and Safety Authority (TSSA) Restricted Tradesperson,Gas Technician,Y,100.0%,75.0%,75.0%,100.0%,ND,ND
206241,1382221 ONTARIO LIMITED,106459,"GREAT LAKES COLLEGE OF SCIENCE AND TECHNOLOGY, WINDSOR",WINDSOR,N8W 5B1,GAS TECHNICIAN 3 (PT),Technical Standards and Safety Authority (TSSA) Restricted Tradesperson,Gas Technician,Y,100.0%,100.0%,83.3%,91.7%,100.0%,ND
206241,1382221 ONTARIO LIMITED,106459,"GREAT LAKES COLLEGE OF SCIENCE AND TECHNOLOGY, WINDSOR",WINDSOR,N8W 5B1,GGAP,Service Trade,Other- Service Trade,Y,100.0%,100.0%,100.0%,100.0%,ND,ND
206241,1382221 ONTARIO LIMITED,106459,"GREAT LAKES COLLEGE OF SCIENCE AND TECHNOLOGY, WINDSOR",WINDSOR,N8W 5B1,HVAC TRAINING,Service Trade,Other- Service Trade,Y,100.0%,80.0%,80.0%,83.3%,ND,ND
206441,THE CREATE INSTITUTE,+,+,,,+,,,Y,10.4%,100.0%,100.0%,100.0%,ND,ND
206441,THE CREATE INSTITUTE,104999,"THE CREATE INSTITUTE, TORONTO",TORONTO,M5A 1T7,+,,,Y,10.4%,100.0%,100.0%,100.0%,ND,ND
206441,THE CREATE INSTITUTE,104999,"THE CREATE INSTITUTE, TORONTO",TORONTO,M5A 1T7,EXPRESSIVE ARTS THERAPY TRAINING PROGRAMME,Health Services,Other - Health Services,Y,10.4%,100.0%,100.0%,100.0%,ND,ND
206722,6815464 CANADA LTD.,+,+,,,+,,,Y,69.0%,85.7%,57.1%,71.4%,ND,ND
206722,6815464 CANADA LTD.,105319,"CESTAR COLLEGE OF BUSINESS, HEALTH AND TECHNOLOGY, TORONTO/CENTRE",TORONTO,M2J 1S5,+,,,Y,69.0%,85.7%,57.1%,71.4%,ND,ND
206722,6815464 CANADA LTD.,105319,"CESTAR COLLEGE OF BUSINESS, HEALTH AND TECHNOLOGY, TORONTO/CENTRE",TORONTO,M2J 1S5,INTRA-ORAL LEVEL I AND II DENTAL ASSISTANT,Health Services,Intra-Oral Dental Assistant,Y,80.0%,ND,ND,ND,ND,ND
206722,6815464 CANADA LTD.,105319,"CESTAR COLLEGE OF BUSINESS, HEALTH AND TECHNOLOGY, TORONTO/CENTRE",TORONTO,M2J 1S5,NACC PSW 2015,Health Services,Personal Support Worker/ Personal Attendant (NACC),Y,33.3%,SS,SS,SS,ND,ND
206722,6815464 CANADA LTD.,105319,"CESTAR COLLEGE OF BUSINESS, HEALTH AND TECHNOLOGY, TORONTO/CENTRE",TORONTO,M2J 1S5,PARALEGAL,Law and Public Safety,Paralegal,Y,77.8%,100.0%,50.0%,100.0%,ND,ND
207041,INNOVATIONS IN BUSINESS SOLUTIONS INC.,+,+,,,+,,,Y,ND,100.0%,93.8%,100.0%,ND,ND
207041,INNOVATIONS IN BUSINESS SOLUTIONS INC.,107961,"INNOVATIONS IN BUSINESS SOLUTIONS INC., MISSISSAUGA",MISSISSAUGA,L4Z 3N1,+,,,Y,ND,100.0%,93.8%,100.0%,ND,ND
207041,INNOVATIONS IN BUSINESS SOLUTIONS INC.,107961,"INNOVATIONS IN BUSINESS SOLUTIONS INC., MISSISSAUGA",MISSISSAUGA,L4Z 3N1,CERTIFICATE IN BUSINESS ADMINISTRATION,Business,Business Administration,Y,ND,100.0%,93.8%,100.0%,ND,ND
207306,UWIN PRO INC.,+,+,,,+,,,Y,18.7%,47.4%,26.3%,40.9%,ND,ND
207306,UWIN PRO INC.,105839,"CANADIAN COLLEGE FOR HIGHER STUDIES, TORONTO",SCARBOROUGH,M1H 2X1,+,,,Y,18.7%,47.4%,26.3%,40.9%,ND,ND
207306,UWIN PRO INC.,105839,"CANADIAN COLLEGE FOR HIGHER STUDIES, TORONTO",SCARBOROUGH,M1H 2X1,ADVANCED DIPLOMA - SYSTEMS ADMINISTRATOR – CLOUD,Computer and Information Technology,Information Technology,Y,ND,SS,SS,SS,ND,ND
207306,UWIN PRO INC.,105839,"CANADIAN COLLEGE FOR HIGHER STUDIES, TORONTO",SCARBOROUGH,M1H 2X1,ADVANCED DIPLOMA IN CISCO AND RED HAT ENGINEERING,Computer and Information Technology,Information Technology,Y,SS,ND,ND,ND,ND,ND
207306,UWIN PRO INC.,105839,"CANADIAN COLLEGE FOR HIGHER STUDIES, TORONTO",SCARBOROUGH,M1H 2X1,ADVANCED DIPLOMA IN DATA SCIENCE AND ARTIFICIAL INTELLIGENCE,Computer and Information Technology,Information Technology,Y,SS,ND,ND,ND,ND,ND
207306,UWIN PRO INC.,105839,"CANADIAN COLLEGE FOR HIGHER STUDIES, TORONTO",SCARBOROUGH,M1H 2X1,BUSINESS ADMINISTRATION,Business,Business Administration,Y,5.7%,SS,SS,SS,ND,ND
207306,UWIN PRO INC.,105839,"CANADIAN COLLEGE FOR HIGHER STUDIES, TORONTO",SCARBOROUGH,M1H 2X1,COMPUTERIZED ACCOUNTING WITH OFFICE ADMINISTRATION,Business,Accounting,Y,25.0%,SS,SS,SS,ND,ND
207306,UWIN PRO INC.,105839,"CANADIAN COLLEGE FOR HIGHER STUDIES, TORONTO",SCARBOROUGH,M1H 2X1,DATABASE ADMINISTRATION AND BIG DATA PREDICTIVE ANALYTICS,Computer and Information Technology,Information Technology,Y,ND,SS,SS,SS,ND,ND
207306,UWIN PRO INC.,105839,"CANADIAN COLLEGE FOR HIGHER STUDIES, TORONTO",SCARBOROUGH,M1H 2X1,DIPLOMA IN PC SUPPORT TECHNICIAN,Computer and Information Technology,Other - Information Technology,Y,SS,ND,ND,ND,ND,ND
207306,UWIN PRO INC.,105839,"CANADIAN COLLEGE FOR HIGHER STUDIES, TORONTO",SCARBOROUGH,M1H 2X1,DIPLOMA IN SUPPLY CHAIN AND LOGISTICS MANAGEMENT,Services,Other - Services,Y,ND,SS,SS,SS,ND,ND
207306,UWIN PRO INC.,105839,"CANADIAN COLLEGE FOR HIGHER STUDIES, TORONTO",SCARBOROUGH,M1H 2X1,MEDICAL & HEALTH OFFICE ADMINISTRATOR,Health Services,Medical Office Administration/Management,Y,36.0%,66.7%,66.7%,50.0%,ND,ND
207306,UWIN PRO INC.,105839,"CANADIAN COLLEGE FOR HIGHER STUDIES, TORONTO",SCARBOROUGH,M1H 2X1,NETWORK (LAN/WAN) ADMINISTRATION,Computer and Information Technology,Network Administration,Y,22.2%,ND,ND,SS,ND,ND
207306,UWIN PRO INC.,105839,"CANADIAN COLLEGE FOR HIGHER STUDIES, TORONTO",SCARBOROUGH,M1H 2X1,POST GRADUATE DIPLOMA IN ENTERPRISE IT MANAGEMENT,Computer and Information Technology,Information Technology,Y,SS,ND,ND,ND,ND,ND
207306,UWIN PRO INC.,105839,"CANADIAN COLLEGE FOR HIGHER STUDIES, TORONTO",SCARBOROUGH,M1H 2X1,POST GRADUATE DIPLOMA IN INTERNATIONAL BUSINESS MANAGEMENT-FINANCE,Business,Business Management,Y,16.7%,SS,SS,SS,ND,ND
207306,UWIN PRO INC.,105839,"CANADIAN COLLEGE FOR HIGHER STUDIES, TORONTO",SCARBOROUGH,M1H 2X1,POST GRADUATE DIPLOMA IN SUPPLY CHAIN AND LOGISTICS MANAGEMENT,Business,Supply Chain Management and Logisitcs,Y,SS,ND,ND,ND,ND,ND
207306,UWIN PRO INC.,105839,"CANADIAN COLLEGE FOR HIGHER STUDIES, TORONTO",SCARBOROUGH,M1H 2X1,SYSTEMS ADMINISTRATOR,Computer and Information Technology,Information Technology,Y,ND,SS,SS,SS,ND,ND
208165,SKILLED TRADES COLLEGE OF CANADA INC.,106999,"SKILLED TRADES COLLEGE OF CANADA, VAUGHAN",VAUGHAN,L4L 8B8,+,,,Y,93.8%,87.8%,71.6%,72.4%,100.0%,ND
208165,SKILLED TRADES COLLEGE OF CANADA INC.,106999,"SKILLED TRADES COLLEGE OF CANADA, VAUGHAN",VAUGHAN,L4L 8B8,CONSTRUCTION & MAINTENANCE ELECTRICIAN TECHNICIAN: PRE-APPRENTICE (P/T),Service Trade,Other- Service Trade,Y,54.3%,ND,ND,ND,ND,ND
208165,SKILLED TRADES COLLEGE OF CANADA INC.,106999,"SKILLED TRADES COLLEGE OF CANADA, VAUGHAN",VAUGHAN,L4L 8B8,CONSTRUCTION & MAINTENANCE ELECTRICIAN TECHNICIAN: PRE-APPRENTICE,Service Trade,Other- Service Trade,Y,100.0%,90.2%,73.2%,69.0%,100.0%,ND
208165,SKILLED TRADES COLLEGE OF CANADA INC.,106999,"SKILLED TRADES COLLEGE OF CANADA, VAUGHAN",VAUGHAN,L4L 8B8,INTRO TO HOME RENOVATION,Construction Trade,Construction,Y,100.0%,78.3%,65.2%,70.8%,100.0%,ND
208165,SKILLED TRADES COLLEGE OF CANADA INC.,106999,"SKILLED TRADES COLLEGE OF CANADA, VAUGHAN",VAUGHAN,L4L 8B8,PLUMBER PRE APPRENTICESHIP,Service Trade,Other- Service Trade,Y,100.0%,100.0%,80.0%,90.0%,100.0%,ND
208165,SKILLED TRADES COLLEGE OF CANADA INC.,127314,"SKILLED TRADES COLLEGE OF CANADA, MISSISSAUGA",MISSISSAUGA,L4X 2X1,+,,,Y,93.8%,73.0%,49.2%,63.5%,100.0%,ND
208165,SKILLED TRADES COLLEGE OF CANADA INC.,127314,"SKILLED TRADES COLLEGE OF CANADA, MISSISSAUGA",MISSISSAUGA,L4X 2X1,CONSTRUCTION & MAINTENANCE ELECTRICIAN TECHNICIAN: PRE-APPRENTICE (P/T),Service Trade,Other- Service Trade,Y,100.0%,90.9%,36.4%,60.0%,100.0%,ND
208165,SKILLED TRADES COLLEGE OF CANADA INC.,127314,"SKILLED TRADES COLLEGE OF CANADA, MISSISSAUGA",MISSISSAUGA,L4X 2X1,CONSTRUCTION & MAINTENANCE ELECTRICIAN TECHNICIAN: PRE-APPRENTICE,Service Trade,Other- Service Trade,Y,100.0%,73.5%,55.9%,67.6%,100.0%,ND
208165,SKILLED TRADES COLLEGE OF CANADA INC.,127314,"SKILLED TRADES COLLEGE OF CANADA, MISSISSAUGA",MISSISSAUGA,L4X 2X1,PLUMBER PRE APPRENTICESHIP,Service Trade,Other- Service Trade,Y,78.7%,61.1%,44.4%,57.9%,ND,ND
208165,SKILLED TRADES COLLEGE OF CANADA INC.,204151,"SKILLED TRADES COLLEGE OF CANADA, AJAX CAMPUS",AJAX,L1S 2J1,+,,,Y,81.8%,84.2%,52.6%,65.0%,100.0%,ND
208165,SKILLED TRADES COLLEGE OF CANADA INC.,204151,"SKILLED TRADES COLLEGE OF CANADA, AJAX CAMPUS",AJAX,L1S 2J1,CONSTRUCTION & MAINTENANCE ELECTRICIAN TECHNICIAN: PRE-APPRENTICE (P/T),Service Trade,Other- Service Trade,Y,0.0%,ND,ND,ND,ND,ND
208165,SKILLED TRADES COLLEGE OF CANADA INC.,204151,"SKILLED TRADES COLLEGE OF CANADA, AJAX CAMPUS",AJAX,L1S 2J1,CONSTRUCTION & MAINTENANCE ELECTRICIAN TECHNICIAN: PRE-APPRENTICE,Service Trade,Other- Service Trade,Y,97.4%,92.9%,64.3%,71.4%,100.0%,ND
208165,SKILLED TRADES COLLEGE OF CANADA INC.,204151,"SKILLED TRADES COLLEGE OF CANADA, AJAX CAMPUS",AJAX,L1S 2J1,INTRO TO HOME RENOVATION,Construction Trade,Construction,Y,100.0%,66.7%,33.3%,75.0%,ND,ND
208165,SKILLED TRADES COLLEGE OF CANADA INC.,204151,"SKILLED TRADES COLLEGE OF CANADA, AJAX CAMPUS",AJAX,L1S 2J1,PLUMBER PRE APPRENTICESHIP,Service Trade,Other- Service Trade,Y,62.5%,50.0%,0.0%,0.0%,ND,ND
208165,SKILLED TRADES COLLEGE OF CANADA INC.,205089,"SKILLED TRADES COLLEGE OF CANADA INC., STC - TORONTO EAST",TORONTO,M4A 2V6,+,,,Y,98.6%,66.7%,46.7%,71.7%,ND,ND
208165,SKILLED TRADES COLLEGE OF CANADA INC.,205089,"SKILLED TRADES COLLEGE OF CANADA INC., STC - TORONTO EAST",TORONTO,M4A 2V6,CONSTRUCTION & MAINTENANCE ELECTRICIAN TECHNICIAN: PRE-APPRENTICE (P/T),Service Trade,Other- Service Trade,Y,ND,SS,SS,SS,ND,ND
208165,SKILLED TRADES COLLEGE OF CANADA INC.,205089,"SKILLED TRADES COLLEGE OF CANADA INC., STC - TORONTO EAST",TORONTO,M4A 2V6,CONSTRUCTION & MAINTENANCE ELECTRICIAN TECHNICIAN: PRE-APPRENTICE,Service Trade,Other- Service Trade,Y,100.0%,66.7%,47.6%,61.9%,ND,ND
208165,SKILLED TRADES COLLEGE OF CANADA INC.,205089,"SKILLED TRADES COLLEGE OF CANADA INC., STC - TORONTO EAST",TORONTO,M4A 2V6,INTRO TO HOME RENOVATION,Construction Trade,Construction,Y,97.1%,70.6%,47.1%,77.8%,ND,ND
208165,SKILLED TRADES COLLEGE OF CANADA INC.,205089,"SKILLED TRADES COLLEGE OF CANADA INC., STC - TORONTO EAST",TORONTO,M4A 2V6,PLUMBER PRE APPRENTICESHIP,Service Trade,Other- Service Trade,Y,ND,50.0%,33.3%,83.3%,ND,ND
208843,WATERLOO WELLINGTON FLYING CLUB,+,+,,,+,,,Y,38.8%,92.3%,76.9%,85.2%,100.0%,ND
208843,WATERLOO WELLINGTON FLYING CLUB,105919,"WATERLOO WELLINGTON FLIGHT CENTRE, BRESLAU",BRESLAU,N0B 1M0,+,,,Y,38.8%,92.3%,76.9%,85.2%,100.0%,ND
208843,WATERLOO WELLINGTON FLYING CLUB,105919,"WATERLOO WELLINGTON FLIGHT CENTRE, BRESLAU",BRESLAU,N0B 1M0,ARTICULATED 2-YEAR PROFESSIONAL PILOT,Flight Training,Commercial Pilot,Y,14.9%,92.3%,84.6%,84.6%,ND,ND
208843,WATERLOO WELLINGTON FLYING CLUB,105919,"WATERLOO WELLINGTON FLIGHT CENTRE, BRESLAU",BRESLAU,N0B 1M0,ARTICULATED 3 YEAR INTEGRATED AIRLINE PILOT PROGRAM (ATP),Flight Training,Commercial Pilot - Integrated,Y,ND,SS,SS,SS,ND,ND
208843,WATERLOO WELLINGTON FLYING CLUB,105919,"WATERLOO WELLINGTON FLIGHT CENTRE, BRESLAU",BRESLAU,N0B 1M0,ARTICULATED 3-YEAR PROFESSIONAL PILOT,Flight Training,Commercial Pilot,Y,87.5%,90.9%,63.6%,72.7%,100.0%,ND
208843,WATERLOO WELLINGTON FLYING CLUB,105919,"WATERLOO WELLINGTON FLIGHT CENTRE, BRESLAU",BRESLAU,N0B 1M0,COMMERCIAL PILOT LICENCE - AEROPLANE,Flight Training,Commercial Pilot,Y,42.9%,80.0%,40.0%,83.3%,ND,ND
208843,WATERLOO WELLINGTON FLYING CLUB,105919,"WATERLOO WELLINGTON FLIGHT CENTRE, BRESLAU",BRESLAU,N0B 1M0,INSTRUCTOR RATING COURSE,Flight Training,Flight Instructor,Y,73.5%,93.8%,81.3%,93.8%,100.0%,ND
208843,WATERLOO WELLINGTON FLYING CLUB,105919,"WATERLOO WELLINGTON FLIGHT CENTRE, BRESLAU",BRESLAU,N0B 1M0,INTEGRATED AIRLINE TRANSPORT PILOT (ATP-A),Flight Training,Commercial Pilot - Integrated,Y,11.1%,SS,SS,SS,ND,ND
208923,1786742 ONTARIO INC.,+,+,,,+,,,Y,98.5%,58.6%,55.2%,90.0%,100.0%,ND
208923,1786742 ONTARIO INC.,106299,"ACADEMY TRUCK DRIVING SCHOOL, WINDSOR",WINDSOR,N8W 4J5,+,,,Y,98.5%,58.6%,55.2%,90.0%,100.0%,ND
208923,1786742 ONTARIO INC.,106299,"ACADEMY TRUCK DRIVING SCHOOL, WINDSOR",WINDSOR,N8W 4J5,AZ PROFESSIONAL TRUCK TRAINING,Tractor-Trailer / Driver Licensing,AZ Class Truck Driver,Y,98.4%,57.1%,53.6%,89.7%,100.0%,ND
208923,1786742 ONTARIO INC.,106299,"ACADEMY TRUCK DRIVING SCHOOL, WINDSOR",WINDSOR,N8W 4J5,TRACTOR-TRAILER MELT,Tractor-Trailer / Driver Licensing,A Class Truck Driver,Y,SS,SS,SS,SS,ND,ND
209707,1693761 ONTARIO INC,+,+,,,+,,,Y,0.0%,ND,ND,SS,ND,ND
209707,1693761 ONTARIO INC,107041,"AIMS COLLEGE HEALTHCARE MANAGEMENT TECHNOLOGY, MISSISSAUGA",MISSISSAUGA,L4W 2S6,+,,,Y,0.0%,ND,ND,SS,ND,ND
209707,1693761 ONTARIO INC,107041,"AIMS COLLEGE HEALTHCARE MANAGEMENT TECHNOLOGY, MISSISSAUGA",MISSISSAUGA,L4W 2S6,ACCOUNTING AND BUSINESS MANAGEMENT,Business,Business Management,Y,0.0%,ND,ND,ND,ND,ND
209707,1693761 ONTARIO INC,107041,"AIMS COLLEGE HEALTHCARE MANAGEMENT TECHNOLOGY, MISSISSAUGA",MISSISSAUGA,L4W 2S6,MEDICAL OFFICE ADMINISTRATION,Health Services,Medical Office Administration/Management,Y,ND,ND,ND,SS,ND,ND
209845,WINDSOR FLYING CLUB,+,+,,,+,,,Y,SS,SS,SS,SS,ND,ND
209845,WINDSOR FLYING CLUB,107522,"WINDSOR FLYING CLUB, WINDSOR",WINDSOR,N8V 1A2,+,,,Y,SS,SS,SS,SS,ND,ND
209845,WINDSOR FLYING CLUB,107522,"WINDSOR FLYING CLUB, WINDSOR",WINDSOR,N8V 1A2,COMMERCIAL PILOT LICENCE - AEROPLANE,Flight Training,Commercial Pilot,Y,SS,ND,ND,ND,ND,ND
209845,WINDSOR FLYING CLUB,107522,"WINDSOR FLYING CLUB, WINDSOR",WINDSOR,N8V 1A2,FLIGHT INSTRUCTOR - ALL RATINGS,Flight Training,Flight Instructor,Y,SS,SS,SS,SS,ND,ND
210004,ABM COLLEGE OF HEALTH AND TECHNOLOGY,+,+,,,+,,,Y,68.6%,87.0%,78.3%,96.3%,100.0%,ND
210004,ABM COLLEGE OF HEALTH AND TECHNOLOGY,106519,"ABM COLLEGE OF HEALTH AND TECHNOLOGY, TORONTO",TORONTO,M6A 1B4,+,,,Y,68.6%,87.0%,78.3%,96.3%,100.0%,ND
210004,ABM COLLEGE OF HEALTH AND TECHNOLOGY,106519,"ABM COLLEGE OF HEALTH AND TECHNOLOGY, TORONTO",TORONTO,M6A 1B4,NACC PSW 2015,Health Services,Personal Support Worker/ Personal Attendant (NACC),Y,68.6%,87.0%,78.3%,96.3%,100.0%,ND
210144,CANADIAN BEAUTY COLLEGE INC.,+,+,,,+,,,Y,69.7%,77.1%,64.3%,75.3%,100.0%,ND
210144,CANADIAN BEAUTY COLLEGE INC.,106539,"CANADIAN BEAUTY COLLEGE, VAUGHAN",VAUGHAN,L4K 3C8,+,,,Y,60.0%,65.2%,47.8%,66.7%,100.0%,ND
210144,CANADIAN BEAUTY COLLEGE INC.,106539,"CANADIAN BEAUTY COLLEGE, VAUGHAN",VAUGHAN,L4K 3C8,HAIRSTYLING,Service Trade,Hairstylist,Y,86.7%,75.0%,62.5%,75.0%,100.0%,ND
210144,CANADIAN BEAUTY COLLEGE INC.,106539,"CANADIAN BEAUTY COLLEGE, VAUGHAN",VAUGHAN,L4K 3C8,LASER TECHNICIAN (P/T),Human Services,Esthetics/Medical Esthetics,Y,71.4%,100.0%,100.0%,100.0%,ND,ND
210144,CANADIAN BEAUTY COLLEGE INC.,106539,"CANADIAN BEAUTY COLLEGE, VAUGHAN",VAUGHAN,L4K 3C8,LASER TECHNICIAN,Human Services,Esthetics/Medical Esthetics,Y,55.6%,33.3%,0.0%,100.0%,ND,ND
210144,CANADIAN BEAUTY COLLEGE INC.,106539,"CANADIAN BEAUTY COLLEGE, VAUGHAN",VAUGHAN,L4K 3C8,MAKEUP ARTIST (PT),Human Services,Cosmetology/Make-up Application,Y,SS,ND,ND,ND,ND,ND
210144,CANADIAN BEAUTY COLLEGE INC.,106539,"CANADIAN BEAUTY COLLEGE, VAUGHAN",VAUGHAN,L4K 3C8,MAKEUP ARTIST DIPLOMA,Human Services,Cosmetology/Make-up Application,Y,100.0%,100.0%,50.0%,50.0%,ND,ND
210144,CANADIAN BEAUTY COLLEGE INC.,106539,"CANADIAN BEAUTY COLLEGE, VAUGHAN",VAUGHAN,L4K 3C8,MEDICAL AESTHETICS DIPLOMA,Human Services,Esthetics/Medical Esthetics,Y,42.4%,55.6%,44.4%,44.4%,ND,ND
210144,CANADIAN BEAUTY COLLEGE INC.,147815,"CANADIAN BEAUTY COLLEGE.INC., MISSISSAUGA",MISSISSAUGA,L4Y 2C5,+,,,Y,73.3%,85.7%,71.4%,81.5%,ND,ND
210144,CANADIAN BEAUTY COLLEGE INC.,147815,"CANADIAN BEAUTY COLLEGE.INC., MISSISSAUGA",MISSISSAUGA,L4Y 2C5,HAIRSTYLING,Service Trade,Hairstylist,Y,100.0%,80.0%,80.0%,62.5%,ND,ND
210144,CANADIAN BEAUTY COLLEGE INC.,147815,"CANADIAN BEAUTY COLLEGE.INC., MISSISSAUGA",MISSISSAUGA,L4Y 2C5,LASER TECHNICIAN,Human Services,Esthetics/Medical Esthetics,Y,100.0%,85.7%,71.4%,100.0%,ND,ND
210144,CANADIAN BEAUTY COLLEGE INC.,147815,"CANADIAN BEAUTY COLLEGE.INC., MISSISSAUGA",MISSISSAUGA,L4Y 2C5,MAKEUP ARTIST (PT),Human Services,Cosmetology/Make-up Application,Y,100.0%,100.0%,50.0%,66.7%,ND,ND
210144,CANADIAN BEAUTY COLLEGE INC.,147815,"CANADIAN BEAUTY COLLEGE.INC., MISSISSAUGA",MISSISSAUGA,L4Y 2C5,MEDICAL AESTHETICS DIPLOMA,Human Services,Esthetics/Medical Esthetics,Y,33.3%,85.7%,71.4%,85.7%,ND,ND
210144,CANADIAN BEAUTY COLLEGE INC.,173935,"CANADIAN BEAUTY COLLEGE, AJAX",AJAX,L1S 6V6,+,,,Y,80.0%,80.8%,73.1%,76.9%,100.0%,ND
210144,CANADIAN BEAUTY COLLEGE INC.,173935,"CANADIAN BEAUTY COLLEGE, AJAX",AJAX,L1S 6V6,HAIRSTYLING,Service Trade,Hairstylist,Y,100.0%,85.7%,85.7%,57.1%,100.0%,ND
210144,CANADIAN BEAUTY COLLEGE INC.,173935,"CANADIAN BEAUTY COLLEGE, AJAX",AJAX,L1S 6V6,LASER TECHNICIAN,Human Services,Esthetics/Medical Esthetics,Y,87.5%,50.0%,50.0%,83.3%,ND,ND
210144,CANADIAN BEAUTY COLLEGE INC.,173935,"CANADIAN BEAUTY COLLEGE, AJAX",AJAX,L1S 6V6,MAKEUP ARTIST (PT),Human Services,Cosmetology/Make-up Application,Y,90.0%,87.5%,75.0%,87.5%,ND,ND
210144,CANADIAN BEAUTY COLLEGE INC.,173935,"CANADIAN BEAUTY COLLEGE, AJAX",AJAX,L1S 6V6,MEDICAL AESTHETICS DIPLOMA,Human Services,Esthetics/Medical Esthetics,Y,41.7%,100.0%,80.0%,80.0%,ND,ND
210424,2198859 ONTARIO LTD,+,+,,,+,,,Y,76.0%,75.0%,75.0%,75.0%,ND,ND
210424,2198859 ONTARIO LTD,106420,"BETA COLLEGE OF BUSINESS AND TECHNOLOGY, MISSISSAUGA",MISSISSAUGA,L4Z 1V3,+,,,Y,80.0%,75.0%,75.0%,75.0%,ND,ND
210424,2198859 ONTARIO LTD,106420,"BETA COLLEGE OF BUSINESS AND TECHNOLOGY, MISSISSAUGA",MISSISSAUGA,L4Z 1V3,ACCOUNTING AND PAYROLL ADMINISTRATION,Business,Accounting and Payroll Administration,Y,SS,ND,ND,ND,ND,ND
210424,2198859 ONTARIO LTD,106420,"BETA COLLEGE OF BUSINESS AND TECHNOLOGY, MISSISSAUGA",MISSISSAUGA,L4Z 1V3,AUTOMATION TECHNOLOGY,Computer and Information Technology,Information Technology,Y,ND,ND,ND,ND,ND,ND
210424,2198859 ONTARIO LTD,106420,"BETA COLLEGE OF BUSINESS AND TECHNOLOGY, MISSISSAUGA",MISSISSAUGA,L4Z 1V3,CAD/CAM TECHNOLOGY,Computer and Information Technology,Information Technology,Y,ND,ND,ND,ND,ND,ND
210424,2198859 ONTARIO LTD,106420,"BETA COLLEGE OF BUSINESS AND TECHNOLOGY, MISSISSAUGA",MISSISSAUGA,L4Z 1V3,COMPUTERIZED ACCOUNTING,Business,Accounting,Y,72.7%,66.7%,66.7%,66.7%,ND,ND
210424,2198859 ONTARIO LTD,106420,"BETA COLLEGE OF BUSINESS AND TECHNOLOGY, MISSISSAUGA",MISSISSAUGA,L4Z 1V3,FOOD SERVICE WORKER,Service Trade,Customer Service/Retail Sales,Y,SS,ND,ND,ND,ND,ND
210424,2198859 ONTARIO LTD,106420,"BETA COLLEGE OF BUSINESS AND TECHNOLOGY, MISSISSAUGA",MISSISSAUGA,L4Z 1V3,OFFICE ADMINISTRATION - GENERAL,Business,Office Administration,Y,SS,SS,SS,SS,ND,ND
210424,2198859 ONTARIO LTD,202901,"BETA COLLEGE OF BUSINESS AND TECHNOLOGY, BRAMPTON",BRAMPTON,L6X 0G6,+,,,Y,70.0%,ND,ND,ND,ND,ND
210424,2198859 ONTARIO LTD,202901,"BETA COLLEGE OF BUSINESS AND TECHNOLOGY, BRAMPTON",BRAMPTON,L6X 0G6,CAD/CAM TECHNOLOGY,Computer and Information Technology,Information Technology,Y,SS,ND,ND,ND,ND,ND
210424,2198859 ONTARIO LTD,202901,"BETA COLLEGE OF BUSINESS AND TECHNOLOGY, BRAMPTON",BRAMPTON,L6X 0G6,COMPUTERIZED ACCOUNTING,Business,Accounting,Y,87.5%,ND,ND,ND,ND,ND
210424,2198859 ONTARIO LTD,202901,"BETA COLLEGE OF BUSINESS AND TECHNOLOGY, BRAMPTON",BRAMPTON,L6X 0G6,FOOD SERVICE WORKER,Service Trade,Customer Service/Retail Sales,Y,SS,ND,ND,ND,ND,ND
210772,1791559 ONTARIO INC.,+,+,,,+,,,Y,90.0%,100.0%,100.0%,90.0%,ND,ND
210772,1791559 ONTARIO INC.,106662,"HELICOPTERS CANADA, NORTH BAY",NORTH BAY,P1B 9N8,+,,,Y,90.0%,100.0%,100.0%,90.0%,ND,ND
210772,1791559 ONTARIO INC.,106662,"HELICOPTERS CANADA, NORTH BAY",NORTH BAY,P1B 9N8,CANADIAN HELICOPTER FLIGHT INSTRUCTOR,Flight Training,Flight Instructor,Y,SS,ND,ND,SS,ND,ND
210772,1791559 ONTARIO INC.,106662,"HELICOPTERS CANADA, NORTH BAY",NORTH BAY,P1B 9N8,COMMERCIAL PILOT - HELICOPTER,Flight Training,Other - Flight Training,Y,88.9%,100.0%,100.0%,88.9%,ND,ND
211468,LA LUMA INC.,+,+,,,+,,,Y,87.5%,80.0%,60.0%,80.0%,100.0%,ND
211468,LA LUMA INC.,106919,"LA LUMA ACADEMY, GUELPH",GUELPH,N1H 2S9,+,,,Y,87.5%,80.0%,60.0%,80.0%,100.0%,ND
211468,LA LUMA INC.,106919,"LA LUMA ACADEMY, GUELPH",GUELPH,N1H 2S9,HAIRSTYLING,Service Trade,Hairstylist,Y,87.5%,80.0%,60.0%,80.0%,100.0%,ND
211606,TORONTO SCHOOL OF HEALTH INC.,+,+,,,+,,,Y,SS,ND,ND,ND,ND,ND
211606,TORONTO SCHOOL OF HEALTH INC.,107080,"BAY COLLEGE OF HEALTH, BUSINESS AND TECHNOLOGY, TORONTO",TORONTO,M2K 2W2,+,,,Y,SS,ND,ND,ND,ND,ND
211606,TORONTO SCHOOL OF HEALTH INC.,107080,"BAY COLLEGE OF HEALTH, BUSINESS AND TECHNOLOGY, TORONTO",TORONTO,M2K 2W2,NACC PSW 2015,Health Services,Personal Support Worker/ Personal Attendant (NACC),Y,SS,ND,ND,ND,ND,ND
212171,NETSOFT COMMUNICATIONS INC.,+,+,,,+,,,Y,0.0%,70.0%,70.0%,88.9%,100.0%,ND
212171,NETSOFT COMMUNICATIONS INC.,107440,"NETSOFT COLLEGE OF TECHNOLOGY, MISSISSAUGA",MISSISSAUGA,L4Z 1R2,+,,,Y,0.0%,70.0%,70.0%,88.9%,100.0%,ND
212171,NETSOFT COMMUNICATIONS INC.,107440,"NETSOFT COLLEGE OF TECHNOLOGY, MISSISSAUGA",MISSISSAUGA,L4Z 1R2,CLOUD ENGINEER,Computer and Information Technology,Information Technology,Y,0.0%,ND,ND,ND,ND,ND
212171,NETSOFT COMMUNICATIONS INC.,107440,"NETSOFT COLLEGE OF TECHNOLOGY, MISSISSAUGA",MISSISSAUGA,L4Z 1R2,INFRASTRUCTURE ANALYST,Computer and Information Technology,Computer Systems Analyst,Y,0.0%,70.0%,70.0%,88.9%,100.0%,ND
212831,UNIVERSAL HAIR & AESTHETICS ACADEMY INC.,+,+,,,+,,,Y,83.3%,0.0%,0.0%,100.0%,ND,ND
212831,UNIVERSAL HAIR & AESTHETICS ACADEMY INC.,107720,"UNIVERSAL HAIR ACADEMY, BRAMPTON",BRAMPTON,L6T 5A1,+,,,Y,83.3%,0.0%,0.0%,100.0%,ND,ND
212831,UNIVERSAL HAIR & AESTHETICS ACADEMY INC.,107720,"UNIVERSAL HAIR ACADEMY, BRAMPTON",BRAMPTON,L6T 5A1,ADVANCED AESTHETICS,Human Services,Esthetics/Medical Esthetics,Y,SS,SS,SS,SS,ND,ND
212831,UNIVERSAL HAIR & AESTHETICS ACADEMY INC.,107720,"UNIVERSAL HAIR ACADEMY, BRAMPTON",BRAMPTON,L6T 5A1,HAIRSTYLING,Service Trade,Hairstylist,Y,SS,ND,ND,ND,ND,ND
212892,CENTRE FOR SECURITY TRAINING & MANAGEMENT INC.,+,+,,,+,,,Y,0.0%,83.3%,66.7%,100.0%,ND,ND
212892,CENTRE FOR SECURITY TRAINING & MANAGEMENT INC.,107380,"CENTRE FOR SECURITY TRAINING & MANAGEMENT INC., TORONTO",TORONTO,M1R 4Z8,+,,,Y,0.0%,83.3%,66.7%,100.0%,ND,ND
212892,CENTRE FOR SECURITY TRAINING & MANAGEMENT INC.,107380,"CENTRE FOR SECURITY TRAINING & MANAGEMENT INC., TORONTO",TORONTO,M1R 4Z8,BASIC SECURITY GUARD TRAINING PROGRAM,Law and Public Safety,Law Enforcement/Police Foundations,Y,0.0%,83.3%,66.7%,100.0%,ND,ND
213713,STRATFORD CHEFS SCHOOL,+,+,,,+,,,Y,SS,ND,ND,ND,ND,ND
213713,STRATFORD CHEFS SCHOOL,130476,"STRATFORD CHEFS SCHOOL, STRATFORD",STRATFORD,N5A 3H4,+,,,Y,SS,ND,ND,ND,ND,7.7%
213713,STRATFORD CHEFS SCHOOL,130476,"STRATFORD CHEFS SCHOOL, STRATFORD",STRATFORD,N5A 3H4,COOK: BASIC - LEVEL I,Service Trade,Cook/Assistant Cook,Y,SS,ND,ND,ND,ND,ND
214314,2206775 ONTARIO LIMITED,+,+,,,+,,,Y,39.6%,91.3%,52.2%,96.2%,100.0%,ND
214314,2206775 ONTARIO LIMITED,107880,"HOLI HEALTH, TORONTO",TORONTO,M6A 1L6,+,,,Y,39.6%,91.3%,52.2%,96.2%,100.0%,ND
214314,2206775 ONTARIO LIMITED,107880,"HOLI HEALTH, TORONTO",TORONTO,M6A 1L6,NACC PSW 2015 (F/T),Health Services,Personal Support Worker/ Personal Attendant (NACC),Y,41.1%,91.7%,66.7%,93.3%,100.0%,ND
214314,2206775 ONTARIO LIMITED,107880,"HOLI HEALTH, TORONTO",TORONTO,M6A 1L6,NACC PSW 2015,Health Services,Personal Support Worker/ Personal Attendant (NACC),Y,36.8%,90.9%,36.4%,100.0%,ND,ND
214475,CGO HOLDINGS LTD.,+,+,,,+,,,Y,16.0%,100.0%,100.0%,100.0%,ND,ND
214475,CGO HOLDINGS LTD.,107820,"PRIME INTERNATIONAL COLLEGE OF HEALTH CARE AND TECHNOLOGY, TORONTO",TORONTO,M3H 2S1,+,,,Y,16.0%,100.0%,100.0%,100.0%,ND,ND
214475,CGO HOLDINGS LTD.,107820,"PRIME INTERNATIONAL COLLEGE OF HEALTH CARE AND TECHNOLOGY, TORONTO",TORONTO,M3H 2S1,NACC PSW 2015,Health Services,Personal Support Worker/ Personal Attendant (NACC),Y,28.6%,SS,SS,100.0%,ND,ND
214475,CGO HOLDINGS LTD.,107820,"PRIME INTERNATIONAL COLLEGE OF HEALTH CARE AND TECHNOLOGY, TORONTO",TORONTO,M3H 2S1,NACC PSW BRIDGING PROGRAM,Health Services,Personal Support Worker/ Personal Attendant (NACC),Y,0.0%,SS,SS,SS,ND,ND
214934,MCFRIAS CONSULTING INC.,+,+,,,+,,,Y,40.6%,90.0%,90.0%,100.0%,100.0%,ND
214934,MCFRIAS CONSULTING INC.,108540,"METROCARE HEALTH ACADEMY, NORTH YORK",NORTH YORK,M2M 3X4,+,,,Y,40.6%,90.0%,90.0%,100.0%,100.0%,ND
214934,MCFRIAS CONSULTING INC.,108540,"METROCARE HEALTH ACADEMY, NORTH YORK",NORTH YORK,M2M 3X4,PERSONAL SUPPORT WORKER (PART-TIME),Health Services,Personal Support Worker/Personal Attendant,Y,40.6%,90.0%,90.0%,100.0%,100.0%,ND
215501,LONDON LANGUAGE INSTITUTE INC.,+,+,,,+,,,Y,ND,ND,ND,ND,ND,ND
215501,LONDON LANGUAGE INSTITUTE INC.,108381,"LONDON LANGUAGE INSTITUTE INC., LONDON",LONDON,N6A 1M6,+,,,Y,ND,ND,ND,ND,ND,ND
215501,LONDON LANGUAGE INSTITUTE INC.,108381,"LONDON LANGUAGE INSTITUTE INC., LONDON",LONDON,N6A 1M6,DIPLOMA IN SOFTWARE DEVELOPMENT AND TECHNOLOGY ENTREPRENEURSHIP,Computer and Information Technology,Other - Information Technology,Y,ND,ND,ND,ND,ND,ND
216662,1355576 ONTARIO INC.,+,+,,,+,,,Y,SS,ND,ND,ND,ND,ND
216662,1355576 ONTARIO INC.,110152,"GRADE LEARNING, TORONTO NORTH",TORONTO,M3J 2G6,+,,,Y,SS,ND,ND,ND,ND,ND
216662,1355576 ONTARIO INC.,110152,"GRADE LEARNING, TORONTO NORTH",TORONTO,M3J 2G6,CUSTOMER SERVICE DIPLOMA,Services,Customer Service/Retail Sales,Y,SS,ND,ND,ND,ND,ND
217140,"FUTURES CANADIAN COLLEGE OF BUSINESS, HEALTH & TECHNOLOGY INC.",+,+,,,+,,,Y,SS,ND,ND,ND,ND,ND
217140,"FUTURES CANADIAN COLLEGE OF BUSINESS, HEALTH & TECHNOLOGY INC.",108720,"FUTURES CANADIAN COLLEGE OF BUSINESS, HEALTH  AND TECHNOLOGY, MISSISSAUGA",MISSISSAUGA,L5C 4P9,+,,,Y,SS,ND,ND,ND,ND,ND
217140,"FUTURES CANADIAN COLLEGE OF BUSINESS, HEALTH & TECHNOLOGY INC.",108720,"FUTURES CANADIAN COLLEGE OF BUSINESS, HEALTH  AND TECHNOLOGY, MISSISSAUGA",MISSISSAUGA,L5C 4P9,NACC PSW 2015,Health Services,Personal Support Worker/ Personal Attendant (NACC),Y,SS,ND,ND,ND,ND,ND
217140,"FUTURES CANADIAN COLLEGE OF BUSINESS, HEALTH & TECHNOLOGY INC.",108720,"FUTURES CANADIAN COLLEGE OF BUSINESS, HEALTH  AND TECHNOLOGY, MISSISSAUGA",MISSISSAUGA,L5C 4P9,PERSONAL SUPPORT WORKER DISTANCE EDUCATION,Health Services,Personal Support Worker/Personal Attendant,Y,ND,ND,ND,ND,ND,ND
218080,RUPU XIAO,+,+,,,+,,,Y,89.7%,71.4%,14.3%,75.0%,ND,ND
218080,RUPU XIAO,109140,"CERTCANA SYSTEMS INSTITUTE, SCARBOROUGH",SCARBOROUGH,M1K 2P5,+,,,Y,89.7%,71.4%,14.3%,75.0%,ND,ND
218080,RUPU XIAO,109140,"CERTCANA SYSTEMS INSTITUTE, SCARBOROUGH",SCARBOROUGH,M1K 2P5,COMPUTER NETWORK TECHNICIAN (40 WEEKS)*,Computer and Information Technology,Information Technology - Hardware Technician/Network Technician,Y,70.0%,See combined program results below,See combined program results below,See combined program results below,See combined program results below,ND
218080,RUPU XIAO,109140,"CERTCANA SYSTEMS INSTITUTE, SCARBOROUGH",SCARBOROUGH,M1K 2P5,COMPUTER NETWORK TECHNICIAN (56 WEEKS)*,Computer and Information Technology,Information Technology - Hardware Technician/Network Technician,Y,94.3%,See combined program results below,See combined program results below,See combined program results below,See combined program results below,ND
218080,RUPU XIAO,109140,"CERTCANA SYSTEMS INSTITUTE, SCARBOROUGH",SCARBOROUGH,M1K 2P5,COMPUTER NETWORK TECHNICIAN (COMBINED 40 WEEKS AND 56 WEEKS)**,Computer and Information Technology,Information Technology - Hardware Technician/Network Technician,Y,See program results above,0.0%,0.0%,100.0%,ND,See program results above
218080,RUPU XIAO,109140,"CERTCANA SYSTEMS INSTITUTE, SCARBOROUGH",SCARBOROUGH,M1K 2P5,COMPUTERIZED ACCOUNTING TECHNOLOGY (40 WEEKS)*,Business,Accounting,Y,100.0%,See combined program results below,See combined program results below,See combined program results below,See combined program results below,ND
218080,RUPU XIAO,109140,"CERTCANA SYSTEMS INSTITUTE, SCARBOROUGH",SCARBOROUGH,M1K 2P5,COMPUTERIZED ACCOUNTING TECHNOLOGY (56 WEEKS)*,Business,Accounting,Y,100.0%,See combined program results below,See combined program results below,See combined program results below,See combined program results below,ND
218080,RUPU XIAO,109140,"CERTCANA SYSTEMS INSTITUTE, SCARBOROUGH",SCARBOROUGH,M1K 2P5,COMPUTERIZED ACCOUNTING TECHNOLOGY (COMBINED 40 WEEKS AND 56 WEEKS)**,Business,Accounting,Y,See program results above,ND,ND,ND,ND,See program results above
218080,RUPU XIAO,109140,"CERTCANA SYSTEMS INSTITUTE, SCARBOROUGH",SCARBOROUGH,M1K 2P5,NETWORK SUPPORT SPECIALIST,Computer and Information Technology,Information Technology,Y,SS,ND,ND,ND,ND,ND
218080,RUPU XIAO,109140,"CERTCANA SYSTEMS INSTITUTE, SCARBOROUGH",SCARBOROUGH,M1K 2P5,TAX AND ACCOUNTING (36 WEEKS)*,Business,Accounting,Y,SS,See combined program results below,See combined program results below,See combined program results below,See combined program results below,ND
218080,RUPU XIAO,109140,"CERTCANA SYSTEMS INSTITUTE, SCARBOROUGH",SCARBOROUGH,M1K 2P5,TAX AND ACCOUNTING (50 WEEKS)*,Business,Accounting,Y,70.6%,See combined program results below,See combined program results below,See combined program results below,See combined program results below,ND
218080,RUPU XIAO,109140,"CERTCANA SYSTEMS INSTITUTE, SCARBOROUGH",SCARBOROUGH,M1K 2P5,TAX AND ACCOUNTING (COMBINED 36 WEEKS AND 50 WEEKS)**,Business,Accounting,Y,See program results above,100.0%,20.0%,60.0%,ND,See program results above
218322,PETS BEAUTIFUL INC,+,+,,,+,,,Y,14.3%,100.0%,100.0%,100.0%,100.0%,ND
218322,PETS BEAUTIFUL INC,109381,"PETS BEAUTIFUL SCHOOL OF STYLING, LONDON",LONDON,N6J 1Y5,+,,,Y,14.3%,100.0%,100.0%,100.0%,100.0%,ND
218322,PETS BEAUTIFUL INC,109381,"PETS BEAUTIFUL SCHOOL OF STYLING, LONDON",LONDON,N6J 1Y5,PET STYLING,Services,Animal Care,Y,14.3%,100.0%,100.0%,100.0%,100.0%,ND
219062,SVS TRUCK TRAINING INC.,+,+,,,+,,,Y,100.0%,85.7%,71.4%,85.7%,100.0%,ND
219062,SVS TRUCK TRAINING INC.,109440,"SVS TRUCK TRAINING INC., STONEY CREEK",STONEY CREEK,L8E 2P6,+,,,Y,100.0%,85.7%,71.4%,85.7%,100.0%,ND
219062,SVS TRUCK TRAINING INC.,109440,"SVS TRUCK TRAINING INC., STONEY CREEK",STONEY CREEK,L8E 2P6,PROFESSIONAL TRUCK DRIVER TRAINING (MELT),Tractor-Trailer / Driver Licensing,A Class Truck Driver,Y,100.0%,85.7%,71.4%,85.7%,100.0%,ND
219143,EMPIRE COLLEGE CANADA OF HEALTH & BUSINESS INC.,+,+,,,+,,,Y,100.0%,100.0%,100.0%,100.0%,100.0%,ND
219143,EMPIRE COLLEGE CANADA OF HEALTH & BUSINESS INC.,110380,"EMPIRE COLLEGE CANADA OF HEALTH & BUSINESS INC., RAJWINDER SINGH RAUL",BRAMPTON,L6R 0W3,+,,,Y,100.0%,100.0%,100.0%,100.0%,100.0%,ND
219143,EMPIRE COLLEGE CANADA OF HEALTH & BUSINESS INC.,110380,"EMPIRE COLLEGE CANADA OF HEALTH & BUSINESS INC., RAJWINDER SINGH RAUL",BRAMPTON,L6R 0W3,HAIRSTYLING,Service Trade,Hairstylist,Y,ND,SS,SS,SS,100.0%,ND
219143,EMPIRE COLLEGE CANADA OF HEALTH & BUSINESS INC.,110380,"EMPIRE COLLEGE CANADA OF HEALTH & BUSINESS INC., RAJWINDER SINGH RAUL",BRAMPTON,L6R 0W3,MEDICAL AESTHETICS,Human Services,Esthetics/Medical Esthetics,Y,100.0%,100.0%,100.0%,100.0%,ND,ND
219666,INTERNATIONAL BEAUTY INSTITUTE INC.,+,+,,,+,,,Y,73.2%,77.0%,56.0%,72.3%,100.0%,ND
219666,INTERNATIONAL BEAUTY INSTITUTE INC.,109380,"INTERNATIONAL BEAUTY INSTITUTE INC., MISSISSAUGA",MISSISSAUGA,L4X 2T8,+,,,Y,68.9%,78.6%,59.5%,79.5%,100.0%,ND
219666,INTERNATIONAL BEAUTY INSTITUTE INC.,109380,"INTERNATIONAL BEAUTY INSTITUTE INC., MISSISSAUGA",MISSISSAUGA,L4X 2T8,ADVANCED MEDI-SPA THERAPIST DIPLOMA F/T (12 WEEKS)*,Human Services,Esthetics/Medical Esthetics,Y,84.6%,See combined program results below,See combined program results below,See combined program results below,See combined program results below,ND
219666,INTERNATIONAL BEAUTY INSTITUTE INC.,109380,"INTERNATIONAL BEAUTY INSTITUTE INC., MISSISSAUGA",MISSISSAUGA,L4X 2T8,ADVANCED MEDI-SPA THERAPIST DIPLOMA F/T (15 WEEKS)*,Human Services,Esthetics/Medical Esthetics,Y,SS,See combined program results below,See combined program results below,See combined program results below,See combined program results below,ND
219666,INTERNATIONAL BEAUTY INSTITUTE INC.,109380,"INTERNATIONAL BEAUTY INSTITUTE INC., MISSISSAUGA",MISSISSAUGA,L4X 2T8,ADVANCED MEDI-SPA THERAPIST DIPLOMA F/T (COMBINED 12 WEEKS AND 15 WEEKS)**,Human Services,Esthetics/Medical Esthetics,Y,See program results above,66.7%,66.7%,62.5%,ND,See program results above
219666,INTERNATIONAL BEAUTY INSTITUTE INC.,109380,"INTERNATIONAL BEAUTY INSTITUTE INC., MISSISSAUGA",MISSISSAUGA,L4X 2T8,ADVANCED MEDI-SPA THERAPIST DIPLOMA P/T,Human Services,Esthetics/Medical Esthetics,Y,41.7%,100.0%,66.7%,100.0%,ND,ND
219666,INTERNATIONAL BEAUTY INSTITUTE INC.,109380,"INTERNATIONAL BEAUTY INSTITUTE INC., MISSISSAUGA",MISSISSAUGA,L4X 2T8,ADVANCED SKINCARE SPECIALIST DIPLOMA,Human Services,Esthetics/Medical Esthetics,Y,48.3%,50.0%,37.5%,100.0%,ND,ND
219666,INTERNATIONAL BEAUTY INSTITUTE INC.,109380,"INTERNATIONAL BEAUTY INSTITUTE INC., MISSISSAUGA",MISSISSAUGA,L4X 2T8,LASER TECHNICIAN DIPLOMA P/T,Human Services,Esthetics/Medical Esthetics,Y,80.0%,100.0%,80.0%,80.0%,ND,ND
219666,INTERNATIONAL BEAUTY INSTITUTE INC.,109380,"INTERNATIONAL BEAUTY INSTITUTE INC., MISSISSAUGA",MISSISSAUGA,L4X 2T8,LASER TECHNICIAN DIPLOMA,Human Services,Esthetics/Medical Esthetics,Y,90.9%,90.9%,72.7%,54.5%,100.0%,ND
219666,INTERNATIONAL BEAUTY INSTITUTE INC.,109380,"INTERNATIONAL BEAUTY INSTITUTE INC., MISSISSAUGA",MISSISSAUGA,L4X 2T8,MEDICAL AESTHETICS DIPLOMA,Human Services,Esthetics/Medical Esthetics,Y,64.3%,87.5%,50.0%,100.0%,100.0%,ND
219666,INTERNATIONAL BEAUTY INSTITUTE INC.,109380,"INTERNATIONAL BEAUTY INSTITUTE INC., MISSISSAUGA",MISSISSAUGA,L4X 2T8,SPA THERAPIST DIPLOMA F/T (12 WEEKS)*,Human Services,Esthetics/Medical Esthetics,Y,SS,See combined program results below,See combined program results below,See combined program results below,See combined program results below,ND
219666,INTERNATIONAL BEAUTY INSTITUTE INC.,109380,"INTERNATIONAL BEAUTY INSTITUTE INC., MISSISSAUGA",MISSISSAUGA,L4X 2T8,SPA THERAPIST DIPLOMA F/T (15 WEEKS)*,Human Services,Esthetics/Medical Esthetics,Y,SS,See combined program results below,See combined program results below,See combined program results below,See combined program results below,ND
219666,INTERNATIONAL BEAUTY INSTITUTE INC.,109380,"INTERNATIONAL BEAUTY INSTITUTE INC., MISSISSAUGA",MISSISSAUGA,L4X 2T8,SPA THERAPIST DIPLOMA F/T (COMBINED 12 WEEKS AND 15 WEEKS)**,Human Services,Esthetics/Medical Esthetics,Y,See program results above,SS,SS,SS,ND,See program results above
219666,INTERNATIONAL BEAUTY INSTITUTE INC.,167355,"INTERNATIONAL BEAUTY INSTITUTE, HAMILTON",HAMILTON,L9C 2Y4,+,,,Y,89.1%,73.0%,54.1%,67.4%,ND,ND
219666,INTERNATIONAL BEAUTY INSTITUTE INC.,167355,"INTERNATIONAL BEAUTY INSTITUTE, HAMILTON",HAMILTON,L9C 2Y4,ADVANCED MEDI-SPA THERAPIST DIPLOMA F/T,Human Services,Esthetics/Medical Esthetics,Y,81.0%,80.0%,80.0%,83.3%,ND,ND
219666,INTERNATIONAL BEAUTY INSTITUTE INC.,167355,"INTERNATIONAL BEAUTY INSTITUTE, HAMILTON",HAMILTON,L9C 2Y4,ADVANCED MEDI-SPA THERAPIST DIPLOMA P/T,Human Services,Esthetics/Medical Esthetics,Y,83.3%,100.0%,0.0%,0.0%,ND,ND
219666,INTERNATIONAL BEAUTY INSTITUTE INC.,167355,"INTERNATIONAL BEAUTY INSTITUTE, HAMILTON",HAMILTON,L9C 2Y4,ADVANCED SKINCARE SPECIALIST DIPLOMA,Human Services,Esthetics/Medical Esthetics,Y,69.2%,66.7%,50.0%,75.0%,ND,ND
219666,INTERNATIONAL BEAUTY INSTITUTE INC.,167355,"INTERNATIONAL BEAUTY INSTITUTE, HAMILTON",HAMILTON,L9C 2Y4,LASER TECHNICIAN DIPLOMA P/T,Human Services,Esthetics/Medical Esthetics,Y,90.0%,100.0%,33.3%,100.0%,ND,ND
219666,INTERNATIONAL BEAUTY INSTITUTE INC.,167355,"INTERNATIONAL BEAUTY INSTITUTE, HAMILTON",HAMILTON,L9C 2Y4,LASER TECHNICIAN DIPLOMA,Human Services,Esthetics/Medical Esthetics,Y,95.0%,80.0%,60.0%,60.0%,ND,ND
219666,INTERNATIONAL BEAUTY INSTITUTE INC.,167355,"INTERNATIONAL BEAUTY INSTITUTE, HAMILTON",HAMILTON,L9C 2Y4,MEDICAL AESTHETICS DIPLOMA (28 WEEKS)*,Human Services,Esthetics/Medical Esthetics,Y,96.2%,See combined program results below,See combined program results below,See combined program results below,See combined program results below,ND
219666,INTERNATIONAL BEAUTY INSTITUTE INC.,167355,"INTERNATIONAL BEAUTY INSTITUTE, HAMILTON",HAMILTON,L9C 2Y4,MEDICAL AESTHETICS DIPLOMA (33 WEEKS)*,Human Services,Esthetics/Medical Esthetics,Y,100.0%,See combined program results below,See combined program results below,See combined program results below,See combined program results below,ND
219666,INTERNATIONAL BEAUTY INSTITUTE INC.,167355,"INTERNATIONAL BEAUTY INSTITUTE, HAMILTON",HAMILTON,L9C 2Y4,MEDICAL AESTHETICS DIPLOMA (COMBINED 28 WEEKS AND 33 WEEKS)**,Human Services,Esthetics/Medical Esthetics,Y,See program results above,62.5%,50.0%,55.6%,ND,See program results above
219666,INTERNATIONAL BEAUTY INSTITUTE INC.,167355,"INTERNATIONAL BEAUTY INSTITUTE, HAMILTON",HAMILTON,L9C 2Y4,SPA THERAPIST DIPLOMA F/T,Human Services,Esthetics/Medical Esthetics,Y,SS,SS,SS,SS,ND,ND
219666,INTERNATIONAL BEAUTY INSTITUTE INC.,203355,"INTERNATIONAL BEAUTY INSTITUTE, TORONTO",NORTH YORK,M3C 3S2,+,,,Y,61.0%,81.0%,52.4%,68.0%,ND,ND
219666,INTERNATIONAL BEAUTY INSTITUTE INC.,203355,"INTERNATIONAL BEAUTY INSTITUTE, TORONTO",NORTH YORK,M3C 3S2,ADVANCED MEDI-SPA THERAPIST DIPLOMA F/T (12 WEEKS)*,Human Services,Esthetics/Medical Esthetics,Y,100.0%,See combined program results below,See combined program results below,See combined program results below,See combined program results below,ND
219666,INTERNATIONAL BEAUTY INSTITUTE INC.,203355,"INTERNATIONAL BEAUTY INSTITUTE, TORONTO",NORTH YORK,M3C 3S2,ADVANCED MEDI-SPA THERAPIST DIPLOMA F/T (15 WEEKS)*,Human Services,Esthetics/Medical Esthetics,Y,84.6%,See combined program results below,See combined program results below,See combined program results below,See combined program results below,ND
219666,INTERNATIONAL BEAUTY INSTITUTE INC.,203355,"INTERNATIONAL BEAUTY INSTITUTE, TORONTO",NORTH YORK,M3C 3S2,ADVANCED MEDI-SPA THERAPIST DIPLOMA F/T (COMBINED 12 WEEKS AND 15 WEEKS)**,Human Services,Esthetics/Medical Esthetics,Y,See program results above,66.7%,66.7%,66.7%,ND,See program results above
219666,INTERNATIONAL BEAUTY INSTITUTE INC.,203355,"INTERNATIONAL BEAUTY INSTITUTE, TORONTO",NORTH YORK,M3C 3S2,ADVANCED MEDI-SPA THERAPIST DIPLOMA P/T,Human Services,Esthetics/Medical Esthetics,Y,51.9%,100.0%,50.0%,100.0%,ND,ND
219666,INTERNATIONAL BEAUTY INSTITUTE INC.,203355,"INTERNATIONAL BEAUTY INSTITUTE, TORONTO",NORTH YORK,M3C 3S2,ADVANCED SKINCARE SPECIALIST DIPLOMA,Human Services,Esthetics/Medical Esthetics,Y,40.0%,50.0%,50.0%,50.0%,ND,ND
219666,INTERNATIONAL BEAUTY INSTITUTE INC.,203355,"INTERNATIONAL BEAUTY INSTITUTE, TORONTO",NORTH YORK,M3C 3S2,LASER TECHNICIAN DIPLOMA P/T,Human Services,Esthetics/Medical Esthetics,Y,50.0%,100.0%,50.0%,62.5%,ND,ND
219666,INTERNATIONAL BEAUTY INSTITUTE INC.,203355,"INTERNATIONAL BEAUTY INSTITUTE, TORONTO",NORTH YORK,M3C 3S2,LASER TECHNICIAN DIPLOMA,Human Services,Esthetics/Medical Esthetics,Y,89.5%,60.0%,60.0%,85.7%,ND,ND
219666,INTERNATIONAL BEAUTY INSTITUTE INC.,203355,"INTERNATIONAL BEAUTY INSTITUTE, TORONTO",NORTH YORK,M3C 3S2,MEDICAL AESTHETICS DIPLOMA,Human Services,Esthetics/Medical Esthetics,Y,44.4%,100.0%,0.0%,0.0%,ND,ND
219666,INTERNATIONAL BEAUTY INSTITUTE INC.,203355,"INTERNATIONAL BEAUTY INSTITUTE, TORONTO",NORTH YORK,M3C 3S2,SPA THERAPIST DIPLOMA F/T,Human Services,Esthetics/Medical Esthetics,Y,SS,ND,ND,ND,ND,ND
219827,THE SCHOOL OF DANCE (OTTAWA) PRE-PROFESSIONAL PROGRAMME INC.,+,+,,,+,,,Y,SS,SS,SS,SS,ND,ND
219827,THE SCHOOL OF DANCE (OTTAWA) PRE-PROFESSIONAL PROGRAMME INC.,109420,"THE SCHOOL OF DANCE, OTTAWA",OTTAWA,K1M 1W2,+,,,Y,SS,SS,SS,SS,ND,ND
219827,THE SCHOOL OF DANCE (OTTAWA) PRE-PROFESSIONAL PROGRAMME INC.,109420,"THE SCHOOL OF DANCE, OTTAWA",OTTAWA,K1M 1W2,CONTEMPORARY DANCE PROGRAMME/PROGRAMME DE DANSE CONTEMPORAINE,Applied Arts and Science,Performing Arts,Y,SS,SS,SS,SS,ND,ND
219912,2222225 ONTARIO INC.,+,+,,,+,,,Y,58.1%,69.6%,56.5%,54.2%,ND,ND
219912,2222225 ONTARIO INC.,109360,"CANADIAN BEAUTY COLLEGE, NEWMARKET",NEWMARKET,L3Y 8X7,+,,,Y,58.1%,69.6%,56.5%,54.2%,ND,ND
219912,2222225 ONTARIO INC.,109360,"CANADIAN BEAUTY COLLEGE, NEWMARKET",NEWMARKET,L3Y 8X7,HAIRSTYLING,Service Trade,Hairstylist,Y,62.5%,85.7%,85.7%,42.9%,ND,ND
219912,2222225 ONTARIO INC.,109360,"CANADIAN BEAUTY COLLEGE, NEWMARKET",NEWMARKET,L3Y 8X7,LASER TECHNICIAN,Human Services,Esthetics/Medical Esthetics,Y,85.7%,60.0%,60.0%,80.0%,ND,ND
219912,2222225 ONTARIO INC.,109360,"CANADIAN BEAUTY COLLEGE, NEWMARKET",NEWMARKET,L3Y 8X7,MAKEUP ARTIST (PT),Human Services,Cosmetology/Make-up Application,Y,SS,SS,SS,SS,ND,ND
219912,2222225 ONTARIO INC.,109360,"CANADIAN BEAUTY COLLEGE, NEWMARKET",NEWMARKET,L3Y 8X7,MEDICAL AESTHETICS DIPLOMA,Human Services,Esthetics/Medical Esthetics,Y,30.8%,75.0%,37.5%,33.3%,ND,ND
221068,DOGPORT ACADEMY OF DOG GROOMING,+,+,,,+,,,Y,94.4%,100.0%,66.7%,76.9%,ND,ND
221068,DOGPORT ACADEMY OF DOG GROOMING,110060,"DOGPORT ACADEMY OF DOG GROOMING, WOODSTOCK",WOODSTOCK,N4S 1E7,+,,,Y,94.4%,100.0%,66.7%,76.9%,ND,ND
221068,DOGPORT ACADEMY OF DOG GROOMING,110060,"DOGPORT ACADEMY OF DOG GROOMING, WOODSTOCK",WOODSTOCK,N4S 1E7,THE 240 HOUR ALL-BREED DOG GROOMING COURSE,Services,Animal Care,Y,94.4%,100.0%,66.7%,76.9%,ND,ND
221810,2219876 ONTARIO LTD.,+,+,,,+,,,Y,70.5%,75.0%,54.5%,86.4%,100.0%,ND
221810,2219876 ONTARIO LTD.,110080,"TORONTO INTERNATIONAL BUSINESS COLLEGE, TORONTO CENTRAL",TORONTO,M2R 3W4,+,,,Y,SS,60.0%,40.0%,40.0%,ND,0.0%
221810,2219876 ONTARIO LTD.,110080,"TORONTO INTERNATIONAL BUSINESS COLLEGE, TORONTO CENTRAL",TORONTO,M2R 3W4,COMMUNITY SERVICES WORKER,Community and Social Services,Community Services Worker,Y,ND,SS,SS,SS,ND,ND
221810,2219876 ONTARIO LTD.,110080,"TORONTO INTERNATIONAL BUSINESS COLLEGE, TORONTO CENTRAL",TORONTO,M2R 3W4,EDUCATION ASSISTANT,Human Services,Educator,Y,ND,SS,SS,SS,ND,ND
221810,2219876 ONTARIO LTD.,110080,"TORONTO INTERNATIONAL BUSINESS COLLEGE, TORONTO CENTRAL",TORONTO,M2R 3W4,PERSONAL SUPPORT WORKER (NACC 2015),Health Services,Personal Support Worker/ Personal Attendant (NACC),Y,ND,SS,SS,SS,ND,ND
221810,2219876 ONTARIO LTD.,110080,"TORONTO INTERNATIONAL BUSINESS COLLEGE, TORONTO CENTRAL",TORONTO,M2R 3W4,PERSONAL SUPPORT WORKER,Health Services,Personal Support Worker/Personal Attendant,Y,SS,SS,SS,SS,ND,ND
221810,2219876 ONTARIO LTD.,203991,"TORONTO INTERNATIONAL BUSINESS COLLEGE, TORONTO",TORONTO,M1B 3V9,+,,,Y,70.0%,75.7%,55.1%,88.3%,100.0%,ND
221810,2219876 ONTARIO LTD.,203991,"TORONTO INTERNATIONAL BUSINESS COLLEGE, TORONTO",TORONTO,M1B 3V9,ACCOUNTING AND PAYROLL ADMINISTRATION,Business,Accounting and Payroll Administration,Y,85.7%,100.0%,100.0%,100.0%,ND,ND
221810,2219876 ONTARIO LTD.,203991,"TORONTO INTERNATIONAL BUSINESS COLLEGE, TORONTO",TORONTO,M1B 3V9,COMMUNITY SERVICES WORKER,Community and Social Services,Community Services Worker,Y,ND,75.0%,62.5%,75.0%,ND,ND
221810,2219876 ONTARIO LTD.,203991,"TORONTO INTERNATIONAL BUSINESS COLLEGE, TORONTO",TORONTO,M1B 3V9,COMPUTERIZED BUSINESS ACCOUNTING,Business,Accounting,Y,ND,66.7%,33.3%,83.3%,ND,ND
221810,2219876 ONTARIO LTD.,203991,"TORONTO INTERNATIONAL BUSINESS COLLEGE, TORONTO",TORONTO,M1B 3V9,EARLY CHILDCARE ASSISTANT,Human Services,Early Childhood Assistant,Y,44.4%,SS,SS,SS,ND,ND
221810,2219876 ONTARIO LTD.,203991,"TORONTO INTERNATIONAL BUSINESS COLLEGE, TORONTO",TORONTO,M1B 3V9,EDUCATION ASSISTANT,Human Services,Educator,Y,58.3%,66.7%,58.3%,76.9%,ND,ND
221810,2219876 ONTARIO LTD.,203991,"TORONTO INTERNATIONAL BUSINESS COLLEGE, TORONTO",TORONTO,M1B 3V9,MEDICAL OFFICE ADMINISTRATION,Health Services,Medical Office Administration/Management,Y,SS,SS,SS,SS,100.0%,ND
221810,2219876 ONTARIO LTD.,203991,"TORONTO INTERNATIONAL BUSINESS COLLEGE, TORONTO",TORONTO,M1B 3V9,OFFICE ADMINISTRATION PROFESSIONAL,Business,Office Administration,Y,SS,SS,SS,SS,ND,ND
221810,2219876 ONTARIO LTD.,203991,"TORONTO INTERNATIONAL BUSINESS COLLEGE, TORONTO",TORONTO,M1B 3V9,PERSONAL SUPPORT WORKER (NACC 2015),Health Services,Personal Support Worker/ Personal Attendant (NACC),Y,75.0%,78.1%,53.4%,92.5%,100.0%,ND
222109,NEW PUNJAB TRUCK & FORKLIFT TRAINING SCHOOL INC,+,+,,,+,,,Y,100.0%,100.0%,83.3%,100.0%,ND,ND
222109,NEW PUNJAB TRUCK & FORKLIFT TRAINING SCHOOL INC,115991,"NEW PUNJAB TRUCK & FORKLIFT TRAINING SCHOOL INC, MISSISSAUGA",MISSISSAUGA,L4W 4N9,+,,,Y,100.0%,100.0%,83.3%,100.0%,ND,ND
222109,NEW PUNJAB TRUCK & FORKLIFT TRAINING SCHOOL INC,115991,"NEW PUNJAB TRUCK & FORKLIFT TRAINING SCHOOL INC, MISSISSAUGA",MISSISSAUGA,L4W 4N9,COMMERCIAL TRANSPORT TRAINING PROGRAM,Tractor-Trailer / Driver Licensing,A Class Truck Driver,Y,100.0%,100.0%,83.3%,100.0%,ND,ND
222309,PAULINE IDA STAVNITSKY AND EDMUND ALBERT STAVNITZKY,+,+,,,+,,,Y,34.3%,87.5%,62.5%,87.5%,ND,ND
222309,PAULINE IDA STAVNITSKY AND EDMUND ALBERT STAVNITZKY,110300,"EDGE ACADEMY, BURLINGTON",BURLINGTON,L7N 3H8,+,,,Y,34.3%,87.5%,62.5%,87.5%,ND,ND
222309,PAULINE IDA STAVNITSKY AND EDMUND ALBERT STAVNITZKY,110300,"EDGE ACADEMY, BURLINGTON",BURLINGTON,L7N 3H8,PERSONAL SUPPORT WORKER PART TIME,Health Services,Personal Support Worker/Personal Attendant,Y,27.8%,100.0%,50.0%,100.0%,ND,ND
222309,PAULINE IDA STAVNITSKY AND EDMUND ALBERT STAVNITZKY,110300,"EDGE ACADEMY, BURLINGTON",BURLINGTON,L7N 3H8,PERSONAL SUPPORT WORKER,Health Services,Personal Support Worker/Personal Attendant,Y,41.2%,83.3%,66.7%,83.3%,ND,ND
222793,PET GROOMING STUDIO ACADEMY INC,+,+,,,+,,,Y,100.0%,92.3%,92.3%,100.0%,100.0%,ND
222793,PET GROOMING STUDIO ACADEMY INC,110840,"PET GROOMING STUDIO ACADEMY, RICHMOND HILL",RICHMOND HILL,L4C 1J9,+,,,Y,100.0%,92.3%,92.3%,100.0%,100.0%,ND
222793,PET GROOMING STUDIO ACADEMY INC,110840,"PET GROOMING STUDIO ACADEMY, RICHMOND HILL",RICHMOND HILL,L4C 1J9,PROFESSIONAL DOG GROOMING PART-1,Services,Animal Care,Y,100.0%,85.7%,85.7%,100.0%,100.0%,ND
222793,PET GROOMING STUDIO ACADEMY INC,110840,"PET GROOMING STUDIO ACADEMY, RICHMOND HILL",RICHMOND HILL,L4C 1J9,PROFESSIONAL DOG GROOMING PART-2,Services,Animal Care,Y,100.0%,100.0%,100.0%,100.0%,ND,ND
223770,1579630 ONTARIO INC.,+,+,,,+,,,Y,87.0%,95.7%,95.7%,72.7%,ND,ND
223770,1579630 ONTARIO INC.,113171,"FLUFFY PAWS GROOMING SCHOOL, RICHMOND HILL",RICHMOND HILL,L4B 3P7,+,,,Y,87.0%,95.7%,95.7%,72.7%,ND,ND
223770,1579630 ONTARIO INC.,113171,"FLUFFY PAWS GROOMING SCHOOL, RICHMOND HILL",RICHMOND HILL,L4B 3P7,PROFESSIONAL PET GROOMING,Services,Animal Care,Y,87.0%,95.7%,95.7%,72.7%,ND,ND
227059,WINLOUGH INC,+,+,,,+,,,Y,0.0%,60.0%,40.0%,90.0%,ND,ND
227059,WINLOUGH INC,112951,"NEWCASTLE COLLEGE OF BUSINESS AND TECHNOLOGY, SOUTH COAST, BRANTFORD",BRANTFORD,N3R 7K2,+,,,Y,SS,SS,SS,100.0%,ND,ND
227059,WINLOUGH INC,112951,"NEWCASTLE COLLEGE OF BUSINESS AND TECHNOLOGY, SOUTH COAST, BRANTFORD",BRANTFORD,N3R 7K2,CERTIFICATE IN OFFICE ADMINISTRATION,Business,Office Administration,Y,ND,SS,SS,100.0%,ND,ND
227059,WINLOUGH INC,112951,"NEWCASTLE COLLEGE OF BUSINESS AND TECHNOLOGY, SOUTH COAST, BRANTFORD",BRANTFORD,N3R 7K2,POST GRADUATE DIPLOMA IN PROJECT MANAGEMENT,Business,Project Administration/Management,Y,SS,ND,ND,ND,ND,ND
227059,WINLOUGH INC,204545,"NEWCASTLE COLLEGE OF BUSINESS AND TECHNOLOGY, 227059",MISSISSAUGA,L4T 4H4,+,,,Y,0.0%,SS,SS,SS,ND,ND
227059,WINLOUGH INC,204545,"NEWCASTLE COLLEGE OF BUSINESS AND TECHNOLOGY, 227059",MISSISSAUGA,L4T 4H4,CERTIFICATE IN OFFICE ADMINISTRATION,Business,Office Administration,Y,ND,SS,SS,SS,ND,ND
227059,WINLOUGH INC,204545,"NEWCASTLE COLLEGE OF BUSINESS AND TECHNOLOGY, 227059",MISSISSAUGA,L4T 4H4,POST GRADUATE DIPLOMA IN PROJECT MANAGEMENT,Business,Project Administration/Management,Y,0.0%,ND,ND,ND,ND,ND
227241,1049678 ONTARIO LTD.,+,+,,,+,,,Y,100.0%,86.2%,75.9%,82.8%,100.0%,ND
227241,1049678 ONTARIO LTD.,113152,"CANADA HEAVY EQUIPMENT COLLEGE, KITCHENER",CAMBRIDGE,N1R 6J9,+,,,Y,100.0%,86.2%,75.9%,82.8%,100.0%,ND
227241,1049678 ONTARIO LTD.,113152,"CANADA HEAVY EQUIPMENT COLLEGE, KITCHENER",CAMBRIDGE,N1R 6J9,BACKHOE OPERATOR,Construction Trade,Heavy Equipment Operator,Y,SS,SS,SS,SS,ND,ND
227241,1049678 ONTARIO LTD.,113152,"CANADA HEAVY EQUIPMENT COLLEGE, KITCHENER",CAMBRIDGE,N1R 6J9,EXCAVATOR OPERATOR,Construction Trade,Heavy Equipment Operator,Y,SS,SS,SS,SS,100.0%,ND
227241,1049678 ONTARIO LTD.,113152,"CANADA HEAVY EQUIPMENT COLLEGE, KITCHENER",CAMBRIDGE,N1R 6J9,HEAVY EQUIPMENT OPERATOR (HEO4) PART TIME,Construction Trade,Heavy Equipment Operator,Y,SS,ND,ND,ND,ND,ND
227241,1049678 ONTARIO LTD.,113152,"CANADA HEAVY EQUIPMENT COLLEGE, KITCHENER",CAMBRIDGE,N1R 6J9,HEAVY EQUIPMENT OPERATOR (HEO4),Construction Trade,Heavy Equipment Operator,Y,100.0%,84.6%,76.9%,84.6%,100.0%,ND
227241,1049678 ONTARIO LTD.,113152,"CANADA HEAVY EQUIPMENT COLLEGE, KITCHENER",CAMBRIDGE,N1R 6J9,TRACTOR-TRAILER (AZ) MELT,Tractor-Trailer / Driver Licensing,AZ Class Truck Driver,Y,ND,SS,SS,SS,ND,ND
227241,1049678 ONTARIO LTD.,113152,"CANADA HEAVY EQUIPMENT COLLEGE, KITCHENER",CAMBRIDGE,N1R 6J9,TRACTOR-TRAILER (AZ),Tractor-Trailer / Driver Licensing,AZ Class Truck Driver,Y,SS,SS,SS,SS,ND,ND
227241,1049678 ONTARIO LTD.,113152,"CANADA HEAVY EQUIPMENT COLLEGE, KITCHENER",CAMBRIDGE,N1R 6J9,"TRANSPORTATION (AZ) AND CONSTRUCTION (BD, EX) (AZ W HEO2)",Tractor-Trailer / Driver Licensing,AZ Class Truck Driver Combined,Y,SS,ND,ND,ND,ND,ND
227241,1049678 ONTARIO LTD.,113152,"CANADA HEAVY EQUIPMENT COLLEGE, KITCHENER",CAMBRIDGE,N1R 6J9,TRANSPORTATION (AZ) AND CONSTRUCTION OPERATOR (AZ W HEO4),Tractor-Trailer / Driver Licensing,AZ Class Truck Driver Combined,Y,SS,100.0%,83.3%,83.3%,ND,ND
227241,1049678 ONTARIO LTD.,113152,"CANADA HEAVY EQUIPMENT COLLEGE, KITCHENER",CAMBRIDGE,N1R 6J9,TRUCK DRIVING (DZ),Tractor-Trailer / Driver Licensing,DZ Class Truck Driver,Y,SS,ND,ND,ND,ND,ND
227483,ALPINE TRANSPORT SERVICE & TRUCK DRIVER TRAINING INC.,+,+,,,+,,,Y,36.7%,87.5%,75.0%,87.5%,ND,ND
227483,ALPINE TRANSPORT SERVICE & TRUCK DRIVER TRAINING INC.,113374,"ALPINE TRUCK DRIVER TRAINING, SCARBOROUGH",SCARBOROUGH,M1V 3S2,+,,,Y,36.7%,87.5%,75.0%,87.5%,ND,ND
227483,ALPINE TRANSPORT SERVICE & TRUCK DRIVER TRAINING INC.,113374,"ALPINE TRUCK DRIVER TRAINING, SCARBOROUGH",SCARBOROUGH,M1V 3S2,AZ PROGRAM,Tractor-Trailer / Driver Licensing,AZ Class Truck Driver,Y,SS,SS,SS,SS,ND,ND
227483,ALPINE TRANSPORT SERVICE & TRUCK DRIVER TRAINING INC.,113374,"ALPINE TRUCK DRIVER TRAINING, SCARBOROUGH",SCARBOROUGH,M1V 3S2,DZ TRUCK DRIVER TRAINING,Tractor-Trailer / Driver Licensing,DZ Class Truck Driver,Y,0.0%,ND,ND,ND,ND,ND
227483,ALPINE TRANSPORT SERVICE & TRUCK DRIVER TRAINING INC.,113374,"ALPINE TRUCK DRIVER TRAINING, SCARBOROUGH",SCARBOROUGH,M1V 3S2,TRACTOR-TRAILER MELT,Tractor-Trailer / Driver Licensing,A Class Truck Driver,Y,33.3%,80.0%,60.0%,80.0%,ND,ND
227640,SERVICE IN YOUR CITY INC,113532,"CITY COLLEGE OF BUSINESS HEALTH & TECHNOLOGY, TORONTO",TORONTO,M9M 2Z2,+,,,Y,44.6%,94.3%,77.1%,94.7%,100.0%,ND
227640,SERVICE IN YOUR CITY INC,113532,"CITY COLLEGE OF BUSINESS HEALTH & TECHNOLOGY, TORONTO",TORONTO,M9M 2Z2,DEVELOPMENTAL SERVICES WORKER,Community and Social Services,Community Services Worker,Y,46.2%,100.0%,75.0%,100.0%,ND,ND
227640,SERVICE IN YOUR CITY INC,113532,"CITY COLLEGE OF BUSINESS HEALTH & TECHNOLOGY, TORONTO",TORONTO,M9M 2Z2,NACC PSW 2015,Health Services,Personal Support Worker/ Personal Attendant (NACC),Y,44.4%,93.5%,77.4%,94.1%,100.0%,ND
227699,"FREEDOM COLLEGE OF BUSINESS, HEALTHCARE AND TECHNOLOGY INC.",+,+,,,+,,,Y,54.5%,85.7%,85.7%,100.0%,ND,ND
227699,"FREEDOM COLLEGE OF BUSINESS, HEALTHCARE AND TECHNOLOGY INC.",113610,"FREEDOM COLLEGE OF BUSINESS, HEALTHCARE AND TECHNOLOGY INC., TORONTO",TORONTO,M3M 2H4,+,,,Y,54.5%,85.7%,85.7%,100.0%,ND,ND
227699,"FREEDOM COLLEGE OF BUSINESS, HEALTHCARE AND TECHNOLOGY INC.",113610,"FREEDOM COLLEGE OF BUSINESS, HEALTHCARE AND TECHNOLOGY INC., TORONTO",TORONTO,M3M 2H4,DEVELOPMENTAL SERVICES WORKER,Community and Social Services,Community Services Worker,Y,SS,80.0%,80.0%,100.0%,ND,ND
227699,"FREEDOM COLLEGE OF BUSINESS, HEALTHCARE AND TECHNOLOGY INC.",113610,"FREEDOM COLLEGE OF BUSINESS, HEALTHCARE AND TECHNOLOGY INC., TORONTO",TORONTO,M3M 2H4,PERSONAL SUPPORT WORKER,Health Services,Personal Support Worker/Personal Attendant,Y,37.5%,SS,SS,SS,ND,ND
229625,TORONTO ACADEMY OF ACTING FOR FILM & TELEVISION INC.,+,+,,,+,,,Y,94.6%,55.6%,33.3%,83.3%,ND,ND
229625,TORONTO ACADEMY OF ACTING FOR FILM & TELEVISION INC.,115596,"TORONTO ACADEMY OF ACTING FOR FILM & TELEVISION INC., TORONTO",TORONTO,M6K 1Y9,+,,,Y,94.6%,55.6%,33.3%,83.3%,ND,ND
229625,TORONTO ACADEMY OF ACTING FOR FILM & TELEVISION INC.,115596,"TORONTO ACADEMY OF ACTING FOR FILM & TELEVISION INC., TORONTO",TORONTO,M6K 1Y9,ESSENTIALS FOR ACTING,Applied Arts and Science,Performing Arts,Y,94.6%,55.6%,33.3%,83.3%,ND,ND
231982,BRYAN COLLEGE OF APPLIED HEALTH AND BUSINESS SCIENCES INC.,+,+,,,+,,,Y,61.7%,76.9%,57.7%,69.6%,100.0%,ND
231982,BRYAN COLLEGE OF APPLIED HEALTH AND BUSINESS SCIENCES INC.,118033,"BRYAN COLLEGE OF APPLIED HEALTH AND BUSINESS SCIENCES INC., TORONTO",TORONTO,M6A 1E3,+,,,Y,61.7%,76.9%,57.7%,69.6%,100.0%,7.2%
231982,BRYAN COLLEGE OF APPLIED HEALTH AND BUSINESS SCIENCES INC.,118033,"BRYAN COLLEGE OF APPLIED HEALTH AND BUSINESS SCIENCES INC., TORONTO",TORONTO,M6A 1E3,ADVANCED MEDICAL SPA THERAPIST,Human Services,Esthetics/Medical Esthetics,Y,61.5%,70.0%,50.0%,60.6%,100.0%,ND
231982,BRYAN COLLEGE OF APPLIED HEALTH AND BUSINESS SCIENCES INC.,118033,"BRYAN COLLEGE OF APPLIED HEALTH AND BUSINESS SCIENCES INC., TORONTO",TORONTO,M6A 1E3,HEALTH FITNESS TRAINER,Health Services,Other - Health Services,Y,62.5%,83.3%,66.7%,85.7%,ND,ND
231982,BRYAN COLLEGE OF APPLIED HEALTH AND BUSINESS SCIENCES INC.,118033,"BRYAN COLLEGE OF APPLIED HEALTH AND BUSINESS SCIENCES INC., TORONTO",TORONTO,M6A 1E3,MASSAGE THERAPY (NEW),Health Services,Massage Therapist,Y,46.7%,100.0%,77.8%,77.8%,100.0%,ND
231982,BRYAN COLLEGE OF APPLIED HEALTH AND BUSINESS SCIENCES INC.,118033,"BRYAN COLLEGE OF APPLIED HEALTH AND BUSINESS SCIENCES INC., TORONTO",TORONTO,M6A 1E3,MEDICAL OFFICE ASSISTANT,Health Services,Medical Office Administration/Management,Y,73.7%,71.4%,57.1%,85.7%,100.0%,ND
232119,ALPHA NUMERIC EDUCATION INC.,+,+,,,+,,,Y,12.9%,SS,SS,SS,100.0%,ND
232119,ALPHA NUMERIC EDUCATION INC.,118170,"EASTVIEW COLLEGE BUSINESS HEALTH TECHNOLOGY, BRAMPTON",BRAMPTON,L6W 2B6,+,,,Y,12.9%,SS,SS,SS,100.0%,ND
232119,ALPHA NUMERIC EDUCATION INC.,118170,"EASTVIEW COLLEGE BUSINESS HEALTH TECHNOLOGY, BRAMPTON",BRAMPTON,L6W 2B6,BUSINESS ADMINISTRATION DIPLOMA,Business,Business Administration,Y,ND,ND,ND,ND,ND,ND
232119,ALPHA NUMERIC EDUCATION INC.,118170,"EASTVIEW COLLEGE BUSINESS HEALTH TECHNOLOGY, BRAMPTON",BRAMPTON,L6W 2B6,BUSINESS ADMINISTRATION IN INTERNATIONAL TRADING,Business,Business Administration,Y,8.3%,SS,SS,SS,100.0%,ND
232119,ALPHA NUMERIC EDUCATION INC.,118170,"EASTVIEW COLLEGE BUSINESS HEALTH TECHNOLOGY, BRAMPTON",BRAMPTON,L6W 2B6,EARLY CHILDCARE ASSISTANT,Human Services,Early Childhood Assistant,Y,0.0%,ND,ND,ND,ND,ND
232119,ALPHA NUMERIC EDUCATION INC.,118170,"EASTVIEW COLLEGE BUSINESS HEALTH TECHNOLOGY, BRAMPTON",BRAMPTON,L6W 2B6,PERSONAL SUPPORT WORKER,Health Services,Personal Support Worker/Personal Attendant,Y,21.4%,SS,SS,SS,ND,ND
232523,THE AESTHETICS COLLEGE OF CANADA LTD.,+,+,,,+,,,Y,60.0%,60.0%,50.0%,27.3%,ND,ND
232523,THE AESTHETICS COLLEGE OF CANADA LTD.,118574,"THE AESTHETICS AND HAIRSTYLING COLLEGE OF CANADA, VAUGHAN",VAUGHAN,L4L 8A3,+,,,Y,54.1%,60.0%,50.0%,27.3%,ND,ND
232523,THE AESTHETICS COLLEGE OF CANADA LTD.,118574,"THE AESTHETICS AND HAIRSTYLING COLLEGE OF CANADA, VAUGHAN",VAUGHAN,L4L 8A3,HAIRSTYLING (P/T),Service Trade,Hairstylist,Y,SS,ND,ND,ND,ND,ND
232523,THE AESTHETICS COLLEGE OF CANADA LTD.,118574,"THE AESTHETICS AND HAIRSTYLING COLLEGE OF CANADA, VAUGHAN",VAUGHAN,L4L 8A3,HAIRSTYLING,Service Trade,Hairstylist,Y,56.5%,55.6%,55.6%,30.0%,ND,ND
232523,THE AESTHETICS COLLEGE OF CANADA LTD.,118574,"THE AESTHETICS AND HAIRSTYLING COLLEGE OF CANADA, VAUGHAN",VAUGHAN,L4L 8A3,MEDICAL AESTHETICS,Human Services,Esthetics/Medical Esthetics,Y,58.3%,100.0%,0.0%,0.0%,ND,ND
232523,THE AESTHETICS COLLEGE OF CANADA LTD.,193744,"THE AESTHETICS AND HAIRSTYLING COLLEGE OF CANADA, AURORA",AURORA,L4G 1J5,+,,,Y,87.5%,ND,ND,ND,ND,ND
232523,THE AESTHETICS COLLEGE OF CANADA LTD.,193744,"THE AESTHETICS AND HAIRSTYLING COLLEGE OF CANADA, AURORA",AURORA,L4G 1J5,HAIRSTYLING,Service Trade,Hairstylist,Y,87.5%,ND,ND,ND,ND,ND
233899,7695403 CANADA INC.,+,+,,,+,,,Y,SS,SS,SS,SS,100.0%,ND
233899,7695403 CANADA INC.,119950,"TOP TOQUES INSTITUTE OF CULINARY EXCELLENCE, KITCHENER",KITCHENER,N2G 3S7,+,,,Y,SS,SS,SS,SS,100.0%,ND
233899,7695403 CANADA INC.,119950,"TOP TOQUES INSTITUTE OF CULINARY EXCELLENCE, KITCHENER",KITCHENER,N2G 3S7,CHEF DE CUISINE,Service Trade,Chef,Y,SS,SS,SS,SS,100.0%,ND
233899,7695403 CANADA INC.,119950,"TOP TOQUES INSTITUTE OF CULINARY EXCELLENCE, KITCHENER",KITCHENER,N2G 3S7,COOK: BASIC - LEVEL I,Service Trade,Cook/Assistant Cook,Y,SS,SS,SS,SS,ND,ND
234022,MARY GRACE PORRAS LANCETA,+,+,,,+,,,Y,55.8%,83.3%,66.7%,100.0%,100.0%,ND
234022,MARY GRACE PORRAS LANCETA,120093,"CRD COLLEGE OF HEALTH CARE, MISSISSAUGA",MISSISSAUGA,L5B 4M4,+,,,Y,55.8%,83.3%,66.7%,100.0%,100.0%,ND
234022,MARY GRACE PORRAS LANCETA,120093,"CRD COLLEGE OF HEALTH CARE, MISSISSAUGA",MISSISSAUGA,L5B 4M4,DEVELOPMENTAL SERVICES WORKER,Community and Social Services,Community Services Worker,Y,SS,SS,SS,SS,100.0%,ND
234022,MARY GRACE PORRAS LANCETA,120093,"CRD COLLEGE OF HEALTH CARE, MISSISSAUGA",MISSISSAUGA,L5B 4M4,FOOD SERVICE WORKER,Health Services,Customer Service/Retail Sales,Y,SS,SS,SS,SS,ND,ND
234022,MARY GRACE PORRAS LANCETA,120093,"CRD COLLEGE OF HEALTH CARE, MISSISSAUGA",MISSISSAUGA,L5B 4M4,PERSONAL SUPPORT WORKER - PT,Health Services,Personal Support Worker/Personal Attendant,Y,100.0%,100.0%,100.0%,100.0%,ND,ND
234022,MARY GRACE PORRAS LANCETA,120093,"CRD COLLEGE OF HEALTH CARE, MISSISSAUGA",MISSISSAUGA,L5B 4M4,PERSONAL SUPPORT WORKER (24 WEEKS)*,Health Services,Personal Support Worker/Personal Attendant,Y,46.2%,See combined program results below,See combined program results below,See combined program results below,See combined program results below,ND
234022,MARY GRACE PORRAS LANCETA,120093,"CRD COLLEGE OF HEALTH CARE, MISSISSAUGA",MISSISSAUGA,L5B 4M4,PERSONAL SUPPORT WORKER (46 WEEKS)*,Health Services,Personal Support Worker/Personal Attendant,Y,SS,See combined program results below,See combined program results below,See combined program results below,See combined program results below,ND
234022,MARY GRACE PORRAS LANCETA,120093,"CRD COLLEGE OF HEALTH CARE, MISSISSAUGA",MISSISSAUGA,L5B 4M4,PERSONAL SUPPORT WORKER (COMBINED 24 WEEKS AND 46 WEEKS)**,Health Services,Personal Support Worker/Personal Attendant,Y,See program results above,75.0%,75.0%,100.0%,ND,See program results above
237841,INSIGHT ADVANTAGE INC,+,+,,,+,,,Y,SS,ND,ND,ND,ND,ND
237841,INSIGHT ADVANTAGE INC,123932,"INSIGHT ADVANTAGE INC, WINDSOR",WINDSOR,N8X 2S1,+,,,Y,SS,ND,ND,ND,ND,ND
237841,INSIGHT ADVANTAGE INC,123932,"INSIGHT ADVANTAGE INC, WINDSOR",WINDSOR,N8X 2S1,SECURITY GUARD TRAINING,Law and Public Safety,Law Enforcement/Police Foundations,Y,SS,ND,ND,ND,ND,ND
238244,SAINT ELIZABETH HEALTH CARE,159978,"SE CAREER COLLEGE OF HEALTH, OTTAWA CAMPUS",WINDSOR,N8X 4W2,+,,,Y,57.1%,ND,ND,ND,ND,ND
238244,SAINT ELIZABETH HEALTH CARE,159978,"SE CAREER COLLEGE OF HEALTH, OTTAWA CAMPUS",WINDSOR,N8X 4W2,PERSONAL SUPPORT WORKER 2018,Health Services,Personal Support Worker/Personal Attendant,Y,57.1%,ND,ND,ND,ND,ND
238368,6868088 CANADA INC.,+,+,,,+,,,Y,100.0%,79.4%,58.7%,91.7%,100.0%,ND
238368,6868088 CANADA INC.,124439,"BEST CANADIAN TRUCK AND FORKLIFT TRAINING CENTRE, BRAMPTON",BRAMPTON,L6S 5X8,+,,,Y,100.0%,79.4%,58.7%,91.7%,100.0%,ND
238368,6868088 CANADA INC.,124439,"BEST CANADIAN TRUCK AND FORKLIFT TRAINING CENTRE, BRAMPTON",BRAMPTON,L6S 5X8,TRACTOR TRAILER AZ PROGRAM (5 WEEKS)*,Tractor-Trailer / Driver Licensing,AZ Class Truck Driver,Y,100.0%,See combined program results below,See combined program results below,See combined program results below,See combined program results below,ND
238368,6868088 CANADA INC.,124439,"BEST CANADIAN TRUCK AND FORKLIFT TRAINING CENTRE, BRAMPTON",BRAMPTON,L6S 5X8,TRACTOR TRAILER AZ PROGRAM (8 WEEKS)*,Tractor-Trailer / Driver Licensing,AZ Class Truck Driver,Y,100.0%,See combined program results below,See combined program results below,See combined program results below,See combined program results below,ND
238368,6868088 CANADA INC.,124439,"BEST CANADIAN TRUCK AND FORKLIFT TRAINING CENTRE, BRAMPTON",BRAMPTON,L6S 5X8,TRACTOR TRAILER AZ PROGRAM (COMBINED 5 WEEKS AND 8 WEEKS)**,Tractor-Trailer / Driver Licensing,AZ Class Truck Driver,Y,See program results above,79.4%,58.7%,91.7%,100.0%,See program results above
238744,2265845 ONTARIO INC.,+,+,,,+,,,Y,92.8%,82.6%,60.9%,66.7%,ND,ND
238744,2265845 ONTARIO INC.,124815,"CANADIAN BEAUTY COLLEGE, TORONTO",TORONTO,M6A 3B4,+,,,Y,92.8%,82.6%,60.9%,66.7%,ND,ND
238744,2265845 ONTARIO INC.,124815,"CANADIAN BEAUTY COLLEGE, TORONTO",TORONTO,M6A 3B4,LASER TECHNICIAN (P/T),Human Services,Esthetics/Medical Esthetics,Y,93.8%,80.0%,60.0%,60.0%,ND,ND
238744,2265845 ONTARIO INC.,124815,"CANADIAN BEAUTY COLLEGE, TORONTO",TORONTO,M6A 3B4,LASER TECHNICIAN,Human Services,Esthetics/Medical Esthetics,Y,88.2%,50.0%,25.0%,33.3%,ND,ND
238744,2265845 ONTARIO INC.,124815,"CANADIAN BEAUTY COLLEGE, TORONTO",TORONTO,M6A 3B4,MAKEUP ARTIST (P/T),Human Services,Cosmetology/Make-up Application,Y,100.0%,83.3%,66.7%,71.4%,ND,ND
238744,2265845 ONTARIO INC.,124815,"CANADIAN BEAUTY COLLEGE, TORONTO",TORONTO,M6A 3B4,MEDICAL AESTHETICS DIPLOMA,Human Services,Esthetics/Medical Esthetics,Y,92.0%,100.0%,75.0%,88.9%,ND,ND
239489,CANADA TRUST DRIVING SCHOOL INC.,+,+,,,+,,,Y,100.0%,79.4%,70.6%,93.9%,100.0%,ND
239489,CANADA TRUST DRIVING SCHOOL INC.,125580,"CANADA TRUST DRIVING SCHOOL INC., VAUGHAN",VAUGHAN,L4K 2V1,+,,,Y,100.0%,79.4%,70.6%,93.9%,100.0%,ND
239489,CANADA TRUST DRIVING SCHOOL INC.,125580,"CANADA TRUST DRIVING SCHOOL INC., VAUGHAN",VAUGHAN,L4K 2V1,AZ 200 HOUR ADVANCE TRACTOR-TRAILER PROGRAM,Tractor-Trailer / Driver Licensing,AZ Class Truck Driver,Y,100.0%,100.0%,100.0%,83.3%,ND,ND
239489,CANADA TRUST DRIVING SCHOOL INC.,125580,"CANADA TRUST DRIVING SCHOOL INC., VAUGHAN",VAUGHAN,L4K 2V1,COMMERCIAL TRUCK DRIVER TRAINING STANDARD (CLASS A) PART TIME,Tractor-Trailer / Driver Licensing,A Class Truck Driver,Y,100.0%,73.1%,65.4%,96.0%,100.0%,ND
239489,CANADA TRUST DRIVING SCHOOL INC.,125580,"CANADA TRUST DRIVING SCHOOL INC., VAUGHAN",VAUGHAN,L4K 2V1,COMMERCIAL TRUCK DRIVER TRAINING STANDARD (CLASS A),Tractor-Trailer / Driver Licensing,A Class Truck Driver,Y,100.0%,100.0%,50.0%,100.0%,ND,ND
241643,1865787 ONTARIO LTD,+,+,,,+,,,Y,69.7%,86.7%,86.7%,87.5%,ND,ND
241643,1865787 ONTARIO LTD,127754,"EVERGREEN COLLEGE, MARKHAM",MARKHAM,L3R 9Y7,+,,,Y,69.7%,86.7%,86.7%,87.5%,ND,ND
241643,1865787 ONTARIO LTD,127754,"EVERGREEN COLLEGE, MARKHAM",MARKHAM,L3R 9Y7,COMMUNITY SERVICE WORKER,Community and Social Services,Community Services Worker,Y,ND,ND,ND,ND,ND,ND
241643,1865787 ONTARIO LTD,127754,"EVERGREEN COLLEGE, MARKHAM",MARKHAM,L3R 9Y7,COMPUTERIZED ACCOUNTING AND PAYROLL,Business,Accounting,Y,80.0%,SS,SS,SS,ND,ND
241643,1865787 ONTARIO LTD,127754,"EVERGREEN COLLEGE, MARKHAM",MARKHAM,L3R 9Y7,DEVELOPMENTAL SERVICE WORKER,Community and Social Services,Community Services Worker,Y,SS,SS,SS,SS,ND,ND
241643,1865787 ONTARIO LTD,127754,"EVERGREEN COLLEGE, MARKHAM",MARKHAM,L3R 9Y7,EARLY CHILDCARE ASSISTANT,Human Services,Early Childhood Assistant,Y,ND,SS,SS,SS,ND,ND
241643,1865787 ONTARIO LTD,127754,"EVERGREEN COLLEGE, MARKHAM",MARKHAM,L3R 9Y7,EARLY CHILDHOOD ASSISTANT,Human Services,Early Childhood Assistant,Y,75.7%,85.7%,85.7%,100.0%,ND,ND
241643,1865787 ONTARIO LTD,127754,"EVERGREEN COLLEGE, MARKHAM",MARKHAM,L3R 9Y7,HOSPITALITY OPERATIONS,Business,Hospitality Administration/Management,Y,ND,ND,ND,ND,ND,ND
241643,1865787 ONTARIO LTD,127754,"EVERGREEN COLLEGE, MARKHAM",MARKHAM,L3R 9Y7,MEDICAL OFFICE ADMINISTRATOR,Health Services,Medical Office Administration/Management,Y,42.9%,ND,ND,ND,ND,ND
241643,1865787 ONTARIO LTD,127754,"EVERGREEN COLLEGE, MARKHAM",MARKHAM,L3R 9Y7,PERSONAL SUPPORT WORKER,Health Services,Personal Support Worker/Personal Attendant,Y,73.3%,100.0%,100.0%,75.0%,ND,ND
242707,SCHOOL OF THE PHOTOGRAPHIC ARTS: OTTAWA,+,+,,,+,,,Y,75.0%,80.0%,60.0%,60.0%,100.0%,ND
242707,SCHOOL OF THE PHOTOGRAPHIC ARTS: OTTAWA,128858,"SCHOOL OF THE PHOTOGRAPHIC ARTS: OTTAWA, OTTAWA",OTTAWA,K1S 3K7,+,,,Y,75.0%,80.0%,60.0%,60.0%,100.0%,ND
242707,SCHOOL OF THE PHOTOGRAPHIC ARTS: OTTAWA,128858,"SCHOOL OF THE PHOTOGRAPHIC ARTS: OTTAWA, OTTAWA",OTTAWA,K1S 3K7,PHOTOGRAPHIC ARTS AND PRODUCTION,Applied Arts and Science,Other - Applied Arts and Science,Y,75.0%,80.0%,60.0%,60.0%,100.0%,ND
244084,WLIN TECHNOLOGY COMPANY LTD,+,+,,,+,,,Y,92.3%,76.5%,70.6%,88.2%,100.0%,ND
244084,WLIN TECHNOLOGY COMPANY LTD,130215,"CANADIAN SCITECH COLLEGE, MARKHAM",MARKHAM,L3R 9V1,+,,,Y,92.3%,76.5%,70.6%,88.2%,100.0%,ND
244084,WLIN TECHNOLOGY COMPANY LTD,130215,"CANADIAN SCITECH COLLEGE, MARKHAM",MARKHAM,L3R 9V1,ACCOUNTING AND PAYROLL ADMINISTRATOR PROGRAM,Business,Accounting and Payroll Administration,Y,100.0%,81.8%,81.8%,90.9%,ND,ND
244084,WLIN TECHNOLOGY COMPANY LTD,130215,"CANADIAN SCITECH COLLEGE, MARKHAM",MARKHAM,L3R 9V1,CIVIL ENGINEERING DESIGN AND TECHNOLOGY,Applied Arts and Science,Other - Applied Arts and Sciences,Y,87.5%,80.0%,70.0%,90.0%,ND,ND
244084,WLIN TECHNOLOGY COMPANY LTD,130215,"CANADIAN SCITECH COLLEGE, MARKHAM",MARKHAM,L3R 9V1,EARLY CHILDCARE ASSISTANT 1,Human Services,Early Childhood Assistant,Y,SS,80.0%,80.0%,100.0%,100.0%,ND
244084,WLIN TECHNOLOGY COMPANY LTD,130215,"CANADIAN SCITECH COLLEGE, MARKHAM",MARKHAM,L3R 9V1,ELECTRICAL AND ELECTRONICS ENGINEERING DESIGN AND TECHNOLOGY,Service Trade,Electronic Service Technician,Y,90.0%,100.0%,100.0%,100.0%,ND,ND
244084,WLIN TECHNOLOGY COMPANY LTD,130215,"CANADIAN SCITECH COLLEGE, MARKHAM",MARKHAM,L3R 9V1,NETWORK & TECHNICAL SUPPORT,Computer and Information Technology,Information Technology - Hardware Technician/Network Technician,Y,SS,40.0%,20.0%,60.0%,100.0%,ND
244084,WLIN TECHNOLOGY COMPANY LTD,130215,"CANADIAN SCITECH COLLEGE, MARKHAM",MARKHAM,L3R 9V1,PERSONAL SUPPORT WORKER,Health Services,Personal Support Worker/Personal Attendant,Y,100.0%,ND,ND,ND,ND,ND
244226,DURHAM TRUCK & FORKLIFT DRIVING SCHOOL LTD.,+,+,,,+,,,Y,58.0%,72.4%,65.5%,77.4%,ND,ND
244226,DURHAM TRUCK & FORKLIFT DRIVING SCHOOL LTD.,130357,"DURHAM TRUCK & FORKLIFT DRIVING SCHOOL LTD., PICKERING",PICKERING,L1V 1B5,+,,,Y,58.0%,72.4%,65.5%,77.4%,ND,ND
244226,DURHAM TRUCK & FORKLIFT DRIVING SCHOOL LTD.,130357,"DURHAM TRUCK & FORKLIFT DRIVING SCHOOL LTD., PICKERING",PICKERING,L1V 1B5,TRACTOR-TRAILER MELT,Tractor-Trailer / Driver Licensing,A Class Truck Driver,Y,58.0%,72.4%,65.5%,77.4%,ND,ND
245364,2330655 ONTARIO INC.,+,+,,,+,,,Y,44.8%,ND,ND,ND,ND,ND
245364,2330655 ONTARIO INC.,131576,"CENTRAL COLLEGE OF BUSINESS & TECHNOLOGY, MISSISSAUGA",MISSISSAUGA,L5C 4E9,+,,,Y,44.8%,ND,ND,ND,ND,ND
245364,2330655 ONTARIO INC.,131576,"CENTRAL COLLEGE OF BUSINESS & TECHNOLOGY, MISSISSAUGA",MISSISSAUGA,L5C 4E9,BUSINESS ADMINISTRATION,Business,Business Administration,Y,37.5%,ND,ND,ND,ND,ND
245364,2330655 ONTARIO INC.,131576,"CENTRAL COLLEGE OF BUSINESS & TECHNOLOGY, MISSISSAUGA",MISSISSAUGA,L5C 4E9,EARLY CHILDCARE ASSISTANT,Human Services,Early Childhood Assistant,Y,SS,ND,ND,ND,ND,ND
245364,2330655 ONTARIO INC.,131576,"CENTRAL COLLEGE OF BUSINESS & TECHNOLOGY, MISSISSAUGA",MISSISSAUGA,L5C 4E9,HOSPITALITY AND TOURISM MANAGEMENT,Business,Hospitality Administration/Management,Y,54.5%,ND,ND,ND,ND,ND
245364,2330655 ONTARIO INC.,131576,"CENTRAL COLLEGE OF BUSINESS & TECHNOLOGY, MISSISSAUGA",MISSISSAUGA,L5C 4E9,INTERNATIONAL BUSINESS MANAGEMENT,Business,Business Management,Y,ND,ND,ND,ND,ND,ND
245364,2330655 ONTARIO INC.,131576,"CENTRAL COLLEGE OF BUSINESS & TECHNOLOGY, MISSISSAUGA",MISSISSAUGA,L5C 4E9,PERSONAL SUPPORT WORKER,Health Services,Personal Support Worker/Personal Attendant,Y,SS,ND,ND,ND,ND,ND
249544,TRANSBIZ INC.,+,+,,,+,,,Y,99.5%,76.0%,60.0%,80.0%,33.3%,ND
249544,TRANSBIZ INC.,135875,"TRANSBIZ TRUCK TRAINING CENTRE, CMPS-135875",SCARBOROUGH,M1L 2P5,+,,,Y,99.5%,76.0%,60.0%,80.0%,33.3%,ND
249544,TRANSBIZ INC.,135875,"TRANSBIZ TRUCK TRAINING CENTRE, CMPS-135875",SCARBOROUGH,M1L 2P5,TRACTOR AND TRAILER DRIVER PROGRAM,Tractor-Trailer / Driver Licensing,A Class Truck Driver,Y,99.5%,76.0%,60.0%,80.0%,33.3%,ND
250064,YOUNG WOMEN'S CHRISTIAN ASSOCIATION OF GREATER TORONTO,+,+,,,+,,,Y,87.5%,35.7%,28.6%,75.8%,50.0%,ND
250064,YOUNG WOMEN'S CHRISTIAN ASSOCIATION OF GREATER TORONTO,136375,"YWCA EDUCATION AND TRAINING INSTITUTE, SCARBOROUGH",SCARBOROUGH,M1M 1P2,+,,,Y,87.5%,35.7%,28.6%,75.8%,50.0%,ND
250064,YOUNG WOMEN'S CHRISTIAN ASSOCIATION OF GREATER TORONTO,136375,"YWCA EDUCATION AND TRAINING INSTITUTE, SCARBOROUGH",SCARBOROUGH,M1M 1P2,ADMINISTRATIVE CLERK CERTIFICATE,Business,Office Administration,Y,87.5%,35.7%,28.6%,75.8%,50.0%,ND
251023,2050177 ONTARIO LIMITED,+,+,,,+,,,Y,97.2%,83.0%,55.3%,92.0%,100.0%,ND
251023,2050177 ONTARIO LIMITED,137354,"AD TRUCK DRIVING SCHOOL, MISSISSAUGA",MISSISSAUGA,L5S 0A2,+,,,Y,97.2%,83.0%,55.3%,92.0%,100.0%,ND
251023,2050177 ONTARIO LIMITED,137354,"AD TRUCK DRIVING SCHOOL, MISSISSAUGA",MISSISSAUGA,L5S 0A2,AZ TRACTOR-TRAILER (MELT),Tractor-Trailer / Driver Licensing,AZ Class Truck Driver,Y,97.2%,83.0%,55.3%,92.0%,100.0%,ND
251164,PEAK HEALTHCARE PRIVATE COLLEGE INC,+,+,,,+,,,Y,41.2%,88.0%,76.0%,98.1%,100.0%,ND
251164,PEAK HEALTHCARE PRIVATE COLLEGE INC,137495,"PEAK HEALTHCARE PRIVATE COLLEGE, TORONTO",TORONTO,M3K 2A2,+,,,Y,41.2%,88.0%,76.0%,98.1%,100.0%,ND
251164,PEAK HEALTHCARE PRIVATE COLLEGE INC,137495,"PEAK HEALTHCARE PRIVATE COLLEGE, TORONTO",TORONTO,M3K 2A2,DEVELOPMENTAL SERVICES WORKER (P/T PROGRAM),Community and Social Services,Community Services Worker,Y,0.0%,80.0%,80.0%,100.0%,100.0%,ND
251164,PEAK HEALTHCARE PRIVATE COLLEGE INC,137495,"PEAK HEALTHCARE PRIVATE COLLEGE, TORONTO",TORONTO,M3K 2A2,FOOD SERVICE WORKER,Services,Customer Service/Retail Sales,Y,25.0%,SS,SS,SS,ND,ND
251164,PEAK HEALTHCARE PRIVATE COLLEGE INC,137495,"PEAK HEALTHCARE PRIVATE COLLEGE, TORONTO",TORONTO,M3K 2A2,NACC PSW 2015 (P/T),Health Services,Personal Support Worker/ Personal Attendant (NACC),Y,51.1%,94.4%,77.8%,94.7%,100.0%,ND
251164,PEAK HEALTHCARE PRIVATE COLLEGE INC,137495,"PEAK HEALTHCARE PRIVATE COLLEGE, TORONTO",TORONTO,M3K 2A2,NACC PSW 2015,Health Services,Personal Support Worker/ Personal Attendant (NACC),Y,34.6%,83.3%,75.0%,100.0%,ND,ND
251164,PEAK HEALTHCARE PRIVATE COLLEGE INC,137495,"PEAK HEALTHCARE PRIVATE COLLEGE, TORONTO",TORONTO,M3K 2A2,PERSONAL SUPPORT WORKER BRIDGING,Health Services,Personal Support Worker/Personal Attendant,Y,29.4%,81.8%,63.6%,100.0%,100.0%,ND
253088,TRANSPORT DRIVER TRAINING INC.,+,+,,,+,,,Y,95.2%,97.3%,89.2%,86.1%,100.0%,ND
253088,TRANSPORT DRIVER TRAINING INC.,139459,"TRANSPORT DRIVER TRAINING INC., 139459",KITCHENER.,N2C 1L4,+,,,Y,95.2%,97.3%,89.2%,86.1%,100.0%,ND
253088,TRANSPORT DRIVER TRAINING INC.,139459,"TRANSPORT DRIVER TRAINING INC., 139459",KITCHENER.,N2C 1L4,AZ TRUCK DRIVER (12 WEEKS)*,Tractor-Trailer / Driver Licensing,AZ Class Truck Driver,Y,100.0%,See combined program results below,See combined program results below,See combined program results below,See combined program results below,ND
253088,TRANSPORT DRIVER TRAINING INC.,139459,"TRANSPORT DRIVER TRAINING INC., 139459",KITCHENER.,N2C 1L4,AZ TRUCK DRIVER (6 WEEKS)*,Tractor-Trailer / Driver Licensing,AZ Class Truck Driver,Y,94.4%,See combined program results below,See combined program results below,See combined program results below,See combined program results below,ND
253088,TRANSPORT DRIVER TRAINING INC.,139459,"TRANSPORT DRIVER TRAINING INC., 139459",KITCHENER.,N2C 1L4,AZ TRUCK DRIVER (COMBINED 6 WEEKS AND 12 WEEKS)**,Tractor-Trailer / Driver Licensing,AZ Class Truck Driver,Y,See program results above,97.3%,89.2%,86.1%,100.0%,See program results above
254304,ONTARIO COLLEGE OF BUSINESS & LAW CORP.,+,+,,,+,,,Y,100.0%,100.0%,0.0%,75.0%,ND,ND
254304,ONTARIO COLLEGE OF BUSINESS & LAW CORP.,140715,"ONTARIO COLLEGE OF BUSINESS & TECHNOLOGY, TORONTO",MISSISSAUGA,L4W 5K4,+,,,Y,100.0%,100.0%,0.0%,75.0%,ND,ND
254304,ONTARIO COLLEGE OF BUSINESS & LAW CORP.,140715,"ONTARIO COLLEGE OF BUSINESS & TECHNOLOGY, TORONTO",MISSISSAUGA,L4W 5K4,ADMINISTRATIVE ASSISTANT DIPLOMA,Business,Office Administration,Y,100.0%,100.0%,0.0%,100.0%,ND,ND
254304,ONTARIO COLLEGE OF BUSINESS & LAW CORP.,140715,"ONTARIO COLLEGE OF BUSINESS & TECHNOLOGY, TORONTO",MISSISSAUGA,L4W 5K4,GLOBAL BUSINESS ADMINISTRATION,Business,Business Administration,Y,ND,ND,ND,SS,ND,ND
254304,ONTARIO COLLEGE OF BUSINESS & LAW CORP.,140715,"ONTARIO COLLEGE OF BUSINESS & TECHNOLOGY, TORONTO",MISSISSAUGA,L4W 5K4,PRIVATE INVESTIGATION CERTIFICATE,Law and Public Safety,Law Enforcement/Police Foundations,Y,SS,ND,ND,ND,ND,ND
254643,TORONTO SCHOOL OF MANAGEMENT INC.,+,+,,,+,,,Y,55.9%,76.6%,50.6%,63.4%,100.0%,ND
254643,TORONTO SCHOOL OF MANAGEMENT INC.,141054,"TORONTO SCHOOL OF MANAGEMENT, TORONTO",TORONTO,M5G 1K2,+,,,Y,55.9%,76.6%,50.6%,63.4%,100.0%,ND
254643,TORONTO SCHOOL OF MANAGEMENT INC.,141054,"TORONTO SCHOOL OF MANAGEMENT, TORONTO",TORONTO,M5G 1K2,ADVANCED DIPLOMA IN HOSPITALITY AND TOURISM MANAGEMENT CO-OP,Business,Hospitality Administration/Management,Y,SS,100.0%,100.0%,100.0%,ND,ND
254643,TORONTO SCHOOL OF MANAGEMENT INC.,141054,"TORONTO SCHOOL OF MANAGEMENT, TORONTO",TORONTO,M5G 1K2,ADVANCED DIPLOMA IN HOSPITALITY AND TOURISM MANAGEMENT PROGRAM,Business,Hospitality Administration/Management,Y,ND,SS,SS,SS,ND,ND
254643,TORONTO SCHOOL OF MANAGEMENT INC.,141054,"TORONTO SCHOOL OF MANAGEMENT, TORONTO",TORONTO,M5G 1K2,BUSINESS ADMINISTRATION CO-OP,Business,Business Administration,Y,64.1%,80.8%,65.4%,78.6%,ND,ND
254643,TORONTO SCHOOL OF MANAGEMENT INC.,141054,"TORONTO SCHOOL OF MANAGEMENT, TORONTO",TORONTO,M5G 1K2,BUSINESS MANAGEMENT CO-OP,Business,Business Management,Y,25.0%,95.2%,71.4%,73.1%,100.0%,ND
254643,TORONTO SCHOOL OF MANAGEMENT INC.,141054,"TORONTO SCHOOL OF MANAGEMENT, TORONTO",TORONTO,M5G 1K2,BUSINESS MANAGEMENT PROGRAM,Business,Business Management,Y,16.7%,ND,ND,ND,ND,ND
254643,TORONTO SCHOOL OF MANAGEMENT INC.,141054,"TORONTO SCHOOL OF MANAGEMENT, TORONTO",TORONTO,M5G 1K2,CERTIFICATE IN BUSINESS ESSENTIALS CO-OP,Business,Office Administration,Y,62.4%,78.9%,42.1%,47.8%,100.0%,ND
254643,TORONTO SCHOOL OF MANAGEMENT INC.,141054,"TORONTO SCHOOL OF MANAGEMENT, TORONTO",TORONTO,M5G 1K2,CERTIFICATE IN CUSTOMER SERVICE EXCELLENCE CO-OP,Services,Customer Service/Retail Sales,Y,44.0%,100.0%,100.0%,100.0%,ND,ND
254643,TORONTO SCHOOL OF MANAGEMENT INC.,141054,"TORONTO SCHOOL OF MANAGEMENT, TORONTO",TORONTO,M5G 1K2,DIGITAL BUSINESS MANAGEMENT CO-OP,Business,Business Management,Y,ND,ND,ND,ND,ND,ND
254643,TORONTO SCHOOL OF MANAGEMENT INC.,141054,"TORONTO SCHOOL OF MANAGEMENT, TORONTO",TORONTO,M5G 1K2,DIPLOMA IN CYBERSECURITY SPECIALIST CO-OP,Computer and Information Technology,Computer Security and Project Management,Y,56.0%,64.7%,23.5%,55.0%,ND,ND
254643,TORONTO SCHOOL OF MANAGEMENT INC.,141054,"TORONTO SCHOOL OF MANAGEMENT, TORONTO",TORONTO,M5G 1K2,DIPLOMA IN DATA ANALYTICS CO-OP,Computer and Information Technology,Information Technology,Y,69.0%,53.8%,23.1%,37.9%,ND,ND
254643,TORONTO SCHOOL OF MANAGEMENT INC.,141054,"TORONTO SCHOOL OF MANAGEMENT, TORONTO",TORONTO,M5G 1K2,DIPLOMA IN DIGITAL MARKETING SPECIALIST CO-OP,Business,Marketing/Advertising,Y,58.6%,78.6%,42.9%,53.3%,100.0%,ND
254643,TORONTO SCHOOL OF MANAGEMENT INC.,141054,"TORONTO SCHOOL OF MANAGEMENT, TORONTO",TORONTO,M5G 1K2,DIPLOMA IN FUNDAMENTALS OF HOSPITALITY AND TOURISM CO-OP,Business,Hospitality Administration/Management,Y,61.5%,78.6%,50.0%,77.8%,ND,ND
254643,TORONTO SCHOOL OF MANAGEMENT INC.,141054,"TORONTO SCHOOL OF MANAGEMENT, TORONTO",TORONTO,M5G 1K2,DIPLOMA IN HOSPITALITY AND TOURISM MANAGEMENT CO-OP,Business,Hospitality Administration/Management,Y,37.5%,75.0%,75.0%,69.2%,ND,ND
254643,TORONTO SCHOOL OF MANAGEMENT INC.,141054,"TORONTO SCHOOL OF MANAGEMENT, TORONTO",TORONTO,M5G 1K2,PREPARATORY COURSE FOR ACCA EXAMINATION,Business,Accounting,Y,0.0%,SS,SS,80.0%,ND,ND
255007,ALLANTI BEAUTY CORPORATION,+,+,,,+,,,Y,0.0%,SS,SS,SS,ND,ND
255007,ALLANTI BEAUTY CORPORATION,141438,"ALLANTI BEAUTY INSTITUTE, WOODSTOCK",WOODSTOCK,N4S 7W3,+,,,Y,0.0%,SS,SS,SS,ND,ND
255007,ALLANTI BEAUTY CORPORATION,141438,"ALLANTI BEAUTY INSTITUTE, WOODSTOCK",WOODSTOCK,N4S 7W3,HAIRSTYLING PROGRAM - FULL TIME,Service Trade,Hairstylist,Y,0.0%,SS,SS,SS,ND,ND
255007,ALLANTI BEAUTY CORPORATION,141438,"ALLANTI BEAUTY INSTITUTE, WOODSTOCK",WOODSTOCK,N4S 7W3,HAIRSTYLING PROGRAM - PART TIME,Service Trade,Hairstylist,Y,SS,ND,ND,ND,ND,ND
256150,B.MCDONALD & ASSOCIATES LTD.,+,+,,,+,,,Y,92.3%,100.0%,92.9%,100.0%,100.0%,ND
256150,B.MCDONALD & ASSOCIATES LTD.,142601,"HEALTH AND SAFETY MANAGEMENT COLLEGE, MONTECARLO",MARKHAM,L3R 1B4,+,,,Y,92.3%,100.0%,92.9%,100.0%,100.0%,ND
256150,B.MCDONALD & ASSOCIATES LTD.,142601,"HEALTH AND SAFETY MANAGEMENT COLLEGE, MONTECARLO",MARKHAM,L3R 1B4,CANADIAN FIRE ALARM TECHNOLOGY PROGRAM,Service Trade,Other- Service Trade,Y,92.3%,100.0%,92.9%,100.0%,100.0%,ND
256543,BAGIRA BUSINESS GROUP INC.,142994,"CANADIAN INTERNATIONAL CAREER COLLEGE, 28448026",SCARBOROUGH,M1S 2Y3,+,,,Y,68.6%,100.0%,66.7%,100.0%,ND,ND
256543,BAGIRA BUSINESS GROUP INC.,142994,"CANADIAN INTERNATIONAL CAREER COLLEGE, 28448026",SCARBOROUGH,M1S 2Y3,EARLY CHILDHOOD ASSISTANT (PT),Human Services,Early Childhood Assistant,Y,SS,ND,ND,ND,ND,ND
256543,BAGIRA BUSINESS GROUP INC.,142994,"CANADIAN INTERNATIONAL CAREER COLLEGE, 28448026",SCARBOROUGH,M1S 2Y3,NACC PSW 2015 (P/T),Health Services,Personal Support Worker/ Personal Attendant (NACC),Y,66.7%,100.0%,66.7%,100.0%,ND,ND
256543,BAGIRA BUSINESS GROUP INC.,142994,"CANADIAN INTERNATIONAL CAREER COLLEGE, 28448026",SCARBOROUGH,M1S 2Y3,PERSONAL SUPPORT WORKER BRIDGING,Health Services,Personal Support Worker/Personal Attendant,Y,SS,SS,SS,SS,ND,ND
260284,ZAVCOR TRUCKING LIMITED,+,+,,,+,,,Y,100.0%,83.3%,62.5%,72.7%,100.0%,ND
260284,ZAVCOR TRUCKING LIMITED,146755,"ZAVCOR TRAINING ACADEMY, STEVENSVILLE",STEVENSVILLE,L0S 1S0,+,,,Y,100.0%,83.3%,62.5%,72.7%,100.0%,ND
260284,ZAVCOR TRUCKING LIMITED,146755,"ZAVCOR TRAINING ACADEMY, STEVENSVILLE",STEVENSVILLE,L0S 1S0,AZ PROGRAM,Tractor-Trailer / Driver Licensing,AZ Class Truck Driver,Y,100.0%,100.0%,71.4%,85.7%,ND,ND
260284,ZAVCOR TRUCKING LIMITED,146755,"ZAVCOR TRAINING ACADEMY, STEVENSVILLE",STEVENSVILLE,L0S 1S0,TRACTOR-TRAILER MELT,Tractor-Trailer / Driver Licensing,A Class Truck Driver,Y,100.0%,76.5%,58.8%,66.7%,100.0%,ND
261084,PINE VALLEY DRIVING ACADEMY LTD.,+,+,,,+,,,Y,72.9%,85.4%,77.1%,96.1%,66.7%,ND
261084,PINE VALLEY DRIVING ACADEMY LTD.,147535,"PINE VALLEY DRIVING ACADEMY, ETOBICOKE",TORONTO,M9W 5A3,+,,,Y,72.9%,85.4%,77.1%,96.1%,66.7%,ND
261084,PINE VALLEY DRIVING ACADEMY LTD.,147535,"PINE VALLEY DRIVING ACADEMY, ETOBICOKE",TORONTO,M9W 5A3,DZ TRUCK DRIVING PROGRAM (PT),Tractor-Trailer / Driver Licensing,DZ Class Truck Driver,Y,93.8%,83.3%,83.3%,100.0%,ND,ND
261084,PINE VALLEY DRIVING ACADEMY LTD.,147535,"PINE VALLEY DRIVING ACADEMY, ETOBICOKE",TORONTO,M9W 5A3,TRACTOR-TRAILER & FLATBED TRAINING PROGRAM (4 WEEKS)*,Tractor-Trailer / Driver Licensing,AZ Class Truck Driver Combined,Y,53.8%,See combined program results below,See combined program results below,See combined program results below,See combined program results below,ND
261084,PINE VALLEY DRIVING ACADEMY LTD.,147535,"PINE VALLEY DRIVING ACADEMY, ETOBICOKE",TORONTO,M9W 5A3,TRACTOR-TRAILER & FLATBED TRAINING PROGRAM (8 WEEKS)*,Tractor-Trailer / Driver Licensing,AZ Class Truck Driver Combined,Y,97.3%,See combined program results below,See combined program results below,See combined program results below,See combined program results below,ND
261084,PINE VALLEY DRIVING ACADEMY LTD.,147535,"PINE VALLEY DRIVING ACADEMY, ETOBICOKE",TORONTO,M9W 5A3,TRACTOR-TRAILER & FLATBED TRAINING PROGRAM (COMBINED 4 WEEKS AND 8 WEEKS)**,Tractor-Trailer / Driver Licensing,AZ Class Truck Driver Combined,Y,See program results above,85.7%,76.2%,95.5%,66.7%,See program results above
261284,CANADA TECHNICAL AND MANAGEMENT COLLEGE LTD.,+,+,,,+,,,Y,22.2%,SS,SS,SS,ND,ND
261284,CANADA TECHNICAL AND MANAGEMENT COLLEGE LTD.,147755,"CANADIAN TECHNICAL AND MANAGEMENT COLLEGE, MILTON",MILTON,L9T 8T2,+,,,Y,22.2%,SS,SS,SS,ND,ND
261284,CANADA TECHNICAL AND MANAGEMENT COLLEGE LTD.,147755,"CANADIAN TECHNICAL AND MANAGEMENT COLLEGE, MILTON",MILTON,L9T 8T2,ACCOUNTING AND COMPUTER APPLICATIONS DIPLOMA (FULL TIME) W/PRACTICUM,Business,Accounting,Y,SS,ND,ND,ND,ND,ND
261284,CANADA TECHNICAL AND MANAGEMENT COLLEGE LTD.,147755,"CANADIAN TECHNICAL AND MANAGEMENT COLLEGE, MILTON",MILTON,L9T 8T2,ACCOUNTING AND COMPUTER APPLICATIONS DIPLOMA,Business,Accounting,Y,28.6%,ND,ND,ND,ND,ND
261284,CANADA TECHNICAL AND MANAGEMENT COLLEGE LTD.,147755,"CANADIAN TECHNICAL AND MANAGEMENT COLLEGE, MILTON",MILTON,L9T 8T2,EARLY CHILDCARE ASSISTANT,Human Services,Early Childhood Assistant,Y,SS,ND,ND,ND,ND,ND
261284,CANADA TECHNICAL AND MANAGEMENT COLLEGE LTD.,147755,"CANADIAN TECHNICAL AND MANAGEMENT COLLEGE, MILTON",MILTON,L9T 8T2,EXECUTIVE ADMINISTRATIVE OFFICE DIPLOMA W/PRACTICUM,Business,Office Administration,Y,33.3%,ND,ND,ND,ND,ND
261284,CANADA TECHNICAL AND MANAGEMENT COLLEGE LTD.,147755,"CANADIAN TECHNICAL AND MANAGEMENT COLLEGE, MILTON",MILTON,L9T 8T2,NACC PSW 2015,Health Services,Personal Support Worker/ Personal Attendant (NACC),Y,SS,SS,SS,SS,ND,ND
261924,THE INSTITUTE OF HOLISTIC NUTRITION INC.,+,+,,,+,,,Y,26.3%,90.9%,81.8%,81.8%,ND,ND
261924,THE INSTITUTE OF HOLISTIC NUTRITION INC.,148415,"THE INSTITUTE OF HOLISTIC NUTRITION, TORONTO",NORTH YORK,M3C 3S2,+,,,Y,26.9%,100.0%,100.0%,100.0%,ND,ND
261924,THE INSTITUTE OF HOLISTIC NUTRITION INC.,148415,"THE INSTITUTE OF HOLISTIC NUTRITION, TORONTO",NORTH YORK,M3C 3S2,APPLIED HOLISTIC NUTRITION,Health Services,Other - Health Services,Y,26.9%,100.0%,100.0%,100.0%,ND,ND
261924,THE INSTITUTE OF HOLISTIC NUTRITION INC.,170710,"THE INSTITUTE OF HOLISTIC NUTRITION, OTTAWA",OTTAWA,K2G 4V3,+,,,Y,33.3%,SS,SS,SS,ND,ND
261924,THE INSTITUTE OF HOLISTIC NUTRITION INC.,170710,"THE INSTITUTE OF HOLISTIC NUTRITION, OTTAWA",OTTAWA,K2G 4V3,APPLIED HOLISTIC NUTRITION,Health Services,Other - Health Services,Y,33.3%,SS,SS,SS,ND,ND
261924,THE INSTITUTE OF HOLISTIC NUTRITION INC.,170715,"THE INSTITUTE OF HOLISTIC NUTRITION, MISSISSAUGA",MISSISSAUGA,L5B 1M3,+,,,Y,24.4%,83.3%,66.7%,66.7%,ND,ND
261924,THE INSTITUTE OF HOLISTIC NUTRITION INC.,170715,"THE INSTITUTE OF HOLISTIC NUTRITION, MISSISSAUGA",MISSISSAUGA,L5B 1M3,APPLIED HOLISTIC NUTRITION,Health Services,Other - Health Services,Y,24.4%,83.3%,66.7%,66.7%,ND,ND
262004,ARNN TORONTO INC.,+,+,,,+,,,Y,70.0%,66.7%,50.0%,85.7%,ND,ND
262004,ARNN TORONTO INC.,148495,"CANADIAN SCHOOL OF NATURAL NUTRITION, METRO TORONTO BRANCH",TORONTO,M4P 1E8,+,,,Y,70.0%,66.7%,50.0%,85.7%,ND,ND
262004,ARNN TORONTO INC.,148495,"CANADIAN SCHOOL OF NATURAL NUTRITION, METRO TORONTO BRANCH",TORONTO,M4P 1E8,NATURAL NUTRITION PROGRAM (P/T),Health Services,Other - Health Services,Y,SS,SS,SS,SS,ND,ND
262004,ARNN TORONTO INC.,148495,"CANADIAN SCHOOL OF NATURAL NUTRITION, METRO TORONTO BRANCH",TORONTO,M4P 1E8,NATURAL NUTRITION PROGRAM,Health Services,Other - Health Services,Y,73.7%,50.0%,25.0%,80.0%,ND,ND
262386,HOLISTIC SOLUTIONS INC.,+,+,,,+,,,Y,73.7%,100.0%,75.0%,100.0%,ND,ND
262386,HOLISTIC SOLUTIONS INC.,148877,"CANADIAN SCHOOL OF NATURAL NUTRITION, MISSISSAUGA",MISSISSAUGA,L5H 3A1,+,,,Y,73.7%,100.0%,75.0%,100.0%,ND,ND
262386,HOLISTIC SOLUTIONS INC.,148877,"CANADIAN SCHOOL OF NATURAL NUTRITION, MISSISSAUGA",MISSISSAUGA,L5H 3A1,NATURAL NUTRITION PROGRAM (P/T),Health Services,Other - Health Services,Y,87.5%,100.0%,0.0%,100.0%,ND,ND
262386,HOLISTIC SOLUTIONS INC.,148877,"CANADIAN SCHOOL OF NATURAL NUTRITION, MISSISSAUGA",MISSISSAUGA,L5H 3A1,NATURAL NUTRITION PROGRAM,Health Services,Other - Health Services,Y,63.6%,100.0%,100.0%,100.0%,ND,ND
263424,RIVERS LIVING WATER CHRISTIAN CENTRE INC.,+,+,,,+,,,Y,71.4%,71.4%,64.3%,92.9%,100.0%,ND
263424,RIVERS LIVING WATER CHRISTIAN CENTRE INC.,149915,"RIVERS CAREER COLLEGE, ETOBICOKE",ETOBICOKE,M9W 1P7,+,,,Y,71.4%,71.4%,64.3%,92.9%,100.0%,ND
263424,RIVERS LIVING WATER CHRISTIAN CENTRE INC.,149915,"RIVERS CAREER COLLEGE, ETOBICOKE",ETOBICOKE,M9W 1P7,PERSONAL SUPPORT WORKER,Health Services,Personal Support Worker/Personal Attendant,Y,71.4%,71.4%,64.3%,92.9%,100.0%,ND
263544,C.C.E.C. CANADIAN CAREER EDUCATION COLLEGE LTD,+,+,,,+,,,Y,80.9%,87.1%,80.6%,87.9%,ND,ND
263544,C.C.E.C. CANADIAN CAREER EDUCATION COLLEGE LTD,150035,"CANADIAN CAREER EDUCATION COLLEGE, VAUGHAN",VAUGHAN,L4K 3C4,+,,,Y,80.9%,87.1%,80.6%,87.9%,ND,ND
263544,C.C.E.C. CANADIAN CAREER EDUCATION COLLEGE LTD,150035,"CANADIAN CAREER EDUCATION COLLEGE, VAUGHAN",VAUGHAN,L4K 3C4,CITIZENSHIP AND IMMIGRATION CASE PROCESSING AND ENFORCEMENT SERVICES,Human Services,Other - Human Services,Y,71.4%,80.0%,40.0%,62.5%,ND,ND
263544,C.C.E.C. CANADIAN CAREER EDUCATION COLLEGE LTD,150035,"CANADIAN CAREER EDUCATION COLLEGE, VAUGHAN",VAUGHAN,L4K 3C4,PERSONAL SUPPORT AND CHILD CARE DIPLOMA,Health Services,Personal Support Worker/Personal Attendant,Y,84.8%,88.5%,88.5%,96.0%,ND,ND
266244,UMS HEALTHCARE COLLEGE INC.,+,+,,,+,,,Y,46.0%,92.2%,79.2%,97.6%,100.0%,ND
266244,UMS HEALTHCARE COLLEGE INC.,152835,"UMS HEALTHCARE COLLEGE, NORTH YORK",NORTH YORK,M6B 3R7,+,,,Y,46.0%,92.2%,79.2%,97.6%,100.0%,ND
266244,UMS HEALTHCARE COLLEGE INC.,152835,"UMS HEALTHCARE COLLEGE, NORTH YORK",NORTH YORK,M6B 3R7,NACC PSW 2015,Health Services,Personal Support Worker/ Personal Attendant (NACC),Y,42.9%,93.7%,82.5%,100.0%,100.0%,ND
266244,UMS HEALTHCARE COLLEGE INC.,152835,"UMS HEALTHCARE COLLEGE, NORTH YORK",NORTH YORK,M6B 3R7,NACC PSW P/T,Health Services,Personal Support Worker/ Personal Attendant (NACC),Y,58.8%,84.6%,61.5%,85.7%,100.0%,ND
266244,UMS HEALTHCARE COLLEGE INC.,152835,"UMS HEALTHCARE COLLEGE, NORTH YORK",NORTH YORK,M6B 3R7,PERSONAL SUPPORT WORKER BRIDGING,Health Services,Personal Support Worker/Personal Attendant,Y,30.8%,SS,SS,SS,ND,ND
268087,YEE HONG CENTRE FOR GERIATRIC CARE,+,+,,,+,,,Y,85.7%,90.9%,90.9%,92.3%,100.0%,ND
268087,YEE HONG CENTRE FOR GERIATRIC CARE,154718,"YEE HONG TRAINING AND LEARNING CENTRE, SCARBOROUGH",SCARBOROUGH,M1V 5L3,+,,,Y,85.7%,90.9%,90.9%,92.3%,100.0%,ND
268087,YEE HONG CENTRE FOR GERIATRIC CARE,154718,"YEE HONG TRAINING AND LEARNING CENTRE, SCARBOROUGH",SCARBOROUGH,M1V 5L3,PERSONAL SUPPORT WORKER,Health Services,Personal Support Worker/Personal Attendant,Y,85.7%,90.9%,90.9%,92.3%,100.0%,ND
271225,BRAINSTATION ON LP,+,+,,,+,,,Y,92.4%,57.2%,39.4%,54.5%,100.0%,ND
271225,BRAINSTATION ON LP,157896,"BRAINSTATION, TORONTO",TORONTO,M5V 1L7,+,,,Y,92.4%,57.2%,39.4%,54.5%,100.0%,ND
271225,BRAINSTATION ON LP,157896,"BRAINSTATION, TORONTO",TORONTO,M5V 1L7,DATA SCIENCE DIPLOMA,Computer and Information Technology,Information Technology,Y,100.0%,72.2%,38.9%,52.6%,ND,ND
271225,BRAINSTATION ON LP,157896,"BRAINSTATION, TORONTO",TORONTO,M5V 1L7,ONLINE DATA SCIENCE DIPLOMA,Computer and Information Technology,Other - Information Technology,Y,98.0%,60.0%,60.0%,69.2%,100.0%,ND
271225,BRAINSTATION ON LP,157896,"BRAINSTATION, TORONTO",TORONTO,M5V 1L7,ONLINE DIGITAL MARKETING DIPLOMA,Business,Marketing/Advertising,Y,71.4%,66.7%,66.7%,66.7%,ND,ND
271225,BRAINSTATION ON LP,157896,"BRAINSTATION, TORONTO",TORONTO,M5V 1L7,ONLINE USER EXPERIENCE DESIGN DIPLOMA,Computer and Information Technology,Computer Engineering and Programming,Y,94.2%,57.6%,36.4%,45.7%,ND,ND
271225,BRAINSTATION ON LP,157896,"BRAINSTATION, TORONTO",TORONTO,M5V 1L7,ONLINE WEB DEVELOPMENT DIPLOMA,Computer and Information Technology,Web Applications and Development,Y,89.9%,51.4%,40.5%,56.4%,100.0%,ND
271225,BRAINSTATION ON LP,157896,"BRAINSTATION, TORONTO",TORONTO,M5V 1L7,USER EXPERIENCE DESIGN DIPLOMA,Computer and Information Technology,Web Applications and Development,Y,92.6%,46.2%,19.2%,40.7%,ND,ND
271225,BRAINSTATION ON LP,157896,"BRAINSTATION, TORONTO",TORONTO,M5V 1L7,WEB DEVELOPMENT DIPLOMA,Computer and Information Technology,Web Applications and Development,Y,93.8%,60.5%,39.5%,60.0%,ND,ND
271524,2458479 ONTARIO INC.,+,+,,,+,,,Y,64.3%,100.0%,100.0%,66.7%,ND,ND
271524,2458479 ONTARIO INC.,158215,"SHALLOW CREEK ACADEMY OF HAIR DESIGN, BRANTFORD",BRANTFORD,N3S 2X7,+,,,Y,64.3%,100.0%,100.0%,66.7%,ND,ND
271524,2458479 ONTARIO INC.,158215,"SHALLOW CREEK ACADEMY OF HAIR DESIGN, BRANTFORD",BRANTFORD,N3S 2X7,HAIRSTYLING (100 WEEKS)*,Service Trade,Hairstylist,Y,SS,See combined program results below,See combined program results below,See combined program results below,See combined program results below,ND
271524,2458479 ONTARIO INC.,158215,"SHALLOW CREEK ACADEMY OF HAIR DESIGN, BRANTFORD",BRANTFORD,N3S 2X7,HAIRSTYLING (48 WEEKS)*,Service Trade,Hairstylist,Y,70.0%,See combined program results below,See combined program results below,See combined program results below,See combined program results below,ND
271524,2458479 ONTARIO INC.,158215,"SHALLOW CREEK ACADEMY OF HAIR DESIGN, BRANTFORD",BRANTFORD,N3S 2X7,HAIRSTYLING (COMBINED 48 WEEKS AND 100 WEEKS)**,Service Trade,Hairstylist,Y,See program results above,100.0%,100.0%,66.7%,ND,See program results above
272306,LIGHTHOUSE LABS INC,+,+,,,+,,,Y,45.9%,56.7%,36.9%,53.4%,100.0%,ND
272306,LIGHTHOUSE LABS INC,159057,"LIGHTHOUSE LABS, TORONTO",TORONTO,M5V 1M7,+,,,Y,43.0%,58.1%,37.1%,52.9%,100.0%,ND
272306,LIGHTHOUSE LABS INC,159057,"LIGHTHOUSE LABS, TORONTO",TORONTO,M5V 1M7,CYBER BOOTCAMP,Computer and Information Technology,Information Technology,Y,6.5%,SS,SS,SS,ND,ND
272306,LIGHTHOUSE LABS INC,159057,"LIGHTHOUSE LABS, TORONTO",TORONTO,M5V 1M7,CYBERSECURITY BOOTCAMP,Computer and Information Technology,Computer Security and Project Management,Y,88.7%,36.8%,14.0%,36.2%,100.0%,ND
272306,LIGHTHOUSE LABS INC,159057,"LIGHTHOUSE LABS, TORONTO",TORONTO,M5V 1M7,DATA SCIENCE,Computer and Information Technology,Information Technology,Y,80.5%,76.2%,52.4%,71.4%,ND,ND
272306,LIGHTHOUSE LABS INC,159057,"LIGHTHOUSE LABS, TORONTO",TORONTO,M5V 1M7,WEB DEVELOPMENT BOOTCAMP - FLEX PROGRAM,Computer and Information Technology,Web Applications and Development,Y,27.1%,88.9%,55.6%,66.7%,100.0%,ND
272306,LIGHTHOUSE LABS INC,159057,"LIGHTHOUSE LABS, TORONTO",TORONTO,M5V 1M7,WEB DEVELOPMENT BOOTCAMP,Computer and Information Technology,Web Applications and Development,Y,38.9%,62.5%,45.5%,58.0%,100.0%,ND
272306,LIGHTHOUSE LABS INC,203940,"LIGHTHOUSE LABS, OTTAWA",OTTAWA,K1P 5H1,+,,,Y,63.2%,41.2%,35.3%,57.9%,ND,ND
272306,LIGHTHOUSE LABS INC,203940,"LIGHTHOUSE LABS, OTTAWA",OTTAWA,K1P 5H1,DATA SCIENCE,Computer and Information Technology,Information Technology,Y,77.4%,50.0%,33.3%,57.1%,ND,ND
272306,LIGHTHOUSE LABS INC,203940,"LIGHTHOUSE LABS, OTTAWA",OTTAWA,K1P 5H1,WEB DEVELOPMENT BOOTCAMP,Computer and Information Technology,Web Applications and Development,Y,58.5%,36.4%,36.4%,58.3%,ND,ND
275424,FORWARD LEARNING INC.,+,+,,,+,,,Y,92.6%,66.7%,43.6%,70.9%,100.0%,ND
275424,FORWARD LEARNING INC.,162235,"WINDSOR CAREER COLLEGE, WINDSOR",WINDSOR,N8X 2X7,+,,,Y,92.4%,66.2%,45.1%,70.9%,100.0%,6.2%
275424,FORWARD LEARNING INC.,162235,"WINDSOR CAREER COLLEGE, WINDSOR",WINDSOR,N8X 2X7,COMPUTER NETWORKING & SECURITY,Computer and Information Technology,Information Technology,Y,83.3%,60.0%,40.0%,40.0%,ND,ND
275424,FORWARD LEARNING INC.,162235,"WINDSOR CAREER COLLEGE, WINDSOR",WINDSOR,N8X 2X7,ENGINEERING DESIGN AND DRAFTING TECHNOLOGIST,Computer and Information Technology,Information Technology,Y,100.0%,50.0%,25.0%,25.0%,ND,ND
275424,FORWARD LEARNING INC.,162235,"WINDSOR CAREER COLLEGE, WINDSOR",WINDSOR,N8X 2X7,GRAPHIC DESIGN DIPLOMA,Applied Arts and Science,Graphic Design/Printing,Y,100.0%,83.3%,33.3%,33.3%,ND,ND
275424,FORWARD LEARNING INC.,162235,"WINDSOR CAREER COLLEGE, WINDSOR",WINDSOR,N8X 2X7,LEGAL OFFICE ASSISTANT DIPLOMA,Law and Public Safety,Legal Office Administration,Y,100.0%,ND,ND,ND,ND,ND
275424,FORWARD LEARNING INC.,162235,"WINDSOR CAREER COLLEGE, WINDSOR",WINDSOR,N8X 2X7,MEDICAL OFFICE ADMINISTRATION + INTERNSHIP,Health Services,Medical Office Administration/Management,Y,ND,66.7%,50.0%,57.1%,ND,ND
275424,FORWARD LEARNING INC.,162235,"WINDSOR CAREER COLLEGE, WINDSOR",WINDSOR,N8X 2X7,MEDICAL OFFICE ASSISTANT DIPLOMA,Health Services,Medical Office Administration/Management,Y,90.0%,0.0%,0.0%,100.0%,ND,ND
275424,FORWARD LEARNING INC.,162235,"WINDSOR CAREER COLLEGE, WINDSOR",WINDSOR,N8X 2X7,NACC PSW 2015,Health Services,Personal Support Worker/ Personal Attendant (NACC),Y,90.8%,69.2%,51.3%,83.7%,100.0%,ND
275424,FORWARD LEARNING INC.,162235,"WINDSOR CAREER COLLEGE, WINDSOR",WINDSOR,N8X 2X7,OFFICE ADMINISTRATION DIPLOMA,Business,Office Administration,Y,SS,ND,ND,ND,ND,ND
275424,FORWARD LEARNING INC.,162235,"WINDSOR CAREER COLLEGE, WINDSOR",WINDSOR,N8X 2X7,PHARMACY ASSISTANT,Health Services,Pharmacy Assistant,Y,92.3%,62.5%,37.5%,80.0%,ND,ND
275424,FORWARD LEARNING INC.,162235,"WINDSOR CAREER COLLEGE, WINDSOR",WINDSOR,N8X 2X7,PHYSICAL THERAPIST ASSISTANT (PTA) DIPLOMA,Health Services,Physiotherapy/Occupational Therapy,Y,100.0%,50.0%,50.0%,66.7%,ND,ND
275424,FORWARD LEARNING INC.,177235,"WINDSOR CAREER COLLEGE, TORONTO",ETOBICOKE,M9V 5H8,+,,,Y,94.4%,71.4%,28.6%,71.4%,100.0%,0.0%
275424,FORWARD LEARNING INC.,177235,"WINDSOR CAREER COLLEGE, TORONTO",ETOBICOKE,M9V 5H8,ENGINEERING DESIGN AND DRAFTING TECHNOLOGIST,Computer and Information Technology,Information Technology,Y,100.0%,0.0%,0.0%,100.0%,ND,ND
275424,FORWARD LEARNING INC.,177235,"WINDSOR CAREER COLLEGE, TORONTO",ETOBICOKE,M9V 5H8,GRAPHIC DESIGN DIPLOMA,Applied Arts and Science,Graphic Design/Printing,Y,ND,SS,SS,SS,ND,ND
275424,FORWARD LEARNING INC.,177235,"WINDSOR CAREER COLLEGE, TORONTO",ETOBICOKE,M9V 5H8,MEDICAL OFFICE ASSISTANT DIPLOMA,Health Services,Medical Office Administration/Management,Y,SS,ND,ND,ND,ND,ND
275424,FORWARD LEARNING INC.,177235,"WINDSOR CAREER COLLEGE, TORONTO",ETOBICOKE,M9V 5H8,PHARMACY ASSISTANT,Health Services,Pharmacy Assistant,Y,SS,SS,SS,SS,100.0%,ND
275424,FORWARD LEARNING INC.,177235,"WINDSOR CAREER COLLEGE, TORONTO",ETOBICOKE,M9V 5H8,PHYSICAL THERAPIST ASSISTANT (PTA) DIPLOMA,Health Services,Physiotherapy/Occupational Therapy,Y,SS,SS,SS,SS,ND,ND
275624,TRUKADEMY CANADA INC.,+,+,,,+,,,Y,8.0%,79.2%,60.4%,67.3%,100.0%,ND
275624,TRUKADEMY CANADA INC.,162455,"TRUKADEMY DRIVER TRAINING ACADEMY, MISSISSAUGA",MISSISSAUGA,L4Z 1P2,+,,,Y,8.0%,79.2%,60.4%,67.3%,100.0%,ND
275624,TRUKADEMY CANADA INC.,162455,"TRUKADEMY DRIVER TRAINING ACADEMY, MISSISSAUGA",MISSISSAUGA,L4Z 1P2,AZ PROGRAM,Tractor-Trailer / Driver Licensing,AZ Class Truck Driver,Y,30.0%,70.0%,50.0%,63.6%,ND,ND
275624,TRUKADEMY CANADA INC.,162455,"TRUKADEMY DRIVER TRAINING ACADEMY, MISSISSAUGA",MISSISSAUGA,L4Z 1P2,TRACTOR-TRAILER MELT,Tractor-Trailer / Driver Licensing,A Class Truck Driver,Y,4.1%,81.4%,62.8%,68.2%,100.0%,ND
275624,TRUKADEMY CANADA INC.,204958,"TRUKADEMY DRIVER TRAINING ACADEMY, LONDON",LONDON,N5V 1V2,+,,,Y,ND,ND,ND,ND,ND,ND
275624,TRUKADEMY CANADA INC.,204958,"TRUKADEMY DRIVER TRAINING ACADEMY, LONDON",LONDON,N5V 1V2,TRACTOR-TRAILER MELT,Tractor-Trailer / Driver Licensing,A Class Truck Driver,Y,ND,ND,ND,ND,ND,ND
276691,FESTIVAL SCHOOL OF HAIRSTYLING INC.,+,+,,,+,,,Y,71.4%,100.0%,100.0%,75.0%,100.0%,ND
276691,FESTIVAL SCHOOL OF HAIRSTYLING INC.,163556,"FESTIVAL SCHOOL OF HAIRSTYLING, STRATFORD",STRATFORD,N5A 1P7,+,,,Y,71.4%,100.0%,100.0%,75.0%,100.0%,ND
276691,FESTIVAL SCHOOL OF HAIRSTYLING INC.,163556,"FESTIVAL SCHOOL OF HAIRSTYLING, STRATFORD",STRATFORD,N5A 1P7,HAIRSTYLING,Service Trade,Hairstylist,Y,71.4%,100.0%,100.0%,75.0%,100.0%,ND
277366,FLY GENESIS INC.,+,+,,,+,,,Y,22.7%,100.0%,100.0%,100.0%,100.0%,ND
277366,FLY GENESIS INC.,164237,"GENESIS FLIGHT COLLEGE, STAYNER",STAYNER,L0M 1S0,+,,,Y,22.7%,100.0%,100.0%,100.0%,100.0%,ND
277366,FLY GENESIS INC.,164237,"GENESIS FLIGHT COLLEGE, STAYNER",STAYNER,L0M 1S0,COMMERCIAL PILOT,Flight Training,Commercial Pilot,Y,11.8%,SS,SS,SS,100.0%,ND
277366,FLY GENESIS INC.,164237,"GENESIS FLIGHT COLLEGE, STAYNER",STAYNER,L0M 1S0,INSTRUCTOR RATING,Flight Training,Flight Instructor,Y,60.0%,100.0%,100.0%,100.0%,ND,ND
277944,1413734 ONTARIO INC.,+,+,,,+,,,Y,88.8%,81.1%,56.8%,90.5%,100.0%,ND
277944,1413734 ONTARIO INC.,164815,"TEN FOUR TRAINERS, BRAMPTON",BRAMPTON,L6T 0C2,+,,,Y,88.8%,81.1%,56.8%,90.5%,100.0%,ND
277944,1413734 ONTARIO INC.,164815,"TEN FOUR TRAINERS, BRAMPTON",BRAMPTON,L6T 0C2,AZ TRACTOR-TRAILER (MELT),Tractor-Trailer / Driver Licensing,AZ Class Truck Driver,Y,88.8%,81.1%,56.8%,90.5%,100.0%,ND
279244,9511008 CANADA INC.,+,+,,,+,,,Y,76.5%,90.0%,80.0%,100.0%,100.0%,ND
279244,9511008 CANADA INC.,166135,"PEEL COLLEGE OF PROFESSIONAL STUDIES, MISSISSAUGA",MISSISSAUGA,L5T 2N5,+,,,Y,76.5%,90.0%,80.0%,100.0%,100.0%,ND
279244,9511008 CANADA INC.,166135,"PEEL COLLEGE OF PROFESSIONAL STUDIES, MISSISSAUGA",MISSISSAUGA,L5T 2N5,CUSTOMER SERVICE,Services,Customer Service/Retail Sales,Y,SS,SS,SS,SS,ND,ND
279244,9511008 CANADA INC.,166135,"PEEL COLLEGE OF PROFESSIONAL STUDIES, MISSISSAUGA",MISSISSAUGA,L5T 2N5,EARLY CHILDCARE ASSISTANT,Human Services,Early Childhood Assistant,Y,72.7%,100.0%,80.0%,100.0%,ND,ND
279244,9511008 CANADA INC.,166135,"PEEL COLLEGE OF PROFESSIONAL STUDIES, MISSISSAUGA",MISSISSAUGA,L5T 2N5,MEDICAL OFFICE ADMINISTRATION,Health Services,Medical Office Administration/Management,Y,SS,SS,SS,SS,100.0%,ND
279586,ACE ACUMEN CORPORATION,+,+,,,+,,,Y,ND,SS,SS,SS,ND,ND
279586,ACE ACUMEN CORPORATION,166477,"ACUMEN COLLEGE OF BUSINESS AND TECHNOLOGY, MISSISSAUGA",MISSISSAUGA,L4Z 1X3,+,,,Y,ND,SS,SS,SS,ND,ND
279586,ACE ACUMEN CORPORATION,166477,"ACUMEN COLLEGE OF BUSINESS AND TECHNOLOGY, MISSISSAUGA",MISSISSAUGA,L4Z 1X3,ACCOUNTING AND BUSINESS ADMINISTRATION,Business,Accounting and Payroll Administration,Y,ND,SS,SS,SS,ND,ND
279984,TAMWOOD INTERNATIONAL COLLEGE LTD,+,+,,,+,,,Y,100.0%,90.0%,80.0%,58.3%,100.0%,ND
279984,TAMWOOD INTERNATIONAL COLLEGE LTD,166875,"TAMWOOD CAREERS, TORONTO",TORONTO,M5S 2V1,+,,,Y,100.0%,90.0%,80.0%,58.3%,100.0%,ND
279984,TAMWOOD INTERNATIONAL COLLEGE LTD,166875,"TAMWOOD CAREERS, TORONTO",TORONTO,M5S 2V1,DIGITAL MARKETING CERTIFICATE,Business,Marketing/Advertising,Y,SS,ND,ND,ND,ND,ND
279984,TAMWOOD INTERNATIONAL COLLEGE LTD,166875,"TAMWOOD CAREERS, TORONTO",TORONTO,M5S 2V1,DIGITAL MARKETING CO-OP DIPLOMA,Business,Marketing/Advertising,Y,ND,SS,SS,SS,ND,ND
279984,TAMWOOD INTERNATIONAL COLLEGE LTD,166875,"TAMWOOD CAREERS, TORONTO",TORONTO,M5S 2V1,HOSPITALITY AND TOURISM CERTIFICATE,Business,Hospitality Administration/Management,Y,SS,ND,ND,ND,ND,ND
279984,TAMWOOD INTERNATIONAL COLLEGE LTD,166875,"TAMWOOD CAREERS, TORONTO",TORONTO,M5S 2V1,HOSPITALITY AND TOURISM CO-OP DIPLOMA,Business,Hospitality Administration/Management,Y,100.0%,66.7%,66.7%,40.0%,100.0%,ND
279984,TAMWOOD INTERNATIONAL COLLEGE LTD,166875,"TAMWOOD CAREERS, TORONTO",TORONTO,M5S 2V1,INTERNATIONAL BUSINESS AND MANAGEMENT CO-OP DIPLOMA,Business,International Business,Y,100.0%,100.0%,100.0%,83.3%,ND,ND
281784,DIAMOND FLIGHT CENTRE LONDON INC.,+,+,,,+,,,Y,SS,SS,SS,SS,ND,ND
281784,DIAMOND FLIGHT CENTRE LONDON INC.,168715,"DIAMOND FLIGHT CENTRE LONDON INC., LONDON",LONDON,N5V 3Z9,+,,,Y,SS,SS,SS,SS,ND,ND
281784,DIAMOND FLIGHT CENTRE LONDON INC.,168715,"DIAMOND FLIGHT CENTRE LONDON INC., LONDON",LONDON,N5V 3Z9,COMMERCIAL PILOT LICENCE - AEROPLANE,Flight Training,Commercial Pilot,Y,ND,SS,SS,SS,ND,ND
281784,DIAMOND FLIGHT CENTRE LONDON INC.,168715,"DIAMOND FLIGHT CENTRE LONDON INC., LONDON",LONDON,N5V 3Z9,FLIGHT INSTRUCTOR RATING - AEROPLANE,Flight Training,Flight Instructor,Y,SS,ND,ND,ND,ND,ND
283206,PRIDE TRUCK TRAINING ACADEMY INC.,+,+,,,+,,,Y,93.8%,87.5%,66.7%,97.6%,77.8%,ND
283206,PRIDE TRUCK TRAINING ACADEMY INC.,170157,"PRIDE TRUCK TRAINING ACADEMY INC., BRAMPTON",BRAMPTON,L6S 3L9,+,,,Y,93.8%,87.5%,66.7%,97.6%,77.8%,ND
283206,PRIDE TRUCK TRAINING ACADEMY INC.,170157,"PRIDE TRUCK TRAINING ACADEMY INC., BRAMPTON",BRAMPTON,L6S 3L9,AZ TRUCK TRAINING PROGRAM,Tractor-Trailer / Driver Licensing,AZ Class Truck Driver,Y,93.8%,87.5%,66.7%,97.6%,77.8%,ND
285525,UV DABAS EDUCATION INC.,+,+,,,+,,,Y,92.3%,100.0%,100.0%,100.0%,ND,ND
285525,UV DABAS EDUCATION INC.,172516,"SPRINGFIELD COLLEGE OF HEALTHCARE, MANAGEMENT & TECHNOLOGY, BRAMPTON",BRAMPTON,L6W 3T7,+,,,Y,92.3%,100.0%,100.0%,100.0%,ND,ND
285525,UV DABAS EDUCATION INC.,172516,"SPRINGFIELD COLLEGE OF HEALTHCARE, MANAGEMENT & TECHNOLOGY, BRAMPTON",BRAMPTON,L6W 3T7,DIPLOMA IN HEALTHCARE OFFICE ADMINISTRATION,Health Services,Health Services Administration/Management,Y,SS,ND,ND,ND,ND,ND
285525,UV DABAS EDUCATION INC.,172516,"SPRINGFIELD COLLEGE OF HEALTHCARE, MANAGEMENT & TECHNOLOGY, BRAMPTON",BRAMPTON,L6W 3T7,DIPLOMA IN MEDICAL AND DENTAL OFFICE ADMINISTRATION,Health Services,Office/Clerical/Administration - Dental/Medical,Y,SS,SS,SS,SS,ND,ND
285525,UV DABAS EDUCATION INC.,172516,"SPRINGFIELD COLLEGE OF HEALTHCARE, MANAGEMENT & TECHNOLOGY, BRAMPTON",BRAMPTON,L6W 3T7,DIPLOMA IN MEDICAL OFFICE ADMINISTRATION,Health Services,Medical Office Administration/Management,Y,100.0%,ND,ND,ND,ND,ND
285525,UV DABAS EDUCATION INC.,172516,"SPRINGFIELD COLLEGE OF HEALTHCARE, MANAGEMENT & TECHNOLOGY, BRAMPTON",BRAMPTON,L6W 3T7,DIPLOMA IN MEDICAL OFFICE ASSISTANT,Health Services,Office/Clerical/Administration - Dental/Medical,Y,SS,ND,ND,ND,ND,ND
285764,PROFESSIONAL DRIVING INSTRUCTORS OF ONTARIO INC,+,+,,,+,,,Y,84.6%,81.1%,59.0%,85.3%,100.0%,ND
285764,PROFESSIONAL DRIVING INSTRUCTORS OF ONTARIO INC,172775,"PROFESSIONAL DRIVING INSTRUCTORS OF ONTARIO INC, BRAMPTON-UNIT 4",BRAMPTON,L7A 1B5,+,,,Y,84.6%,81.1%,59.0%,85.3%,100.0%,ND
285764,PROFESSIONAL DRIVING INSTRUCTORS OF ONTARIO INC,172775,"PROFESSIONAL DRIVING INSTRUCTORS OF ONTARIO INC, BRAMPTON-UNIT 4",BRAMPTON,L7A 1B5,BASIC CLASSROOM DRIVING INSTRUCTOR,Human Services,Educator,Y,54.5%,75.0%,75.0%,75.0%,ND,ND
285764,PROFESSIONAL DRIVING INSTRUCTORS OF ONTARIO INC,172775,"PROFESSIONAL DRIVING INSTRUCTORS OF ONTARIO INC, BRAMPTON-UNIT 4",BRAMPTON,L7A 1B5,DRIVING INSTRUCTOR,Human Services,Educator,Y,85.3%,81.3%,58.7%,85.5%,100.0%,ND
286724,2100682 ONTARIO INC.,+,+,,,+,,,Y,72.4%,79.3%,52.2%,75.8%,100.0%,ND
286724,2100682 ONTARIO INC.,173755,"YOUNG CANADIAN DRIVING ACADEMY, MISSISSAUGA",MISSISSAUGA,L4T 0A5,+,,,Y,72.4%,79.3%,52.2%,75.8%,100.0%,ND
286724,2100682 ONTARIO INC.,173755,"YOUNG CANADIAN DRIVING ACADEMY, MISSISSAUGA",MISSISSAUGA,L4T 0A5,AZ TRACTOR-TRAILER (MELT),Tractor-Trailer / Driver Licensing,AZ Class Truck Driver,Y,72.4%,79.3%,52.2%,75.8%,100.0%,ND
287064,NAGAR TRANSPORT LTD.,+,+,,,+,,,Y,100.0%,82.7%,68.0%,88.3%,50.0%,ND
287064,NAGAR TRANSPORT LTD.,174115,"JC TRUCK DRIVING SCHOOL, BRAMPTON",BRAMPTON,L6T 1A2,+,,,Y,100.0%,83.3%,66.7%,90.7%,100.0%,ND
287064,NAGAR TRANSPORT LTD.,174115,"JC TRUCK DRIVING SCHOOL, BRAMPTON",BRAMPTON,L6T 1A2,AZ TRACTOR-TRAILER (MELT),Tractor-Trailer / Driver Licensing,AZ Class Truck Driver,Y,100.0%,83.3%,66.7%,90.7%,100.0%,ND
287064,NAGAR TRANSPORT LTD.,204737,"JC TRUCK DRIVING SCHOOL, CAMBRIDGE",CAMBRIDGE,N3H 4R7,+,,,Y,100.0%,81.8%,69.7%,85.3%,0.0%,ND
287064,NAGAR TRANSPORT LTD.,204737,"JC TRUCK DRIVING SCHOOL, CAMBRIDGE",CAMBRIDGE,N3H 4R7,AZ TRACTOR-TRAILER (MELT),Tractor-Trailer / Driver Licensing,AZ Class Truck Driver,Y,100.0%,81.8%,69.7%,85.3%,0.0%,ND
287144,TRANS CANADA TRUCK DRIVING SCHOOL INC.,+,+,,,+,,,Y,99.0%,85.4%,64.6%,94.2%,100.0%,ND
287144,TRANS CANADA TRUCK DRIVING SCHOOL INC.,174195,"TRANS CANADA TRUCK DRIVING SCHOOL INC., MISSISSAUGA",MISSISSAUGA,L5T 2S8,+,,,Y,99.0%,85.4%,64.6%,94.2%,100.0%,ND
287144,TRANS CANADA TRUCK DRIVING SCHOOL INC.,174195,"TRANS CANADA TRUCK DRIVING SCHOOL INC., MISSISSAUGA",MISSISSAUGA,L5T 2S8,TRACTOR-TRAILER (AZ),Tractor-Trailer / Driver Licensing,AZ Class Truck Driver,Y,99.0%,85.4%,64.6%,94.2%,100.0%,ND
287924,PERFECT LOGISTICS INC.,+,+,,,+,,,Y,100.0%,76.1%,64.1%,90.8%,100.0%,ND
287924,PERFECT LOGISTICS INC.,174995,"PERFECT LOGISTICS INC./PERFECT TRUCK TRAINING CENTRE, CMPS-174995",CALEDON,L7C 2W1,+,,,Y,100.0%,76.1%,64.1%,90.8%,100.0%,ND
287924,PERFECT LOGISTICS INC.,174995,"PERFECT LOGISTICS INC./PERFECT TRUCK TRAINING CENTRE, CMPS-174995",CALEDON,L7C 2W1,COMMERCIAL TRUCK DRIVER TRAINING STANDARD (CLASS A),Tractor-Trailer / Driver Licensing,A Class Truck Driver,Y,100.0%,76.1%,64.1%,90.8%,100.0%,ND
288145,EIKONIC ACADEMY OF BARBERING AND BEAUTY INC.,+,+,,,+,,,Y,33.3%,92.9%,85.7%,42.9%,ND,ND
288145,EIKONIC ACADEMY OF BARBERING AND BEAUTY INC.,175216,"EIKONIC ACADEMY OF BARBERING AND BEAUTY, MISSISSAUGA",MISSISSAUGA,L5C 3G1,+,,,Y,33.3%,92.9%,85.7%,42.9%,ND,ND
288145,EIKONIC ACADEMY OF BARBERING AND BEAUTY INC.,175216,"EIKONIC ACADEMY OF BARBERING AND BEAUTY, MISSISSAUGA",MISSISSAUGA,L5C 3G1,THE EIKONIC HAIR PROGRAM (FULL-TIME),Service Trade,Hairstylist,Y,36.8%,92.9%,85.7%,42.9%,ND,ND
288145,EIKONIC ACADEMY OF BARBERING AND BEAUTY INC.,175216,"EIKONIC ACADEMY OF BARBERING AND BEAUTY, MISSISSAUGA",MISSISSAUGA,L5C 3G1,THE EIKONIC HAIR PROGRAM (PART-TIME),Service Trade,Hairstylist,Y,25.0%,ND,ND,ND,ND,ND
288447,NATIVE EDUCATION AND TRAINING COLLEGE,+,+,,,+,,,Y,36.1%,100.0%,97.7%,93.0%,100.0%,ND
288447,NATIVE EDUCATION AND TRAINING COLLEGE,175518,"NATIVE EDUCATION & TRAINING COLLEGE OF BUSINESS, HEALTHCARE, HUMAN SERVICE & TECHNOLOGY (NETC), NORTH BAY",NORTH BAY,P1B 2Y5,+,,,Y,36.1%,100.0%,97.7%,93.0%,100.0%,ND
288447,NATIVE EDUCATION AND TRAINING COLLEGE,175518,"NATIVE EDUCATION & TRAINING COLLEGE OF BUSINESS, HEALTHCARE, HUMAN SERVICE & TECHNOLOGY (NETC), NORTH BAY",NORTH BAY,P1B 2Y5,BUSINESS ADMINISTRATION DISTANCE EDUCATION,Business,Business Administration,Y,SS,ND,ND,ND,ND,ND
288447,NATIVE EDUCATION AND TRAINING COLLEGE,175518,"NATIVE EDUCATION & TRAINING COLLEGE OF BUSINESS, HEALTHCARE, HUMAN SERVICE & TECHNOLOGY (NETC), NORTH BAY",NORTH BAY,P1B 2Y5,BUSINESS MANAGEMENT DISTANCE EDUCATION,Business,Business Management,Y,SS,ND,ND,ND,ND,ND
288447,NATIVE EDUCATION AND TRAINING COLLEGE,175518,"NATIVE EDUCATION & TRAINING COLLEGE OF BUSINESS, HEALTHCARE, HUMAN SERVICE & TECHNOLOGY (NETC), NORTH BAY",NORTH BAY,P1B 2Y5,BUSINESS MANAGEMENT,Business,Business Management,Y,SS,ND,ND,ND,ND,ND
288447,NATIVE EDUCATION AND TRAINING COLLEGE,175518,"NATIVE EDUCATION & TRAINING COLLEGE OF BUSINESS, HEALTHCARE, HUMAN SERVICE & TECHNOLOGY (NETC), NORTH BAY",NORTH BAY,P1B 2Y5,COMMUNITY SERVICE WORKER GERONTOLOGY - DISTANCE EDUCATION,Community and Social Services,Community Services Worker,Y,ND,SS,SS,SS,ND,ND
288447,NATIVE EDUCATION AND TRAINING COLLEGE,175518,"NATIVE EDUCATION & TRAINING COLLEGE OF BUSINESS, HEALTHCARE, HUMAN SERVICE & TECHNOLOGY (NETC), NORTH BAY",NORTH BAY,P1B 2Y5,DEVELOPMENTAL SERVICES WORKER DISTANCE EDUCATION,Community and Social Services,Community Services Worker,Y,ND,100.0%,100.0%,71.4%,100.0%,ND
288447,NATIVE EDUCATION AND TRAINING COLLEGE,175518,"NATIVE EDUCATION & TRAINING COLLEGE OF BUSINESS, HEALTHCARE, HUMAN SERVICE & TECHNOLOGY (NETC), NORTH BAY",NORTH BAY,P1B 2Y5,MENTAL HEALTH AND ADDICTIONS,Health Services,Addiction Prevention and Treatment,Y,ND,SS,SS,SS,ND,ND
288447,NATIVE EDUCATION AND TRAINING COLLEGE,175518,"NATIVE EDUCATION & TRAINING COLLEGE OF BUSINESS, HEALTHCARE, HUMAN SERVICE & TECHNOLOGY (NETC), NORTH BAY",NORTH BAY,P1B 2Y5,PERSONAL SUPPORT WORKER DISTANCE EDUCATION,Health Services,Personal Support Worker/Personal Attendant,Y,38.2%,100.0%,97.1%,97.1%,100.0%,ND
288924,PHS TRUCK & TRAINING SERVICES LTD.,+,+,,,+,,,Y,98.5%,77.5%,58.4%,93.5%,100.0%,ND
288924,PHS TRUCK & TRAINING SERVICES LTD.,176015,"PHS TRUCK & TRAINING SERVICES LTD., MISSISSAUGA",MISSISSAUGA,L4T 1G2,+,,,Y,98.5%,77.5%,58.4%,93.5%,100.0%,ND
288924,PHS TRUCK & TRAINING SERVICES LTD.,176015,"PHS TRUCK & TRAINING SERVICES LTD., MISSISSAUGA",MISSISSAUGA,L4T 1G2,TRACTOR-TRAILER CLASS A TRAINING PROGRAM,Tractor-Trailer / Driver Licensing,A Class Truck Driver,Y,98.5%,77.5%,58.4%,93.5%,100.0%,ND
288945,GREAT CANADA DRIVING SCHOOL INC.,+,+,,,+,,,Y,52.9%,87.5%,75.0%,87.5%,100.0%,ND
288945,GREAT CANADA DRIVING SCHOOL INC.,176036,"GREAT CANADA DRIVING SCHOOL INC., CONCORD",CONCORD,L4K 2L7,+,,,Y,52.9%,87.5%,75.0%,87.5%,100.0%,ND
288945,GREAT CANADA DRIVING SCHOOL INC.,176036,"GREAT CANADA DRIVING SCHOOL INC., CONCORD",CONCORD,L4K 2L7,MANDATORY ENTRY LEVEL TRANING FOR AZ DRIVERS,Tractor-Trailer / Driver Licensing,AZ Class Truck Driver,Y,52.9%,87.5%,75.0%,87.5%,100.0%,ND
289224,2358682 ONTARIO INC.,+,+,,,+,,,Y,86.2%,90.0%,30.0%,54.5%,100.0%,ND
289224,2358682 ONTARIO INC.,176315,"GG TRUCK DRIVING SCHOOL, ETOBICOKE",ETOBICOKE,M9V 1B8,+,,,Y,86.2%,90.0%,30.0%,54.5%,100.0%,ND
289224,2358682 ONTARIO INC.,176315,"GG TRUCK DRIVING SCHOOL, ETOBICOKE",ETOBICOKE,M9V 1B8,AZ TRACTOR-TRAILER (MELT),Tractor-Trailer / Driver Licensing,AZ Class Truck Driver,Y,86.2%,90.0%,30.0%,54.5%,100.0%,ND
289664,METRO TRUCK DRIVING SCHOOL CORPORATION,+,+,,,+,,,Y,93.0%,74.2%,50.0%,69.0%,66.7%,ND
289664,METRO TRUCK DRIVING SCHOOL CORPORATION,176755,"METRO TRUCK DRIVING SCHOOL, MISSISSAUGA",MISSISSAUGA,L5T 1Y7,+,,,Y,93.0%,74.2%,50.0%,69.0%,66.7%,ND
289664,METRO TRUCK DRIVING SCHOOL CORPORATION,176755,"METRO TRUCK DRIVING SCHOOL, MISSISSAUGA",MISSISSAUGA,L5T 1Y7,TRACTOR-TRAILER MELT,Tractor-Trailer / Driver Licensing,A Class Truck Driver,Y,93.0%,74.2%,50.0%,69.0%,66.7%,ND
291744,1604240 ONTARIO INC.,+,+,,,+,,,Y,100.0%,88.6%,58.6%,89.0%,100.0%,ND
291744,1604240 ONTARIO INC.,178855,"MOGA TRUCK DRIVING SCHOOL, MISSISSAUGA",MISSISSAUGA,L5S 1N6,+,,,Y,100.0%,88.6%,58.6%,89.0%,100.0%,ND
291744,1604240 ONTARIO INC.,178855,"MOGA TRUCK DRIVING SCHOOL, MISSISSAUGA",MISSISSAUGA,L5S 1N6,TRACTOR-TRAILER (AZ),Tractor-Trailer / Driver Licensing,AZ Class Truck Driver,Y,100.0%,88.6%,58.6%,89.0%,100.0%,ND
291784,OPTIONTRAIN INC.,+,+,,,+,,,Y,SS,ND,ND,ND,ND,ND
291784,OPTIONTRAIN INC.,178895,"OPTIONTRAIN COLLEGE OF MANAGEMENT AND TECHNOLOGY, TORONTO",TORONTO,M4P 1A9,+,,,Y,SS,ND,ND,ND,ND,ND
291784,OPTIONTRAIN INC.,178895,"OPTIONTRAIN COLLEGE OF MANAGEMENT AND TECHNOLOGY, TORONTO",TORONTO,M4P 1A9,POST GRADUATE DIPLOMA IN DATA SCIENCE AND BIG DATA,Computer and Information Technology,Other - Information Technology,Y,SS,ND,ND,ND,ND,ND
294104,2069441 ONTARIO INC.,+,+,,,+,,,Y,100.0%,92.3%,57.7%,85.2%,100.0%,ND
294104,2069441 ONTARIO INC.,181195,"YOUTH TRUCK DRIVING SCHOOL, BRAMPTON",BRAMPTON,L6S 0E7,+,,,Y,100.0%,92.3%,57.7%,85.2%,100.0%,ND
294104,2069441 ONTARIO INC.,181195,"YOUTH TRUCK DRIVING SCHOOL, BRAMPTON",BRAMPTON,L6S 0E7,COMMERCIAL TRUCK DRIVER TRAINING STANDARD (CLASS A),Tractor-Trailer / Driver Licensing,A Class Truck Driver,Y,100.0%,92.3%,57.7%,85.2%,100.0%,ND
294324,2473505 ONTARIO LIMITED,+,+,,,+,,,Y,8.2%,83.8%,64.8%,51.3%,100.0%,ND
294324,2473505 ONTARIO LIMITED,181415,"TRILLIUM COLLEGE, KINGSTON",KINGSTON,K7L 1G1,+,,,Y,7.4%,84.3%,67.1%,50.0%,100.0%,22.0%
294324,2473505 ONTARIO LIMITED,181415,"TRILLIUM COLLEGE, KINGSTON",KINGSTON,K7L 1G1,BUSINESS MANAGEMENT,Business,Business Management,Y,0.0%,SS,SS,SS,ND,ND
294324,2473505 ONTARIO LIMITED,181415,"TRILLIUM COLLEGE, KINGSTON",KINGSTON,K7L 1G1,COMMUNITY & DEVELOPMENTAL SERVICE WORKER,Community and Social Services,Community Services Worker,Y,5.3%,80.0%,40.0%,83.3%,ND,ND
294324,2473505 ONTARIO LIMITED,181415,"TRILLIUM COLLEGE, KINGSTON",KINGSTON,K7L 1G1,DENTAL ASSISTANT - LEVEL 1 & 2,Health Services,Dental Chairside Assistant,Y,0.0%,100.0%,100.0%,42.9%,ND,ND
294324,2473505 ONTARIO LIMITED,181415,"TRILLIUM COLLEGE, KINGSTON",KINGSTON,K7L 1G1,DIGITAL MARKETING SPECIALIST,Business,Marketing/Advertising,Y,ND,SS,SS,SS,ND,ND
294324,2473505 ONTARIO LIMITED,181415,"TRILLIUM COLLEGE, KINGSTON",KINGSTON,K7L 1G1,ESTHETICS & SPA OPERATIONS,Human Services,Esthetics/Medical Esthetics,Y,ND,60.0%,60.0%,40.0%,ND,ND
294324,2473505 ONTARIO LIMITED,181415,"TRILLIUM COLLEGE, KINGSTON",KINGSTON,K7L 1G1,HUMAN RESOURCE MANAGEMENT,Business,Human Resources,Y,SS,SS,SS,SS,ND,ND
294324,2473505 ONTARIO LIMITED,181415,"TRILLIUM COLLEGE, KINGSTON",KINGSTON,K7L 1G1,LAW & SECURITY,Law and Public Safety,Law Enforcement/Police Foundations,Y,0.0%,66.7%,66.7%,62.5%,ND,ND
294324,2473505 ONTARIO LIMITED,181415,"TRILLIUM COLLEGE, KINGSTON",KINGSTON,K7L 1G1,LAW CLERK (WITH PLACEMENT),Law and Public Safety,Law Clerk,Y,ND,SS,SS,SS,ND,ND
294324,2473505 ONTARIO LIMITED,181415,"TRILLIUM COLLEGE, KINGSTON",KINGSTON,K7L 1G1,LAW CLERK,Law and Public Safety,Law Clerk,Y,SS,ND,ND,ND,ND,ND
294324,2473505 ONTARIO LIMITED,181415,"TRILLIUM COLLEGE, KINGSTON",KINGSTON,K7L 1G1,MASSAGE THERAPY,Health Services,Massage Therapist,Y,13.9%,100.0%,66.7%,55.6%,ND,ND
294324,2473505 ONTARIO LIMITED,181415,"TRILLIUM COLLEGE, KINGSTON",KINGSTON,K7L 1G1,MEDICAL LAB ASSISTANT/TECHNICIAN,Health Services,Medical Laboratory Technician,Y,0.0%,80.0%,60.0%,37.5%,100.0%,ND
294324,2473505 ONTARIO LIMITED,181415,"TRILLIUM COLLEGE, KINGSTON",KINGSTON,K7L 1G1,MEDICAL OFFICE ASSISTANT,Health Services,Medical Office Administration/Management,Y,SS,100.0%,60.0%,20.0%,ND,ND
294324,2473505 ONTARIO LIMITED,181415,"TRILLIUM COLLEGE, KINGSTON",KINGSTON,K7L 1G1,PAYROLL SPECIALIST,Business,Accounting and Payroll Administration,Y,SS,SS,SS,SS,ND,ND
294324,2473505 ONTARIO LIMITED,181415,"TRILLIUM COLLEGE, KINGSTON",KINGSTON,K7L 1G1,PERSONAL SUPPORT WORKER,Health Services,Personal Support Worker/Personal Attendant,Y,ND,86.7%,86.7%,61.5%,100.0%,ND
294324,2473505 ONTARIO LIMITED,181415,"TRILLIUM COLLEGE, KINGSTON",KINGSTON,K7L 1G1,PHARMACY ASSISTANT,Health Services,Pharmacy Assistant,Y,ND,SS,SS,SS,ND,ND
294324,2473505 ONTARIO LIMITED,181415,"TRILLIUM COLLEGE, KINGSTON",KINGSTON,K7L 1G1,SUPPLY CHAIN MANAGEMENT & LOGISTICS,Business,Supply Chain Management and Logistics,Y,ND,SS,SS,SS,ND,ND
294324,2473505 ONTARIO LIMITED,181415,"TRILLIUM COLLEGE, KINGSTON",KINGSTON,K7L 1G1,VIDEO GAME DESIGNER,Applied Arts and Science,Game/Interactive Media Design,Y,ND,ND,ND,SS,ND,ND
294324,2473505 ONTARIO LIMITED,191515,"TRILLIUM COLLEGE, SUDBURY",SUDBURY,P3C 1S8,+,,,Y,10.0%,82.9%,60.0%,54.1%,100.0%,13.2%
294324,2473505 ONTARIO LIMITED,191515,"TRILLIUM COLLEGE, SUDBURY",SUDBURY,P3C 1S8,BUSINESS MANAGEMENT,Business,Business Management,Y,0.0%,SS,SS,SS,ND,ND
294324,2473505 ONTARIO LIMITED,191515,"TRILLIUM COLLEGE, SUDBURY",SUDBURY,P3C 1S8,COMMUNITY & DEVELOPMENTAL SERVICE WORKER,Community and Social Services,Community Services Worker,Y,16.7%,SS,SS,SS,100.0%,ND
294324,2473505 ONTARIO LIMITED,191515,"TRILLIUM COLLEGE, SUDBURY",SUDBURY,P3C 1S8,DIGITAL MARKETING SPECIALIST,Business,Marketing/Advertising,Y,SS,SS,SS,SS,ND,ND
294324,2473505 ONTARIO LIMITED,191515,"TRILLIUM COLLEGE, SUDBURY",SUDBURY,P3C 1S8,ESTHETICS & SPA OPERATIONS,Human Services,Esthetics/Medical Esthetics,Y,SS,SS,SS,SS,ND,ND
294324,2473505 ONTARIO LIMITED,191515,"TRILLIUM COLLEGE, SUDBURY",SUDBURY,P3C 1S8,HUMAN RESOURCE MANAGEMENT,Business,Human Resources,Y,ND,ND,ND,ND,ND,ND
294324,2473505 ONTARIO LIMITED,191515,"TRILLIUM COLLEGE, SUDBURY",SUDBURY,P3C 1S8,LAW & SECURITY,Law and Public Safety,Law Enforcement/Police Foundations,Y,SS,SS,SS,SS,ND,ND
294324,2473505 ONTARIO LIMITED,191515,"TRILLIUM COLLEGE, SUDBURY",SUDBURY,P3C 1S8,LAW CLERK (WITH PLACEMENT),Law and Public Safety,Law Clerk,Y,SS,SS,SS,SS,ND,ND
294324,2473505 ONTARIO LIMITED,191515,"TRILLIUM COLLEGE, SUDBURY",SUDBURY,P3C 1S8,MASSAGE THERAPY,Health Services,Massage Therapist,Y,12.5%,83.3%,50.0%,14.3%,ND,ND
294324,2473505 ONTARIO LIMITED,191515,"TRILLIUM COLLEGE, SUDBURY",SUDBURY,P3C 1S8,MEDICAL LAB ASSISTANT/TECHNICIAN,Health Services,Medical Laboratory Technician,Y,SS,83.3%,66.7%,33.3%,100.0%,ND
294324,2473505 ONTARIO LIMITED,191515,"TRILLIUM COLLEGE, SUDBURY",SUDBURY,P3C 1S8,MEDICAL OFFICE ASSISTANT,Health Services,Medical Office Administration/Management,Y,SS,SS,SS,SS,100.0%,ND
294324,2473505 ONTARIO LIMITED,191515,"TRILLIUM COLLEGE, SUDBURY",SUDBURY,P3C 1S8,PAYROLL SPECIALIST,Business,Accounting and Payroll Administration,Y,SS,SS,SS,SS,ND,ND
294324,2473505 ONTARIO LIMITED,191515,"TRILLIUM COLLEGE, SUDBURY",SUDBURY,P3C 1S8,PERSONAL SUPPORT WORKER,Health Services,Personal Support Worker/Personal Attendant,Y,ND,100.0%,80.0%,80.0%,ND,ND
294324,2473505 ONTARIO LIMITED,191515,"TRILLIUM COLLEGE, SUDBURY",SUDBURY,P3C 1S8,PHARMACY ASSISTANT,Health Services,Pharmacy Assistant,Y,SS,ND,ND,ND,ND,ND
294324,2473505 ONTARIO LIMITED,191515,"TRILLIUM COLLEGE, SUDBURY",SUDBURY,P3C 1S8,SUPPLY CHAIN MANAGEMENT & LOGISTICS,Business,Supply Chain Management and Logistics,Y,ND,SS,SS,SS,ND,ND
294324,2473505 ONTARIO LIMITED,191515,"TRILLIUM COLLEGE, SUDBURY",SUDBURY,P3C 1S8,VIDEO GAME DESIGNER,Applied Arts and Science,Game/Interactive Media Design,Y,ND,ND,ND,ND,ND,ND
295425,ONTARIO TRUCK & FORKLIFT DRIVING SCHOOL INC.,+,+,,,+,,,Y,100.0%,83.6%,66.4%,89.2%,66.7%,ND
295425,ONTARIO TRUCK & FORKLIFT DRIVING SCHOOL INC.,182556,"ONTARIO TRUCK & FORKLIFT DRIVING SCHOOL INC., MISSISSAUGA",MISSISSAUGA,L4T 3W4,+,,,Y,100.0%,83.8%,66.7%,90.7%,66.7%,ND
295425,ONTARIO TRUCK & FORKLIFT DRIVING SCHOOL INC.,182556,"ONTARIO TRUCK & FORKLIFT DRIVING SCHOOL INC., MISSISSAUGA",MISSISSAUGA,L4T 3W4,AZ TRACTOR-TRAILER (MELT),Tractor-Trailer / Driver Licensing,AZ Class Truck Driver,Y,100.0%,83.8%,66.7%,90.7%,66.7%,ND
295425,ONTARIO TRUCK & FORKLIFT DRIVING SCHOOL INC.,205034,"ONTARIO TRUCK & FORKLIFT DRIVING SCHOOL INC., 170 VONDRAU DRIVE, UNIT 1, CAMBRIDGE, ON, N3E 1B8",CAMBRIDGE,N3E 1B8,+,,,Y,100.0%,81.8%,63.6%,75.0%,ND,ND
295425,ONTARIO TRUCK & FORKLIFT DRIVING SCHOOL INC.,205034,"ONTARIO TRUCK & FORKLIFT DRIVING SCHOOL INC., 170 VONDRAU DRIVE, UNIT 1, CAMBRIDGE, ON, N3E 1B8",CAMBRIDGE,N3E 1B8,AZ TRACTOR-TRAILER (MELT),Tractor-Trailer / Driver Licensing,AZ Class Truck Driver,Y,100.0%,81.8%,63.6%,75.0%,ND,ND
295664,2279304 ONTARIO LIMITED,+,+,,,+,,,Y,98.7%,86.9%,67.2%,97.1%,66.7%,ND
295664,2279304 ONTARIO LIMITED,182795,"TOP TRUCK DRIVING SCHOOL, BRAMPTON",BRAMPTON,L6T 1A9,+,,,Y,98.7%,86.9%,67.2%,97.1%,66.7%,ND
295664,2279304 ONTARIO LIMITED,182795,"TOP TRUCK DRIVING SCHOOL, BRAMPTON",BRAMPTON,L6T 1A9,TRACTOR-TRAILER A (MELT),Tractor-Trailer / Driver Licensing,A Class Truck Driver,Y,98.7%,86.9%,67.2%,97.1%,66.7%,ND
295864,2574346 ONTARIO LTD.,+,+,,,+,,,Y,85.3%,70.0%,60.0%,70.0%,ND,ND
295864,2574346 ONTARIO LTD.,182995,"ELITE COLLEGE OF BUSINESS AND HEALTH CARE, MAIN ST.",MARKHAM,L3P 1X2,+,,,Y,85.3%,70.0%,60.0%,70.0%,ND,ND
295864,2574346 ONTARIO LTD.,182995,"ELITE COLLEGE OF BUSINESS AND HEALTH CARE, MAIN ST.",MARKHAM,L3P 1X2,ACCOUNTING AND BUSINESS MANAGEMENT,Business,Business Management,Y,ND,ND,ND,ND,ND,ND
295864,2574346 ONTARIO LTD.,182995,"ELITE COLLEGE OF BUSINESS AND HEALTH CARE, MAIN ST.",MARKHAM,L3P 1X2,LASER TECHNICIAN,Human Services,Esthetics/Medical Esthetics,Y,93.3%,70.0%,60.0%,70.0%,ND,ND
295864,2574346 ONTARIO LTD.,182995,"ELITE COLLEGE OF BUSINESS AND HEALTH CARE, MAIN ST.",MARKHAM,L3P 1X2,MEDICAL ESTHETICS,Human Services,Esthetics/Medical Esthetics,Y,SS,ND,ND,ND,ND,ND
296784,BRAR TRUCK TRAINING INC.,+,+,,,+,,,Y,100.0%,87.5%,75.0%,95.2%,ND,ND
296784,BRAR TRUCK TRAINING INC.,183935,"BRAR TRUCK TRAINING INC., BRAMPTON",BRAMPTON,L6T 0G3,+,,,Y,100.0%,87.5%,75.0%,95.2%,ND,ND
296784,BRAR TRUCK TRAINING INC.,183935,"BRAR TRUCK TRAINING INC., BRAMPTON",BRAMPTON,L6T 0G3,AZ TRACTOR-TRAILER (MELT),Tractor-Trailer / Driver Licensing,AZ Class Truck Driver,Y,100.0%,87.5%,75.0%,95.2%,ND,ND
296964,ELITE CANADIAN AESTHETIC & HAIR ACADEMY INC.,+,+,,,+,,,Y,ND,SS,SS,SS,100.0%,ND
296964,ELITE CANADIAN AESTHETIC & HAIR ACADEMY INC.,184115,"ELITE ROYAL INTERNATIONAL CAREER COLLEGE, SCARBOROUGH",SCARBOROUGH,M1X 0B7,+,,,Y,ND,SS,SS,SS,100.0%,ND
296964,ELITE CANADIAN AESTHETIC & HAIR ACADEMY INC.,184115,"ELITE ROYAL INTERNATIONAL CAREER COLLEGE, SCARBOROUGH",SCARBOROUGH,M1X 0B7,AESTHETICS,Human Services,Esthetics/Medical Esthetics,Y,ND,SS,SS,SS,100.0%,ND
296964,ELITE CANADIAN AESTHETIC & HAIR ACADEMY INC.,184115,"ELITE ROYAL INTERNATIONAL CAREER COLLEGE, SCARBOROUGH",SCARBOROUGH,M1X 0B7,MEDICAL AESTHETICS,Human Services,Esthetics/Medical Esthetics,Y,ND,ND,ND,SS,ND,ND
298506,SIMDEEP TRUCKLINE INC,+,+,,,+,,,Y,95.7%,72.7%,54.5%,76.9%,ND,ND
298506,SIMDEEP TRUCKLINE INC,185677,"ADVANCE TRUCK TRAINING CENTRE, MISSISSAUGA",MISSISSAUGA,L4T 1G3,+,,,Y,95.7%,72.7%,54.5%,76.9%,ND,ND
298506,SIMDEEP TRUCKLINE INC,185677,"ADVANCE TRUCK TRAINING CENTRE, MISSISSAUGA",MISSISSAUGA,L4T 1G3,COMMERCIAL TRUCK DRIVER TRAINING STANDARD (CLASS A),Tractor-Trailer / Driver Licensing,A Class Truck Driver,Y,95.7%,72.7%,54.5%,76.9%,ND,ND
298784,DEEP CAREER COLLEGE LTD.,+,+,,,+,,,Y,81.8%,84.2%,65.8%,88.1%,100.0%,ND
298784,DEEP CAREER COLLEGE LTD.,185955,"DEEP TRUCK DRIVING AND FORKLIFT TRAINING SCHOOL, ETOBICOKE",ETOBICOKE,M9W 6K1,+,,,Y,81.8%,84.2%,65.8%,88.1%,100.0%,ND
298784,DEEP CAREER COLLEGE LTD.,185955,"DEEP TRUCK DRIVING AND FORKLIFT TRAINING SCHOOL, ETOBICOKE",ETOBICOKE,M9W 6K1,AZ TRACTOR-TRAILER (MELT),Tractor-Trailer / Driver Licensing,AZ Class Truck Driver,Y,81.8%,84.2%,65.8%,88.1%,100.0%,ND
298965,2559210 ONTARIO INC.,+,+,,,+,,,Y,85.2%,73.6%,56.0%,86.0%,100.0%,ND
298965,2559210 ONTARIO INC.,186136,"WHEELS AZ, MISSISSAUGA",MISSISSAUGA,L5S 0A8,+,,,Y,85.2%,73.6%,56.0%,86.0%,100.0%,ND
298965,2559210 ONTARIO INC.,186136,"WHEELS AZ, MISSISSAUGA",MISSISSAUGA,L5S 0A8,"M.E.L.T. (TRACTOR-TRAILER CLASS ""A"" ENTRY-LEVEL DRIVER TRAINING)",Tractor-Trailer / Driver Licensing,A Class Truck Driver,Y,85.2%,73.6%,56.0%,86.0%,100.0%,ND
299045,QUEENSWOOD COLLEGE OF BUSINESS HEALTH AND TECHNOLOGY INC.,+,+,,,+,,,Y,100.0%,85.7%,64.3%,81.3%,ND,ND
299045,QUEENSWOOD COLLEGE OF BUSINESS HEALTH AND TECHNOLOGY INC.,186216,"QUEENSWOOD COLLEGE OF BUSINESS HEALTH AND TECHNOLOGY, BRAMPTON",BRAMPTON,L6S 5N1,+,,,Y,100.0%,85.7%,64.3%,81.3%,ND,ND
299045,QUEENSWOOD COLLEGE OF BUSINESS HEALTH AND TECHNOLOGY INC.,186216,"QUEENSWOOD COLLEGE OF BUSINESS HEALTH AND TECHNOLOGY, BRAMPTON",BRAMPTON,L6S 5N1,FOOD SERVICE WORKER,Health Services,Customer Service/Retail Sales,Y,SS,SS,SS,SS,ND,ND
299045,QUEENSWOOD COLLEGE OF BUSINESS HEALTH AND TECHNOLOGY INC.,186216,"QUEENSWOOD COLLEGE OF BUSINESS HEALTH AND TECHNOLOGY, BRAMPTON",BRAMPTON,L6S 5N1,MEDICAL OFFICE ASSISTANT P/T,Health Services,Medical Office Administration/Management,Y,ND,SS,SS,SS,ND,ND
299045,QUEENSWOOD COLLEGE OF BUSINESS HEALTH AND TECHNOLOGY INC.,186216,"QUEENSWOOD COLLEGE OF BUSINESS HEALTH AND TECHNOLOGY, BRAMPTON",BRAMPTON,L6S 5N1,MEDICAL OFFICE ASSISTANT,Health Services,Medical Office Administration/Management,Y,SS,ND,ND,ND,ND,ND
299045,QUEENSWOOD COLLEGE OF BUSINESS HEALTH AND TECHNOLOGY INC.,186216,"QUEENSWOOD COLLEGE OF BUSINESS HEALTH AND TECHNOLOGY, BRAMPTON",BRAMPTON,L6S 5N1,OFFICE ADMINISTRATION,Business,Office Administration,Y,SS,SS,SS,SS,ND,ND
299045,QUEENSWOOD COLLEGE OF BUSINESS HEALTH AND TECHNOLOGY INC.,186216,"QUEENSWOOD COLLEGE OF BUSINESS HEALTH AND TECHNOLOGY, BRAMPTON",BRAMPTON,L6S 5N1,PERSONAL SUPPORT WORKER,Health Services,Personal Support Worker/Personal Attendant,Y,100.0%,75.0%,62.5%,77.8%,ND,ND
299284,2224346 ONTARIO INC.,+,+,,,+,,,Y,92.5%,81.1%,58.1%,80.3%,100.0%,ND
299284,2224346 ONTARIO INC.,186475,"FIRST CANADIAN TRUCK-FORKLIFT TRAINING CENTRE, 291027118",MISSISSAUGA,L5S 1V7,+,,,Y,93.5%,81.6%,58.5%,80.9%,100.0%,ND
299284,2224346 ONTARIO INC.,186475,"FIRST CANADIAN TRUCK-FORKLIFT TRAINING CENTRE, 291027118",MISSISSAUGA,L5S 1V7,AZ TRACTOR-TRAILER (MELT),Tractor-Trailer / Driver Licensing,AZ Class Truck Driver,Y,93.5%,81.6%,58.5%,80.9%,100.0%,ND
299284,2224346 ONTARIO INC.,204961,"FIRST CANADIAN TRUCK-FORKLIFT TRAINING CENTRE, BELLEVILLE",BELLEVILLE,K8N 4V4,+,,,Y,60.9%,70.0%,50.0%,66.7%,ND,ND
299284,2224346 ONTARIO INC.,204961,"FIRST CANADIAN TRUCK-FORKLIFT TRAINING CENTRE, BELLEVILLE",BELLEVILLE,K8N 4V4,AZ TRACTOR-TRAILER (MELT),Tractor-Trailer / Driver Licensing,AZ Class Truck Driver,Y,60.9%,70.0%,50.0%,66.7%,ND,ND
299285,1435791 ONTARIO INC.,+,+,,,+,,,Y,94.6%,89.5%,63.2%,94.7%,ND,ND
299285,1435791 ONTARIO INC.,186476,"HAMILTON TRUCK TRAINING CENTRE, HAMILTON",HAMILTON,L8E 4W8,+,,,Y,94.6%,89.5%,63.2%,94.7%,ND,ND
299285,1435791 ONTARIO INC.,186476,"HAMILTON TRUCK TRAINING CENTRE, HAMILTON",HAMILTON,L8E 4W8,AZ TRACTOR-TRAILER (MELT),Tractor-Trailer / Driver Licensing,AZ Class Truck Driver,Y,94.6%,89.5%,63.2%,94.7%,ND,ND
299584,APPLIANCE TECHNICAL INSTITUTE OF CANADA INC.,+,+,,,+,,,Y,79.2%,85.2%,70.4%,83.3%,100.0%,ND
299584,APPLIANCE TECHNICAL INSTITUTE OF CANADA INC.,186775,"APPLIANCE TECHNICAL INSTITUTE OF CANADA INC., MISSISSAUGA",MISSISSAUGA,L4X 2G6,+,,,Y,79.2%,85.2%,70.4%,83.3%,100.0%,ND
299584,APPLIANCE TECHNICAL INSTITUTE OF CANADA INC.,186775,"APPLIANCE TECHNICAL INSTITUTE OF CANADA INC., MISSISSAUGA",MISSISSAUGA,L4X 2G6,APPLIANCE SERVICE TECHNICIAN (25 WEEKS)*,Service Trade,Appliance Service Technician,Y,87.5%,See combined program results below,See combined program results below,See combined program results below,See combined program results below,ND
299584,APPLIANCE TECHNICAL INSTITUTE OF CANADA INC.,186775,"APPLIANCE TECHNICAL INSTITUTE OF CANADA INC., MISSISSAUGA",MISSISSAUGA,L4X 2G6,APPLIANCE SERVICE TECHNICIAN (29 WEEKS)*,Service Trade,Appliance Service Technician,Y,70.3%,See combined program results below,See combined program results below,See combined program results below,See combined program results below,ND
299584,APPLIANCE TECHNICAL INSTITUTE OF CANADA INC.,186775,"APPLIANCE TECHNICAL INSTITUTE OF CANADA INC., MISSISSAUGA",MISSISSAUGA,L4X 2G6,APPLIANCE SERVICE TECHNICIAN (COMBINED 25 WEEKS AND 29 WEEKS)**,Service Trade,Appliance Service Technician,Y,See program results above,85.2%,70.4%,83.3%,100.0%,See program results above
299584,APPLIANCE TECHNICAL INSTITUTE OF CANADA INC.,186775,"APPLIANCE TECHNICAL INSTITUTE OF CANADA INC., MISSISSAUGA",MISSISSAUGA,L4X 2G6,GAS TECHNICIAN 3,Technical Standards and Safety Authority (TSSA) Restricted Tradesperson,Gas Technician,Y,83.7%,ND,ND,ND,ND,ND
301864,ALLPRO TRUCK TRAINING ACADEMY INC.,+,+,,,+,,,Y,100.0%,88.5%,77.0%,93.5%,ND,ND
301864,ALLPRO TRUCK TRAINING ACADEMY INC.,189115,"ALLPRO TRUCK TRAINING ACADEMY INC., BOLTON",BOLTON,L7E 1G4,+,,,Y,100.0%,88.5%,77.0%,93.5%,ND,ND
301864,ALLPRO TRUCK TRAINING ACADEMY INC.,189115,"ALLPRO TRUCK TRAINING ACADEMY INC., BOLTON",BOLTON,L7E 1G4,AZ TRACTOR-TRAILER (MELT),Tractor-Trailer / Driver Licensing,AZ Class Truck Driver,Y,100.0%,88.5%,77.0%,93.5%,ND,ND
302024,PRO-TECH TRAINING SERVICES INC,+,+,,,+,,,Y,SS,SS,SS,SS,100.0%,ND
302024,PRO-TECH TRAINING SERVICES INC,189295,"PRO-TECH TRAINING SERVICES INC, NAPANEE",NAPANEE,K7R 3Y9,+,,,Y,SS,SS,SS,SS,100.0%,ND
302024,PRO-TECH TRAINING SERVICES INC,189295,"PRO-TECH TRAINING SERVICES INC, NAPANEE",NAPANEE,K7R 3Y9,MELT - MANDATORY ENTRY LEVEL TRAINING PROGRAM,Tractor-Trailer / Driver Licensing,Other Driver's License Training,Y,SS,SS,SS,SS,100.0%,ND
303584,LEE CALVIN KILLORAN,+,+,,,+,,,Y,90.9%,87.5%,87.5%,100.0%,100.0%,ND
303584,LEE CALVIN KILLORAN,190915,"LJP SKILLS TRAINING, GUELPH",GUELPH,N1K 1B1,+,,,Y,90.9%,87.5%,87.5%,100.0%,100.0%,ND
303584,LEE CALVIN KILLORAN,190915,"LJP SKILLS TRAINING, GUELPH",GUELPH,N1K 1B1,GENERAL WELDING SKILLS,Industrial Trade,Welder,Y,91.7%,80.0%,80.0%,100.0%,ND,ND
303584,LEE CALVIN KILLORAN,190915,"LJP SKILLS TRAINING, GUELPH",GUELPH,N1K 1B1,PIPE WELDING FOR WELDERS,Industrial Trade,Welder,Y,SS,SS,SS,SS,ND,ND
303584,LEE CALVIN KILLORAN,190915,"LJP SKILLS TRAINING, GUELPH",GUELPH,N1K 1B1,PIPE WELDING,Industrial Trade,Welder,Y,SS,ND,ND,ND,ND,ND
303584,LEE CALVIN KILLORAN,190915,"LJP SKILLS TRAINING, GUELPH",GUELPH,N1K 1B1,PROFESSIONAL PIPE WELDING PLUS,Industrial Trade,Welder,Y,85.7%,100.0%,100.0%,100.0%,100.0%,ND
304184,2576059 ONTARIO LIMITED,+,+,,,+,,,Y,SS,ND,ND,ND,ND,ND
304184,2576059 ONTARIO LIMITED,191535,"LIAISON COLLEGE AT PASQUALINO, MILTON",MILTON,L9T 1N8,+,,,Y,SS,ND,ND,ND,ND,ND
304184,2576059 ONTARIO LIMITED,191535,"LIAISON COLLEGE AT PASQUALINO, MILTON",MILTON,L9T 1N8,COOK BASIC - LEVEL I,Service Trade,Cook/Assistant Cook,Y,SS,ND,ND,ND,ND,ND
304344,DIXIE TRUCK & FORKLIFT DRIVING SCHOOL INC.,+,+,,,+,,,Y,100.0%,70.0%,40.0%,100.0%,ND,ND
304344,DIXIE TRUCK & FORKLIFT DRIVING SCHOOL INC.,191695,"DIXIE TRUCK & FORKLIFT DRIVING SCHOOL, BRAMPTON",BRAMPTON,L6W 4N9,+,,,Y,100.0%,70.0%,40.0%,100.0%,ND,ND
304344,DIXIE TRUCK & FORKLIFT DRIVING SCHOOL INC.,191695,"DIXIE TRUCK & FORKLIFT DRIVING SCHOOL, BRAMPTON",BRAMPTON,L6W 4N9,TRACTOR-TRAILER (A-Z) DRIVER M.E.L.T.,Tractor-Trailer / Driver Licensing,AZ Class Truck Driver,Y,100.0%,70.0%,40.0%,100.0%,ND,ND
305846,WECLOUDDATA INC.,+,+,,,+,,,Y,85.7%,65.4%,50.0%,88.9%,100.0%,ND
305846,WECLOUDDATA INC.,193197,"TORONTO INSTITUTE OF DATA SCIENCE AND TECHNOLOGY, TORONTO",TORONTO,M5B 1T3,+,,,Y,85.7%,65.4%,50.0%,88.9%,100.0%,ND
305846,WECLOUDDATA INC.,193197,"TORONTO INSTITUTE OF DATA SCIENCE AND TECHNOLOGY, TORONTO",TORONTO,M5B 1T3,APPLIED DATA SCIENCE AND BIG DATA,Computer and Information Technology,Information Technology,Y,85.7%,65.4%,50.0%,88.9%,100.0%,ND
306204,2375741 ONTARIO INC,+,+,,,+,,,Y,65.8%,79.2%,50.9%,74.1%,100.0%,ND
306204,2375741 ONTARIO INC,193535,"A1 TRANSPORTATION ACADEMY, MISSISSAUGA",MISSISSAUGA,L5S 0A8,+,,,Y,65.8%,79.2%,50.9%,74.1%,100.0%,ND
306204,2375741 ONTARIO INC,193535,"A1 TRANSPORTATION ACADEMY, MISSISSAUGA",MISSISSAUGA,L5S 0A8,TRACTOR AND TRAILER DRIVER PROGRAM,Tractor-Trailer / Driver Licensing,A Class Truck Driver,Y,65.8%,79.2%,50.9%,74.1%,100.0%,ND
306304,HEALTH AND BEAUTY CANADIAN COLLEGE INC.,+,+,,,+,,,Y,100.0%,100.0%,100.0%,100.0%,100.0%,ND
306304,HEALTH AND BEAUTY CANADIAN COLLEGE INC.,193635,"HEALTH AND BEAUTY CANADIAN COLLEGE, TORONTO",TORONTO,L3T 6R2,+,,,Y,100.0%,100.0%,100.0%,100.0%,100.0%,ND
306304,HEALTH AND BEAUTY CANADIAN COLLEGE INC.,193635,"HEALTH AND BEAUTY CANADIAN COLLEGE, TORONTO",TORONTO,L3T 6R2,MEDICAL ESTHETICS,Human Services,Esthetics/Medical Esthetics,Y,100.0%,100.0%,100.0%,100.0%,100.0%,ND
306306,NORTHERN CONSTRUCTION ACADEMY INC.,+,+,,,+,,,Y,89.3%,80.0%,73.3%,73.3%,100.0%,ND
306306,NORTHERN CONSTRUCTION ACADEMY INC.,193637,"NORTHERN CONSTRUCTION ACADEMY INC., GARSON",GARSON,P3L 1N3,+,,,Y,89.3%,80.0%,73.3%,73.3%,100.0%,ND
306306,NORTHERN CONSTRUCTION ACADEMY INC.,193637,"NORTHERN CONSTRUCTION ACADEMY INC., GARSON",GARSON,P3L 1N3,ARTICULATED TRUCK OPERATOR,Construction Trade,Heavy Equipment Operator,Y,SS,ND,ND,ND,ND,ND
306306,NORTHERN CONSTRUCTION ACADEMY INC.,193637,"NORTHERN CONSTRUCTION ACADEMY INC., GARSON",GARSON,P3L 1N3,DZ TRUCK TRAINING,Tractor-Trailer / Driver Licensing,DZ Class Truck Driver,Y,60.0%,SS,SS,SS,ND,ND
306306,NORTHERN CONSTRUCTION ACADEMY INC.,193637,"NORTHERN CONSTRUCTION ACADEMY INC., GARSON",GARSON,P3L 1N3,FOUR PIECE HEAVY EQUIPMENT + MELT Z,Construction Trade,Heavy Equipment Operator,Y,SS,SS,SS,SS,100.0%,ND
306306,NORTHERN CONSTRUCTION ACADEMY INC.,193637,"NORTHERN CONSTRUCTION ACADEMY INC., GARSON",GARSON,P3L 1N3,FOUR PIECE HEAVY EQUIPMENT PROGRAM,Construction Trade,Heavy Equipment Operator,Y,100.0%,66.7%,66.7%,100.0%,ND,ND
306306,NORTHERN CONSTRUCTION ACADEMY INC.,193637,"NORTHERN CONSTRUCTION ACADEMY INC., GARSON",GARSON,P3L 1N3,HEAVY EQUIPMENT,Construction Trade,Heavy Equipment Operator,Y,90.0%,66.7%,66.7%,33.3%,ND,ND
306306,NORTHERN CONSTRUCTION ACADEMY INC.,193637,"NORTHERN CONSTRUCTION ACADEMY INC., GARSON",GARSON,P3L 1N3,MELT Z,Tractor-Trailer / Driver Licensing,Other Driver's License Training,Y,SS,SS,SS,SS,ND,ND
306445,KNOWLEDGESURGE INSTITUTE INC.,+,+,,,+,,,Y,62.2%,87.5%,62.5%,72.0%,ND,ND
306445,KNOWLEDGESURGE INSTITUTE INC.,193759,"KNOWLEDGESURGE INSTITUTE, BARRIE",BARRIE,L4N 8X1,+,,,Y,62.2%,87.5%,62.5%,72.0%,ND,ND
306445,KNOWLEDGESURGE INSTITUTE INC.,193759,"KNOWLEDGESURGE INSTITUTE, BARRIE",BARRIE,L4N 8X1,BEGINNER DRIVER EDUCATION (BDE) DRIVING INSTRUCTOR,Human Services,Educator,Y,SS,ND,ND,ND,ND,ND
306445,KNOWLEDGESURGE INSTITUTE INC.,193759,"KNOWLEDGESURGE INSTITUTE, BARRIE",BARRIE,L4N 8X1,ELITESTART (MELT),Tractor-Trailer / Driver Licensing,AZ Class Truck Driver,Y,69.2%,87.5%,62.5%,87.5%,ND,ND
306445,KNOWLEDGESURGE INSTITUTE INC.,193759,"KNOWLEDGESURGE INSTITUTE, BARRIE",BARRIE,L4N 8X1,ELITESTART LIGHT (DZ),Tractor-Trailer / Driver Licensing,DZ Class Truck Driver,Y,12.5%,SS,SS,SS,ND,ND
306445,KNOWLEDGESURGE INSTITUTE INC.,193759,"KNOWLEDGESURGE INSTITUTE, BARRIE",BARRIE,L4N 8X1,ELITESTART PRO (MELT),Tractor-Trailer / Driver Licensing,AZ Class Truck Driver,Y,77.3%,92.3%,61.5%,64.3%,ND,ND
306647,1695268 ONTARIO INC.,+,+,,,+,,,Y,82.9%,75.0%,68.8%,76.5%,50.0%,ND
306647,1695268 ONTARIO INC.,193958,"ALLWAY TRUCKING SERVICES, TORONTO",TORONTO,M1S 5H6,+,,,Y,82.9%,75.0%,68.8%,76.5%,50.0%,ND
306647,1695268 ONTARIO INC.,193958,"ALLWAY TRUCKING SERVICES, TORONTO",TORONTO,M1S 5H6,TRACTOR-TRAILER (A),Tractor-Trailer / Driver Licensing,A Class Truck Driver,Y,82.9%,75.0%,68.8%,76.5%,50.0%,ND
306746,NORTHSIDE TRUCK TRAINING INC.,+,+,,,+,,,Y,98.0%,77.6%,63.8%,88.9%,50.0%,ND
306746,NORTHSIDE TRUCK TRAINING INC.,194057,"NORTHSIDE TRUCK TRAINING INC., BRAMPTON",BRAMPTON,L6T 5G7,+,,,Y,98.0%,77.6%,63.8%,88.9%,50.0%,ND
306746,NORTHSIDE TRUCK TRAINING INC.,194057,"NORTHSIDE TRUCK TRAINING INC., BRAMPTON",BRAMPTON,L6T 5G7,AZ TRACTOR-TRAILER (MELT),Tractor-Trailer / Driver Licensing,AZ Class Truck Driver,Y,98.0%,77.6%,63.8%,88.9%,50.0%,ND
307127,9853227 CANADA INC.,194438,"COMMERCIAL DRIVER TRAINING CENTRE, TORONTO",TORONTO,M9W 0A2,+,,,Y,98.1%,80.8%,59.6%,93.0%,100.0%,ND
307127,9853227 CANADA INC.,194438,"COMMERCIAL DRIVER TRAINING CENTRE, TORONTO",TORONTO,M9W 0A2,TRACTOR-TRAILER (A),Tractor-Trailer / Driver Licensing,A Class Truck Driver,Y,98.1%,80.8%,59.6%,93.0%,100.0%,ND
307175,GLOBAL TRUCK ACADEMY LTD,+,+,,,+,,,Y,99.2%,80.6%,56.7%,91.5%,100.0%,ND
307175,GLOBAL TRUCK ACADEMY LTD,194486,"GLOBAL TRUCK ACADEMY LTD, CMPS-194486",BRAMPTON,L6T 5K1,+,,,Y,99.2%,80.6%,56.7%,91.5%,100.0%,ND
307175,GLOBAL TRUCK ACADEMY LTD,194486,"GLOBAL TRUCK ACADEMY LTD, CMPS-194486",BRAMPTON,L6T 5K1,COMMERCIAL TRUCK DRIVER TRAINING STANDARD (CLASS A),Tractor-Trailer / Driver Licensing,A Class Truck Driver,Y,99.2%,80.6%,56.7%,91.5%,100.0%,ND
307223,2619808 ONTARIO INC.,+,+,,,+,,,Y,97.6%,91.7%,72.2%,93.9%,100.0%,ND
307223,2619808 ONTARIO INC.,194533,"BLUE ROCK TRUCK TRAINING SCHOOL, BRAMPTON",BRAMPTON,L6S 5X2,+,,,Y,97.6%,91.7%,72.2%,93.9%,100.0%,ND
307223,2619808 ONTARIO INC.,194533,"BLUE ROCK TRUCK TRAINING SCHOOL, BRAMPTON",BRAMPTON,L6S 5X2,AZ TRACTOR-TRAILER (MELT),Tractor-Trailer / Driver Licensing,AZ Class Truck Driver,Y,97.6%,91.7%,72.2%,93.9%,100.0%,ND
307285,PEEL TRUCKING ACADEMY INC,+,+,,,+,,,Y,96.4%,93.8%,62.5%,90.0%,ND,ND
307285,PEEL TRUCKING ACADEMY INC,194596,"AMERICAN TRUCK DRIVING SCHOOL, BRAMPTON",BRAMPTON,L6S 5N6,+,,,Y,96.4%,93.8%,62.5%,90.0%,ND,ND
307285,PEEL TRUCKING ACADEMY INC,194596,"AMERICAN TRUCK DRIVING SCHOOL, BRAMPTON",BRAMPTON,L6S 5N6,TRACTOR-TRAILER MELT,Tractor-Trailer / Driver Licensing,A Class Truck Driver,Y,96.4%,93.8%,62.5%,90.0%,ND,ND
307864,ONTARIO ASSOCIATION OF JUNGIAN ANALYSTS,+,+,,,+,,,Y,ND,SS,SS,SS,ND,ND
307864,ONTARIO ASSOCIATION OF JUNGIAN ANALYSTS,195175,"ONTARIO ASSOCIATION OF JUNGIAN ANALYSTS TRAINING, TORONTO",TORONTO,M5G 1G7,+,,,Y,ND,SS,SS,SS,ND,ND
307864,ONTARIO ASSOCIATION OF JUNGIAN ANALYSTS,195175,"ONTARIO ASSOCIATION OF JUNGIAN ANALYSTS TRAINING, TORONTO",TORONTO,M5G 1G7,ONTARIO ASSOCIATION OF JUNGIAN ANALYSTS TRAINING PROGRAMME,Applied Arts and Science,Other - Applied Arts and Sciences,Y,ND,SS,SS,SS,ND,ND
307946,THE TORONTO INSTITUTE OF RELATIONAL PSYCHOTHERAPY LTD.,+,+,,,+,,,Y,ND,SS,SS,SS,ND,ND
307946,THE TORONTO INSTITUTE OF RELATIONAL PSYCHOTHERAPY LTD.,195257,"TORONTO INSTITUTE FOR RELATIONAL PSYCHOTHERAPY, CMPS-195257",TORONTO,M5R 2S2,+,,,Y,ND,SS,SS,SS,ND,ND
307946,THE TORONTO INSTITUTE OF RELATIONAL PSYCHOTHERAPY LTD.,195257,"TORONTO INSTITUTE FOR RELATIONAL PSYCHOTHERAPY, CMPS-195257",TORONTO,M5R 2S2,DIPLOMA IN RELATIONAL PSYCHOTHERAPY,Health Services,Other - Health Services,Y,ND,SS,SS,SS,ND,ND
308207,CANADIAN INSTITUTE FOR CHILD AND ADOLESCENT PSYCHOANALYTIC PSYCHOTHERAPY,+,+,,,+,,,Y,ND,SS,SS,SS,ND,ND
308207,CANADIAN INSTITUTE FOR CHILD AND ADOLESCENT PSYCHOANALYTIC PSYCHOTHERAPY,203845,"CICAPP, TORONTO",TORONTO,M6C 2P1,+,,,Y,ND,SS,SS,SS,ND,ND
308207,CANADIAN INSTITUTE FOR CHILD AND ADOLESCENT PSYCHOANALYTIC PSYCHOTHERAPY,203845,"CICAPP, TORONTO",TORONTO,M6C 2P1,CANADIAN INSTITUTE FOR CHILD & ADOLESCENT PSYCHOANALYTIC PSYCHOTHERAPY,Health Services,Other - Health Services,Y,ND,SS,SS,SS,ND,ND
308506,BAHCESEHIR ESL PROGRAMS CANADA INC.,+,+,,,+,,,Y,ND,SS,SS,SS,ND,ND
308506,BAHCESEHIR ESL PROGRAMS CANADA INC.,195837,"MENTORA COLLEGE OF BUSINESS AND TECHNOLOGY, TORONTO",TORONTO,M4Y 1Y5,+,,,Y,ND,SS,SS,SS,ND,ND
308506,BAHCESEHIR ESL PROGRAMS CANADA INC.,195837,"MENTORA COLLEGE OF BUSINESS AND TECHNOLOGY, TORONTO",TORONTO,M4Y 1Y5,BUSINESS ADMINISTRATION MANAGEMENT,Business,Business Administration,Y,ND,ND,ND,SS,ND,ND
308506,BAHCESEHIR ESL PROGRAMS CANADA INC.,195837,"MENTORA COLLEGE OF BUSINESS AND TECHNOLOGY, TORONTO",TORONTO,M4Y 1Y5,HOTEL MANAGEMENT,Business,Hospitality Administration/Management,Y,ND,SS,SS,SS,ND,ND
309124,PRO TECH DRIVERS INC.,+,+,,,+,,,Y,75.9%,72.7%,72.7%,91.7%,100.0%,ND
309124,PRO TECH DRIVERS INC.,196455,"PRO TECH DRIVERS INC., MISSISSAUGA",MISSISSAUGA,L4W 3X1,+,,,Y,75.9%,72.7%,72.7%,91.7%,100.0%,ND
309124,PRO TECH DRIVERS INC.,196455,"PRO TECH DRIVERS INC., MISSISSAUGA",MISSISSAUGA,L4W 3X1,AZ TRACTOR-TRAILER (MELT),Tractor-Trailer / Driver Licensing,AZ Class Truck Driver,Y,75.9%,72.7%,72.7%,91.7%,100.0%,ND
309964,2392904 ONTARIO INC.,+,+,,,+,,,Y,100.0%,88.1%,71.6%,91.8%,100.0%,ND
309964,2392904 ONTARIO INC.,197335,"GLOBAL TRUCK DRIVING SCHOOL, BRAMPTON",BRAMPTON,L6S 5Z4,+,,,Y,100.0%,88.1%,71.6%,91.8%,100.0%,ND
309964,2392904 ONTARIO INC.,197335,"GLOBAL TRUCK DRIVING SCHOOL, BRAMPTON",BRAMPTON,L6S 5Z4,AZ TRACTOR-TRAILER (MELT),Tractor-Trailer / Driver Licensing,AZ Class Truck Driver,Y,100.0%,88.1%,71.6%,91.8%,100.0%,ND
311104,NEW GEN TRUCK DRIVING SCHOOL LTD.,+,+,,,+,,,Y,98.4%,79.2%,53.9%,88.9%,100.0%,ND
311104,NEW GEN TRUCK DRIVING SCHOOL LTD.,198495,"NEW GEN TRUCK DRIVING SCHOOL LTD., BRAMPTON",BRAMPTON,L6W 3M2,+,,,Y,98.4%,78.1%,56.2%,87.8%,100.0%,ND
311104,NEW GEN TRUCK DRIVING SCHOOL LTD.,198495,"NEW GEN TRUCK DRIVING SCHOOL LTD., BRAMPTON",BRAMPTON,L6W 3M2,AZ TRACTOR-TRAILER (MELT),Tractor-Trailer / Driver Licensing,AZ Class Truck Driver,Y,98.4%,78.1%,56.2%,87.8%,100.0%,ND
311104,NEW GEN TRUCK DRIVING SCHOOL LTD.,204679,"NEW GEN TRUCK DRIVING SCHOOL LTD., WINDSOR",WINDSOR,N9G 6J3,+,,,Y,98.2%,81.6%,49.0%,91.1%,100.0%,ND
311104,NEW GEN TRUCK DRIVING SCHOOL LTD.,204679,"NEW GEN TRUCK DRIVING SCHOOL LTD., WINDSOR",WINDSOR,N9G 6J3,AZ TRACTOR-TRAILER (MELT),Tractor-Trailer / Driver Licensing,AZ Class Truck Driver,Y,98.2%,81.6%,49.0%,91.1%,100.0%,ND
311486,ALPHA CAREER COLLEGE INC.,+,+,,,+,,,Y,88.9%,91.7%,83.3%,92.3%,100.0%,ND
311486,ALPHA CAREER COLLEGE INC.,198877,"ALPHA LEARNING CENTER, NORTH YORK",NORTH YORK,M3J 2G6,+,,,Y,88.9%,91.7%,83.3%,92.3%,100.0%,ND
311486,ALPHA CAREER COLLEGE INC.,198877,"ALPHA LEARNING CENTER, NORTH YORK",NORTH YORK,M3J 2G6,PERSONAL SUPPORT WORKER,Health Services,Personal Support Worker/Personal Attendant,Y,88.9%,91.7%,83.3%,92.3%,100.0%,ND
311844,CHALLENGER MOTOR FREIGHT INC.,+,+,,,+,,,Y,91.5%,90.0%,76.0%,84.0%,100.0%,ND
311844,CHALLENGER MOTOR FREIGHT INC.,199255,"CHALLENGER TRANSPORTATION TRAINING ACADEMY, CAMBRIDGE",CAMBRIDGE,N3E 1B7,+,,,Y,91.5%,90.0%,76.0%,84.0%,100.0%,ND
311844,CHALLENGER MOTOR FREIGHT INC.,199255,"CHALLENGER TRANSPORTATION TRAINING ACADEMY, CAMBRIDGE",CAMBRIDGE,N3E 1B7,TRACTOR-TRAILER (AZ),Tractor-Trailer / Driver Licensing,AZ Class Truck Driver,Y,90.3%,89.2%,78.4%,83.8%,100.0%,ND
311844,CHALLENGER MOTOR FREIGHT INC.,199255,"CHALLENGER TRANSPORTATION TRAINING ACADEMY, CAMBRIDGE",CAMBRIDGE,N3E 1B7,TRACTOR-TRAILER MELT,Tractor-Trailer / Driver Licensing,A Class Truck Driver,Y,95.5%,92.3%,69.2%,84.6%,ND,ND
312386,2649488 ONTARIO INC.,+,+,,,+,,,Y,91.8%,85.7%,64.3%,84.2%,ND,ND
312386,2649488 ONTARIO INC.,199817,"COMMERCIAL TRUCK TRAINING ACADEMY, MISSISSAUGA",MISSISSAUGA,L4W 1J3,+,,,Y,91.8%,85.7%,64.3%,84.2%,ND,ND
312386,2649488 ONTARIO INC.,199817,"COMMERCIAL TRUCK TRAINING ACADEMY, MISSISSAUGA",MISSISSAUGA,L4W 1J3,COMMERCIAL CLASS A ENTRY-LEVEL TRACTOR-TRAILER DRIVER TRAINING,Tractor-Trailer / Driver Licensing,A Class Truck Driver,Y,91.8%,85.7%,64.3%,84.2%,ND,ND
313146,10985775 CANADA LTD.,200597,"ELITE TRUCK DRIVING ACADEMY, CMPS-200597",BRAMPTON,L6W 1X8,+,,,Y,88.9%,81.6%,53.9%,88.9%,100.0%,ND
313146,10985775 CANADA LTD.,200597,"ELITE TRUCK DRIVING ACADEMY, CMPS-200597",BRAMPTON,L6W 1X8,AZ TRACTOR-TRAILER (MELT),Tractor-Trailer / Driver Licensing,AZ Class Truck Driver,Y,88.9%,81.6%,53.9%,88.9%,100.0%,ND
313225,2451068 ONTARIO LTD.,+,+,,,+,,,Y,39.1%,76.9%,30.8%,85.7%,100.0%,ND
313225,2451068 ONTARIO LTD.,200676,"CANADIAN SCHOOL OF SKILLED TRADES, WINDSOR",WINDSOR,N8X 5C2,+,,,Y,39.1%,76.9%,30.8%,85.7%,100.0%,ND
313225,2451068 ONTARIO LTD.,200676,"CANADIAN SCHOOL OF SKILLED TRADES, WINDSOR",WINDSOR,N8X 5C2,TRACTOR-TRAILER A,Tractor-Trailer / Driver Licensing,A Class Truck Driver,Y,39.1%,76.9%,30.8%,85.7%,100.0%,ND
316148,RUDOLF STEINER COLLEGE CANADA FOR ANTHROPOSOPHY * WALDORF EDUCATION * ARTS,+,+,,,+,,,Y,100.0%,75.0%,75.0%,75.0%,ND,ND
316148,RUDOLF STEINER COLLEGE CANADA FOR ANTHROPOSOPHY * WALDORF EDUCATION * ARTS,203747,"RUDOLF STEINER COLLEGE CANADA FOR ANTHROPOSOPHY * WALDORF EDUCATION * ARTS, RUDOLF STEINER COLLEGE CANADA FOR ANTHROPOSOPHY*WA",THORNHILL,L4J 8C7,+,,,Y,100.0%,75.0%,75.0%,75.0%,ND,ND
316148,RUDOLF STEINER COLLEGE CANADA FOR ANTHROPOSOPHY * WALDORF EDUCATION * ARTS,203747,"RUDOLF STEINER COLLEGE CANADA FOR ANTHROPOSOPHY * WALDORF EDUCATION * ARTS, RUDOLF STEINER COLLEGE CANADA FOR ANTHROPOSOPHY*WA",THORNHILL,L4J 8C7,WALDORF EARLY CHILDHOOD TEACHER EDUCATION FULL-TIME,Human Services,Other - Human Services,Y,ND,SS,SS,SS,ND,ND
316148,RUDOLF STEINER COLLEGE CANADA FOR ANTHROPOSOPHY * WALDORF EDUCATION * ARTS,203747,"RUDOLF STEINER COLLEGE CANADA FOR ANTHROPOSOPHY * WALDORF EDUCATION * ARTS, RUDOLF STEINER COLLEGE CANADA FOR ANTHROPOSOPHY*WA",THORNHILL,L4J 8C7,WALDORF TEACHER EDUCATION FULL-TIME,Human Services,Educator,Y,100.0%,66.7%,66.7%,66.7%,ND,ND
316261,SAFEWAY TRUCK DRIVING SCHOOL INC.,+,+,,,+,,,Y,100.0%,92.3%,84.6%,100.0%,100.0%,ND
316261,SAFEWAY TRUCK DRIVING SCHOOL INC.,203905,"SAFEWAY TRUCK DRIVING SCHOOL INC., MISSISSAUGA",MISSISSAUGA,L5S 1V9,+,,,Y,100.0%,92.3%,84.6%,100.0%,100.0%,ND
316261,SAFEWAY TRUCK DRIVING SCHOOL INC.,203905,"SAFEWAY TRUCK DRIVING SCHOOL INC., MISSISSAUGA",MISSISSAUGA,L5S 1V9,AZ TRACTOR-TRAILER (MELT),Tractor-Trailer / Driver Licensing,AZ Class Truck Driver,Y,100.0%,92.3%,84.6%,100.0%,100.0%,ND
316270,RJ TRUCK DRIVING SCHOOL LTD.,+,+,,,+,,,Y,87.7%,78.6%,56.4%,81.1%,ND,ND
316270,RJ TRUCK DRIVING SCHOOL LTD.,203877,"RJ TRUCK DRIVING SCHOOL LTD., CMPS-203877",MISSISSAUGA,L5S 1V9,+,,,Y,87.9%,78.6%,56.4%,81.1%,ND,ND
316270,RJ TRUCK DRIVING SCHOOL LTD.,203877,"RJ TRUCK DRIVING SCHOOL LTD., CMPS-203877",MISSISSAUGA,L5S 1V9,AZ TRACTOR-TRAILER (MELT),Tractor-Trailer / Driver Licensing,AZ Class Truck Driver,Y,87.9%,78.6%,56.4%,81.1%,ND,ND
316270,RJ TRUCK DRIVING SCHOOL LTD.,205727,"RJ TRUCK DRIVING SCHOOL LTD., CAMBRIDGE",CAMBRIDGE,N1R 8N7,+,,,Y,SS,ND,ND,ND,ND,ND
316270,RJ TRUCK DRIVING SCHOOL LTD.,205727,"RJ TRUCK DRIVING SCHOOL LTD., CAMBRIDGE",CAMBRIDGE,N1R 8N7,AZ TRACTOR-TRAILER (MELT),Tractor-Trailer / Driver Licensing,AZ Class Truck Driver,Y,SS,ND,ND,ND,ND,ND
316362,BAKTASH DIRECT INC.,+,+,,,+,,,Y,ND,SS,SS,SS,ND,ND
316362,BAKTASH DIRECT INC.,203952,"CLI COLLEGE OF BUSINESS HEALTH & TECHNOLOGY (SCARBOROUGH), (SCARBOROUGH)",TORONTO,M1R 5G4,+,,,Y,ND,SS,SS,SS,ND,ND
316362,BAKTASH DIRECT INC.,203952,"CLI COLLEGE OF BUSINESS HEALTH & TECHNOLOGY (SCARBOROUGH), (SCARBOROUGH)",TORONTO,M1R 5G4,NACC PSW 2015,Health Services,Personal Support Worker/ Personal Attendant (NACC),Y,ND,SS,SS,SS,ND,ND
316370,NAVJOT TRANSPORTATION INC.,+,+,,,+,,,Y,23.0%,90.2%,63.9%,92.4%,75.0%,ND
316370,NAVJOT TRANSPORTATION INC.,203912,"TAAZ TRUCK DRIVING AND FORKLIFT SCHOOL, BRAMPTON",BRAMPTON,L6W 4V7,+,,,Y,23.0%,90.2%,63.9%,92.4%,75.0%,ND
316370,NAVJOT TRANSPORTATION INC.,203912,"TAAZ TRUCK DRIVING AND FORKLIFT SCHOOL, BRAMPTON",BRAMPTON,L6W 4V7,TRACTOR TRAILER A CLASS,Tractor-Trailer / Driver Licensing,A Class Truck Driver,Y,23.0%,90.2%,63.9%,92.4%,75.0%,ND
316460,NEW BMG TRUCK DRIVING SCHOOL LTD.,+,+,,,+,,,Y,100.0%,66.7%,41.7%,100.0%,ND,ND
316460,NEW BMG TRUCK DRIVING SCHOOL LTD.,204002,"NEW BMG TRUCK DRIVING SCHOOL LTD., MISSISSAUGA",MISSISSAUGA,L4T 3C4,+,,,Y,100.0%,66.7%,41.7%,100.0%,ND,ND
316460,NEW BMG TRUCK DRIVING SCHOOL LTD.,204002,"NEW BMG TRUCK DRIVING SCHOOL LTD., MISSISSAUGA",MISSISSAUGA,L4T 3C4,AZ TRACTOR-TRAILER (MELT),Tractor-Trailer / Driver Licensing,AZ Class Truck Driver,Y,100.0%,66.7%,41.7%,100.0%,ND,ND
316481,BRIGHT FUTURE DRIVING SCHOOL INC,+,+,,,+,,,Y,100.0%,87.5%,62.5%,96.6%,100.0%,ND
316481,BRIGHT FUTURE DRIVING SCHOOL INC,204086,"BRIGHT FUTURE DRIVING SCHOOL INC., BRAMPTON",BRAMPTON,L6S 0C9,+,,,Y,100.0%,87.5%,62.5%,96.6%,100.0%,ND
316481,BRIGHT FUTURE DRIVING SCHOOL INC,204086,"BRIGHT FUTURE DRIVING SCHOOL INC., BRAMPTON",BRAMPTON,L6S 0C9,COMMERCIAL TRUCK DRIVER TRAINING STANDARD (CLASS A),Tractor-Trailer / Driver Licensing,A Class Truck Driver,Y,100.0%,87.5%,62.5%,96.6%,100.0%,ND
316489,AMBER TRUCKING COMPANY LTD.,+,+,,,+,,,Y,76.9%,91.7%,58.3%,100.0%,ND,ND
316489,AMBER TRUCKING COMPANY LTD.,204038,"STAR TRUCK AND CAR DRIVING SCHOOL, MISSISSAUGA",MISSISSAUGA,L5S 1P3,+,,,Y,76.9%,91.7%,58.3%,100.0%,ND,ND
316489,AMBER TRUCKING COMPANY LTD.,204038,"STAR TRUCK AND CAR DRIVING SCHOOL, MISSISSAUGA",MISSISSAUGA,L5S 1P3,TRACTOR-TRAILER TRAINING PROGRAM,Tractor-Trailer / Driver Licensing,A Class Truck Driver,Y,76.9%,91.7%,58.3%,100.0%,ND,ND
316501,2425471 ONTARIO INC.,+,+,,,+,,,Y,56.6%,78.8%,63.6%,97.0%,100.0%,ND
316501,2425471 ONTARIO INC.,204039,"SANDHU TRUCK DRIVING SCHOOL, BRAMPTON",BRAMPTON,L6W 4V4,+,,,Y,56.6%,78.8%,63.6%,97.0%,100.0%,ND
316501,2425471 ONTARIO INC.,204039,"SANDHU TRUCK DRIVING SCHOOL, BRAMPTON",BRAMPTON,L6W 4V4,TRACTOR TRAILER A,Tractor-Trailer / Driver Licensing,A Class Truck Driver,Y,56.6%,78.8%,63.6%,97.0%,100.0%,ND
316507,1978 TRUCK ACADEMY INC.,+,+,,,+,,,Y,71.1%,85.7%,54.1%,98.1%,100.0%,ND
316507,1978 TRUCK ACADEMY INC.,204033,"MD TRUCK ACADEMY, MISSISSAUGA",MISSISSAUGA,L4Z 1X2,+,,,Y,71.1%,85.7%,54.1%,98.1%,100.0%,ND
316507,1978 TRUCK ACADEMY INC.,204033,"MD TRUCK ACADEMY, MISSISSAUGA",MISSISSAUGA,L4Z 1X2,AZ TRACTOR-TRAILER (MELT),Tractor-Trailer / Driver Licensing,AZ Class Truck Driver,Y,71.1%,85.7%,54.1%,98.1%,100.0%,ND
316517,2615362 ONTARIO INC.,+,+,,,+,,,Y,27.7%,53.3%,46.7%,80.0%,ND,ND
316517,2615362 ONTARIO INC.,204062,"ARAZ TRUCKING SCHOOL, RICHMOND HILL",RICHMOND HILL,L4B 3K8,+,,,Y,27.7%,53.3%,46.7%,80.0%,ND,ND
316517,2615362 ONTARIO INC.,204062,"ARAZ TRUCKING SCHOOL, RICHMOND HILL",RICHMOND HILL,L4B 3K8,AZ TRACTOR-TRAILER (MELT),Tractor-Trailer / Driver Licensing,AZ Class Truck Driver,Y,27.7%,53.3%,46.7%,80.0%,ND,ND
316520,SPARK HEALTH AND BUSINESS ACADEMY INC.,+,+,,,+,,,Y,ND,SS,SS,SS,ND,ND
316520,SPARK HEALTH AND BUSINESS ACADEMY INC.,204050,"SPARK HEALTH & BUSINESS ACADEMY, MISSISSAUGA",MISSISSAUGA,L5N 6P9,+,,,Y,ND,SS,SS,SS,ND,ND
316520,SPARK HEALTH AND BUSINESS ACADEMY INC.,204050,"SPARK HEALTH & BUSINESS ACADEMY, MISSISSAUGA",MISSISSAUGA,L5N 6P9,INTRA-ORAL DENTAL ASSISTING LEVELS 1 & 2,Health Services,Intra-Oral Dental Assistant,Y,ND,SS,SS,SS,ND,ND
316582,2579906 ONTARIO INC.,+,+,,,+,,,Y,100.0%,81.8%,63.6%,74.4%,ND,ND
316582,2579906 ONTARIO INC.,204281,"CROWN TRUCK DRIVING ACADEMY, BRAMPTON",BRAMPTON,L6T 5V9,+,,,Y,100.0%,81.8%,63.6%,74.4%,ND,ND
316582,2579906 ONTARIO INC.,204281,"CROWN TRUCK DRIVING ACADEMY, BRAMPTON",BRAMPTON,L6T 5V9,TRACTOR-TRAILER DRIVER PROGRAM,Tractor-Trailer / Driver Licensing,A Class Truck Driver,Y,100.0%,81.8%,63.6%,74.4%,ND,ND
316588,11609092 CANADA INC.,+,+,,,+,,,Y,62.2%,95.6%,77.8%,98.0%,100.0%,ND
316588,11609092 CANADA INC.,204167,"FAMOUS TRUCK DRIVING SCHOOL, BRAMPTON",BRAMPTON,L6W 2B6,+,,,Y,62.2%,95.6%,77.8%,98.0%,100.0%,ND
316588,11609092 CANADA INC.,204167,"FAMOUS TRUCK DRIVING SCHOOL, BRAMPTON",BRAMPTON,L6W 2B6,AZ TRACTOR-TRAILER (MELT),Tractor-Trailer / Driver Licensing,AZ Class Truck Driver,Y,62.2%,95.6%,77.8%,98.0%,100.0%,ND
316596,AXIS TRANSPORTATION TRAINING CENTRE LTD.,+,+,,,+,,,Y,92.1%,79.2%,64.9%,78.3%,100.0%,ND
316596,AXIS TRANSPORTATION TRAINING CENTRE LTD.,204144,"AXIS TRANSPORTATION TRAINING CENTRE LTD., BRAMPTON",BRAMPTON,L4T 1A4,+,,,Y,92.1%,79.2%,64.9%,78.3%,100.0%,ND
316596,AXIS TRANSPORTATION TRAINING CENTRE LTD.,204144,"AXIS TRANSPORTATION TRAINING CENTRE LTD., BRAMPTON",BRAMPTON,L4T 1A4,AZ TRACTOR-TRAILER (MELT),Tractor-Trailer / Driver Licensing,AZ Class Truck Driver,Y,92.1%,79.2%,64.9%,78.3%,100.0%,ND
316618,DGN TRUCK AND FORKLIFT DRIVING SCHOOL LTD.,+,+,,,+,,,Y,94.9%,75.0%,61.5%,86.8%,100.0%,ND
316618,DGN TRUCK AND FORKLIFT DRIVING SCHOOL LTD.,204185,"HIGH WAY TRUCK AND FORKLIFT DRIVING SCHOOL, MISSISSAUGA",MISSISSAUGA,L5S 1L9,+,,,Y,94.9%,75.0%,61.5%,86.8%,100.0%,ND
316618,DGN TRUCK AND FORKLIFT DRIVING SCHOOL LTD.,204185,"HIGH WAY TRUCK AND FORKLIFT DRIVING SCHOOL, MISSISSAUGA",MISSISSAUGA,L5S 1L9,AZ TRACTOR-TRAILER (MELT),Tractor-Trailer / Driver Licensing,AZ Class Truck Driver,Y,94.9%,75.0%,61.5%,86.8%,100.0%,ND
316619,ACCURATE TRUCK ACADEMY INC.,+,+,,,+,,,Y,60.0%,60.0%,60.0%,80.0%,100.0%,ND
316619,ACCURATE TRUCK ACADEMY INC.,204196,"ACCURATE TRUCK ACADEMY INC., MISSISSAUGA",MISSISSAUGA,L4T 3X1,+,,,Y,60.0%,60.0%,60.0%,80.0%,100.0%,ND
316619,ACCURATE TRUCK ACADEMY INC.,204196,"ACCURATE TRUCK ACADEMY INC., MISSISSAUGA",MISSISSAUGA,L4T 3X1,AZ TRACTOR-TRAILER (MELT),Tractor-Trailer / Driver Licensing,AZ Class Truck Driver,Y,60.0%,60.0%,60.0%,80.0%,100.0%,ND
316620,ACADÉMIE SHANTHALY INC.,+,+,,,+,,,Y,ND,83.3%,83.3%,100.0%,100.0%,ND
316620,ACADÉMIE SHANTHALY INC.,204195,"ACADÉMIE SHANTHALY INC., EMBRUN",EMBRUN,K0A 1W0,+,,,Y,ND,83.3%,83.3%,100.0%,100.0%,ND
316620,ACADÉMIE SHANTHALY INC.,204195,"ACADÉMIE SHANTHALY INC., EMBRUN",EMBRUN,K0A 1W0,HAIRSTYLING,Service Trade,Hairstylist,Y,ND,83.3%,83.3%,100.0%,100.0%,ND
316633,UDRIVE TRUCK AND FORKLIFT DRIVING SCHOOL LTD.,+,+,,,+,,,Y,97.7%,84.5%,59.1%,87.7%,85.7%,ND
316633,UDRIVE TRUCK AND FORKLIFT DRIVING SCHOOL LTD.,204220,"SUN RISE TRUCK TRAINING CENTRE, CAMBRIDGE",CAMBRIDGE,N1R 7K7,+,,,Y,97.7%,84.5%,59.1%,87.7%,85.7%,ND
316633,UDRIVE TRUCK AND FORKLIFT DRIVING SCHOOL LTD.,204220,"SUN RISE TRUCK TRAINING CENTRE, CAMBRIDGE",CAMBRIDGE,N1R 7K7,AZ TRACTOR TRAILER (MELT),Tractor-Trailer / Driver Licensing,AZ Class Truck Driver,Y,97.7%,84.5%,59.1%,87.7%,85.7%,ND
316641,NATIONAL TRUCK DRIVING SCHOOL LIMITED,+,+,,,+,,,Y,96.6%,81.6%,60.5%,86.0%,100.0%,ND
316641,NATIONAL TRUCK DRIVING SCHOOL LIMITED,204206,"NATIONAL TRUCK DRIVING SCHOOL LIMITED, BRAMPTON",BRAMPTON,L6T 4L6,+,,,Y,96.6%,81.6%,60.5%,86.0%,100.0%,ND
316641,NATIONAL TRUCK DRIVING SCHOOL LIMITED,204206,"NATIONAL TRUCK DRIVING SCHOOL LIMITED, BRAMPTON",BRAMPTON,L6T 4L6,AZ TRACTOR-TRAILER (MELT),Tractor-Trailer / Driver Licensing,AZ Class Truck Driver,Y,96.6%,81.6%,60.5%,86.0%,100.0%,ND
316686,SAFETY FIRST TRUCK DRIVER ACADEMY INC.,+,+,,,+,,,Y,98.8%,82.1%,64.3%,88.9%,100.0%,ND
316686,SAFETY FIRST TRUCK DRIVER ACADEMY INC.,204262,"SAFETY FIRST TRUCK DRIVER ACADEMY INC., MISSISSAUGA",MISSISSAUGA,L4T 0A7,+,,,Y,98.8%,82.1%,64.3%,88.9%,100.0%,ND
316686,SAFETY FIRST TRUCK DRIVER ACADEMY INC.,204262,"SAFETY FIRST TRUCK DRIVER ACADEMY INC., MISSISSAUGA",MISSISSAUGA,L4T 0A7,AZ TRACTOR-TRAILER (MELT),Tractor-Trailer / Driver Licensing,AZ Class Truck Driver,Y,98.8%,82.1%,64.3%,88.9%,100.0%,ND
316688,TTDS-CAMBRIDGE INC.,+,+,,,+,,,Y,27.3%,95.7%,69.6%,84.0%,33.3%,ND
316688,TTDS-CAMBRIDGE INC.,204248,"TORONTO TRUCK DRIVING SCHOOL - CAMBRIDGE, CAMBRIDGE",CAMBRIDGE,N1T 2E3,+,,,Y,31.2%,95.7%,69.6%,84.0%,33.3%,ND
316688,TTDS-CAMBRIDGE INC.,204248,"TORONTO TRUCK DRIVING SCHOOL - CAMBRIDGE, CAMBRIDGE",CAMBRIDGE,N1T 2E3,MELT TRACTOR TRAILER TRAINING PROGRAM,Tractor-Trailer / Driver Licensing,Other Driver's License Training,Y,31.2%,95.7%,69.6%,84.0%,33.3%,ND
316688,TTDS-CAMBRIDGE INC.,205385,"TTDS - OTTAWA INC., OTTAWA",OTTAWA,K1G 4K7,+,,,Y,0.0%,ND,ND,ND,ND,ND
316688,TTDS-CAMBRIDGE INC.,205385,"TTDS - OTTAWA INC., OTTAWA",OTTAWA,K1G 4K7,MELT TRACTOR TRAILER TRAINING PROGRAM,Tractor-Trailer / Driver Licensing,Other Driver's License Training,Y,0.0%,ND,ND,ND,ND,ND
316717,LONDON TRUCK AND FORKLIFT DRIVING SCHOOL INC.,+,+,,,+,,,Y,96.7%,83.6%,69.1%,95.2%,66.7%,ND
316717,LONDON TRUCK AND FORKLIFT DRIVING SCHOOL INC.,204299,"LONDON TRUCK AND FORKLIFT DRIVING SCHOOL INC., LONDON",LONDON,N5V 1T9,+,,,Y,96.7%,83.3%,68.5%,95.1%,66.7%,ND
316717,LONDON TRUCK AND FORKLIFT DRIVING SCHOOL INC.,204299,"LONDON TRUCK AND FORKLIFT DRIVING SCHOOL INC., LONDON",LONDON,N5V 1T9,AZ TRACTOR-TRAILER (MELT),Tractor-Trailer / Driver Licensing,AZ Class Truck Driver,Y,96.7%,83.3%,68.5%,95.1%,66.7%,ND
316717,LONDON TRUCK AND FORKLIFT DRIVING SCHOOL INC.,205078,"LONDON TRUCK AND FORKLIFT DRIVING SCHOOL INC., BRANTFORD",BRANTFORD,N3P 1N6,+,,,Y,ND,SS,SS,SS,ND,ND
316717,LONDON TRUCK AND FORKLIFT DRIVING SCHOOL INC.,205078,"LONDON TRUCK AND FORKLIFT DRIVING SCHOOL INC., BRANTFORD",BRANTFORD,N3P 1N6,AZ TRACTOR-TRAILER (MELT),Tractor-Trailer / Driver Licensing,AZ Class Truck Driver,Y,ND,SS,SS,SS,ND,ND
316729,FLIGHT 6IX INCORPORATED,+,+,,,+,,,Y,ND,SS,SS,SS,ND,ND
316729,FLIGHT 6IX INCORPORATED,204320,"GUELPH FLIGHT CENTRE, GUELPH",GUELPH,N1H 6H8,+,,,Y,ND,SS,SS,SS,ND,ND
316729,FLIGHT 6IX INCORPORATED,204320,"GUELPH FLIGHT CENTRE, GUELPH",GUELPH,N1H 6H8,PROFESSIONAL PILOT PROGRAM,Flight Training,Commercial Pilot,Y,ND,SS,SS,SS,ND,ND
316734,11445278 CANADA INC.,+,+,,,+,,,Y,91.7%,50.0%,50.0%,50.0%,ND,ND
316734,11445278 CANADA INC.,204306,"INSPIRE TRUCK DRIVING ACADEMY, ETOBICOKE",ETOBICOKE,M9W 1P1,+,,,Y,91.7%,50.0%,50.0%,50.0%,ND,ND
316734,11445278 CANADA INC.,204306,"INSPIRE TRUCK DRIVING ACADEMY, ETOBICOKE",ETOBICOKE,M9W 1P1,AZ TRACTOR-TRAILER (MELT),Tractor-Trailer / Driver Licensing,AZ Class Truck Driver,Y,91.7%,50.0%,50.0%,50.0%,ND,ND
316747,NEW METHOD TRUCK DRIVING SCHOOL LTD.,+,+,,,+,,,Y,97.5%,75.0%,62.5%,100.0%,ND,ND
316747,NEW METHOD TRUCK DRIVING SCHOOL LTD.,204361,"NEW METHOD TRUCK DRIVING SCHOOL LTD., BRAMPTON",BRAMPTON,L6W 4P9,+,,,Y,97.5%,75.0%,62.5%,100.0%,ND,ND
316747,NEW METHOD TRUCK DRIVING SCHOOL LTD.,204361,"NEW METHOD TRUCK DRIVING SCHOOL LTD., BRAMPTON",BRAMPTON,L6W 4P9,AZ TRACTOR-TRAILER (MELT),Tractor-Trailer / Driver Licensing,AZ Class Truck Driver,Y,97.5%,75.0%,62.5%,100.0%,ND,ND
316753,FREEWAY TRUCK & FORKLIFT TRAINING ACADEMY INC.,+,+,,,+,,,Y,100.0%,87.2%,70.4%,94.6%,100.0%,ND
316753,FREEWAY TRUCK & FORKLIFT TRAINING ACADEMY INC.,204330,"FREEWAY TRUCK & FORKLIFT TRAINING ACADEMY INC., MISSISSAUGA",MISSISSAUGA,L4Z 1P1,+,,,Y,100.0%,87.2%,70.4%,94.6%,100.0%,ND
316753,FREEWAY TRUCK & FORKLIFT TRAINING ACADEMY INC.,204330,"FREEWAY TRUCK & FORKLIFT TRAINING ACADEMY INC., MISSISSAUGA",MISSISSAUGA,L4Z 1P1,AZ TRACTOR-TRAILER (MELT),Tractor-Trailer / Driver Licensing,AZ Class Truck Driver,Y,100.0%,87.2%,70.4%,94.6%,100.0%,ND
316771,NEW HORIZONS TRUCK DRIVING SCHOOL INC.,204362,"NEW HORIZONS TRUCK DRIVING SCHOOL INC., MISSISSAUGA",MISSISSAUGA,L5S 1V6,+,,,Y,8.4%,69.0%,51.7%,72.4%,100.0%,ND
316771,NEW HORIZONS TRUCK DRIVING SCHOOL INC.,204362,"NEW HORIZONS TRUCK DRIVING SCHOOL INC., MISSISSAUGA",MISSISSAUGA,L5S 1V6,AZ TRACTOR-TRAILER (MELT),Tractor-Trailer / Driver Licensing,AZ Class Truck Driver,Y,8.4%,69.0%,51.7%,72.4%,100.0%,ND
316793,9696369 CANADA INC.,+,+,,,+,,,Y,84.5%,90.4%,65.4%,93.0%,100.0%,ND
316793,9696369 CANADA INC.,204381,"CAN-MANEUVERS TRUCK TRAINING CENTRE, BRAMPTON",BRAMPTON,L6T 5A2,+,,,Y,84.5%,90.4%,65.4%,93.0%,100.0%,ND
316793,9696369 CANADA INC.,204381,"CAN-MANEUVERS TRUCK TRAINING CENTRE, BRAMPTON",BRAMPTON,L6T 5A2,AZ TRACTOR-TRAILER (MELT),Tractor-Trailer / Driver Licensing,AZ Class Truck Driver,Y,84.5%,90.4%,65.4%,93.0%,100.0%,ND
316828,S.I.S. TRUCK DRIVING SCHOOL INC.,+,+,,,+,,,Y,100.0%,87.5%,66.7%,96.3%,100.0%,ND
316828,S.I.S. TRUCK DRIVING SCHOOL INC.,204408,"S.I.S. TRUCK DRIVING SCHOOL INC., TORONTO",TORONTO,M9W 6N5,+,,,Y,100.0%,87.5%,66.7%,96.3%,100.0%,ND
316828,S.I.S. TRUCK DRIVING SCHOOL INC.,204408,"S.I.S. TRUCK DRIVING SCHOOL INC., TORONTO",TORONTO,M9W 6N5,AZ TRACTOR-TRAILER (MELT),Tractor-Trailer / Driver Licensing,AZ Class Truck Driver,Y,100.0%,87.5%,66.7%,96.3%,100.0%,ND
316836,11151479 CANADA INC.,+,+,,,+,,,Y,100.0%,75.0%,75.0%,100.0%,ND,ND
316836,11151479 CANADA INC.,204458,"MELT TRUCK TRAINING SCHOOL, MISSISSAUGA",MISSISSAUGA,L5T 1J9,+,,,Y,100.0%,75.0%,75.0%,100.0%,ND,ND
316836,11151479 CANADA INC.,204458,"MELT TRUCK TRAINING SCHOOL, MISSISSAUGA",MISSISSAUGA,L5T 1J9,AZ TRACTOR-TRAILER (MELT),Tractor-Trailer / Driver Licensing,AZ Class Truck Driver,Y,100.0%,75.0%,75.0%,100.0%,ND,ND
316843,PILOT TRUCK TRAINING ACADEMY LTD.,+,+,,,+,,,Y,97.3%,73.7%,47.4%,90.9%,100.0%,ND
316843,PILOT TRUCK TRAINING ACADEMY LTD.,204432,"PILOT TRUCK TRAINING ACADEMY LTD., HAMILTON",HAMILTON,L8E 4H6,+,,,Y,97.3%,73.7%,47.4%,90.9%,100.0%,ND
316843,PILOT TRUCK TRAINING ACADEMY LTD.,204432,"PILOT TRUCK TRAINING ACADEMY LTD., HAMILTON",HAMILTON,L8E 4H6,AZ TRACTOR-TRAILER (MELT),Tractor-Trailer / Driver Licensing,AZ Class Truck Driver,Y,97.3%,73.7%,47.4%,90.9%,100.0%,ND
316851,MANGAT & BROTHERS LOGISTICS INC.,+,+,,,+,,,Y,91.9%,81.5%,55.6%,90.3%,ND,ND
316851,MANGAT & BROTHERS LOGISTICS INC.,204448,"GREEN TRUCK DRIVING SCHOOL, BRAMPTON",BRAMPTON,L6W 4N7,+,,,Y,91.9%,81.5%,55.6%,90.3%,ND,ND
316851,MANGAT & BROTHERS LOGISTICS INC.,204448,"GREEN TRUCK DRIVING SCHOOL, BRAMPTON",BRAMPTON,L6W 4N7,AZ TRACTOR-TRAILER (MELT),Tractor-Trailer / Driver Licensing,AZ Class Truck Driver,Y,91.9%,81.5%,55.6%,90.3%,ND,ND
316856,STAR CANADIAN TRUCK TRAINING SCHOOL INC.,+,+,,,+,,,Y,100.0%,83.7%,60.5%,80.0%,100.0%,ND
316856,STAR CANADIAN TRUCK TRAINING SCHOOL INC.,204481,"STAR CANADIAN TRUCK TRAINING SCHOOL INC., MISSISSAUGA",MISSISSAUGA,L5S 1V4,+,,,Y,100.0%,83.7%,60.5%,80.0%,100.0%,ND
316856,STAR CANADIAN TRUCK TRAINING SCHOOL INC.,204481,"STAR CANADIAN TRUCK TRAINING SCHOOL INC., MISSISSAUGA",MISSISSAUGA,L5S 1V4,AZ TRACTOR-TRAILER (MELT),Tractor-Trailer / Driver Licensing,AZ Class Truck Driver,Y,100.0%,83.7%,60.5%,80.0%,100.0%,ND
316857,NB BROS LTD.,+,+,,,+,,,Y,100.0%,69.8%,37.2%,80.4%,100.0%,ND
316857,NB BROS LTD.,204479,"A2Z DRIVING SCHOOL, KITCHENER",KITCHENER,N2E 1Y6,+,,,Y,100.0%,69.8%,37.2%,80.4%,100.0%,ND
316857,NB BROS LTD.,204479,"A2Z DRIVING SCHOOL, KITCHENER",KITCHENER,N2E 1Y6,AZ TRACTOR-TRAILER (MELT),Tractor-Trailer / Driver Licensing,AZ Class Truck Driver,Y,100.0%,69.8%,37.2%,80.4%,100.0%,ND
316868,ADVISE TRUCKING ACADEMY INC.,+,+,,,+,,,Y,96.1%,82.8%,68.8%,92.6%,100.0%,ND
316868,ADVISE TRUCKING ACADEMY INC.,204504,"ADVISE TRUCKING ACADEMY INC., BRAMPTON",BRAMPTON,L6S 6K8,+,,,Y,96.1%,82.8%,68.8%,92.6%,100.0%,ND
316868,ADVISE TRUCKING ACADEMY INC.,204504,"ADVISE TRUCKING ACADEMY INC., BRAMPTON",BRAMPTON,L6S 6K8,AZ TRACTOR-TRAILER (MELT),Tractor-Trailer / Driver Licensing,AZ Class Truck Driver,Y,96.1%,82.8%,68.8%,92.6%,100.0%,ND
316869,AIMS PROFESSIONAL TRUCK TRAINING ACADEMY INC.,+,+,,,+,,,Y,100.0%,72.7%,45.5%,100.0%,ND,ND
316869,AIMS PROFESSIONAL TRUCK TRAINING ACADEMY INC.,204510,"AIMS PROFESSIONAL TRUCK TRAINING ACADEMY INC., ETOBICOKE",ETOBICOKE,M8Z 2L7,+,,,Y,100.0%,72.7%,45.5%,100.0%,ND,ND
316869,AIMS PROFESSIONAL TRUCK TRAINING ACADEMY INC.,204510,"AIMS PROFESSIONAL TRUCK TRAINING ACADEMY INC., ETOBICOKE",ETOBICOKE,M8Z 2L7,AZ TRACTOR-TRAILER (MELT),Tractor-Trailer / Driver Licensing,AZ Class Truck Driver,Y,100.0%,72.7%,45.5%,100.0%,ND,ND
316885,2146798 ONTARIO INC.,+,+,,,+,,,Y,98.1%,76.0%,52.0%,96.2%,ND,ND
316885,2146798 ONTARIO INC.,204528,"JJ TRUCK DRIVING SCHOOL, BRAMPTON",BRAMPTON,L6S 5T3,+,,,Y,98.1%,76.0%,52.0%,96.2%,ND,ND
316885,2146798 ONTARIO INC.,204528,"JJ TRUCK DRIVING SCHOOL, BRAMPTON",BRAMPTON,L6S 5T3,AZ TRACTOR-TRAILER (MELT),Tractor-Trailer / Driver Licensing,AZ Class Truck Driver,Y,98.1%,76.0%,52.0%,96.2%,ND,ND
316901,ROUTE TRUCK DRIVING SCHOOL INC.,+,+,,,+,,,Y,100.0%,61.5%,53.8%,75.0%,100.0%,ND
316901,ROUTE TRUCK DRIVING SCHOOL INC.,204535,"ROUTE TRUCK DRIVING SCHOOL INC., BRAMPTON",BRAMPTON,L6V 1V2,+,,,Y,100.0%,61.5%,53.8%,75.0%,100.0%,ND
316901,ROUTE TRUCK DRIVING SCHOOL INC.,204535,"ROUTE TRUCK DRIVING SCHOOL INC., BRAMPTON",BRAMPTON,L6V 1V2,AZ TRACTOR-TRAILER (MELT),Tractor-Trailer / Driver Licensing,AZ Class Truck Driver,Y,100.0%,61.5%,53.8%,75.0%,100.0%,ND
317010,EMPIRE TRUCK ACADEMY INC.,+,+,,,+,,,Y,3.8%,82.1%,50.0%,96.7%,ND,ND
317010,EMPIRE TRUCK ACADEMY INC.,204666,"EMPIRE TRUCK ACADEMY INC., TORONTO",TORONTO,M9V 1A9,+,,,Y,3.8%,82.1%,50.0%,96.7%,ND,ND
317010,EMPIRE TRUCK ACADEMY INC.,204666,"EMPIRE TRUCK ACADEMY INC., TORONTO",TORONTO,M9V 1A9,TRACTOR-TRAILER MELT,Tractor-Trailer / Driver Licensing,A Class Truck Driver,Y,3.8%,82.1%,50.0%,96.7%,ND,ND
317040,MASTER TRUCK DRIVING SCHOOL INC.,+,+,,,+,,,Y,84.2%,81.3%,68.8%,81.3%,ND,ND
317040,MASTER TRUCK DRIVING SCHOOL INC.,204749,"MASTER TRUCK DRIVING SCHOOL INC., BRAMPTON",BRAMPTON,L6P 2K2,+,,,Y,84.2%,81.3%,68.8%,81.3%,ND,ND
317040,MASTER TRUCK DRIVING SCHOOL INC.,204749,"MASTER TRUCK DRIVING SCHOOL INC., BRAMPTON",BRAMPTON,L6P 2K2,AZ TRACTOR-TRAILER (MELT),Tractor-Trailer / Driver Licensing,AZ Class Truck Driver,Y,84.2%,81.3%,68.8%,81.3%,ND,ND
317123,11033280 CANADA INC.,+,+,,,+,,,Y,54.5%,ND,ND,ND,ND,ND
317123,11033280 CANADA INC.,204817,"CANADAWIDE TRUCK DRIVING SCHOOL, LONDON",LONDON,N6E 1A2,+,,,Y,54.5%,ND,ND,ND,ND,ND
317123,11033280 CANADA INC.,204817,"CANADAWIDE TRUCK DRIVING SCHOOL, LONDON",LONDON,N6E 1A2,MELT TRACTOR-TRAILER,Tractor-Trailer / Driver Licensing,Other Driver's License Training,Y,54.5%,ND,ND,ND,ND,ND
317131,B-TOWN TRUCK DRIVING SCHOOL INC.,+,+,,,+,,,Y,98.5%,80.4%,66.1%,91.8%,ND,ND
317131,B-TOWN TRUCK DRIVING SCHOOL INC.,204829,"B-TOWN TRUCK DRIVING SCHOOL, BRAMPTON",BRAMPTON,L6T 5P8,+,,,Y,98.5%,80.4%,66.1%,91.8%,ND,ND
317131,B-TOWN TRUCK DRIVING SCHOOL INC.,204829,"B-TOWN TRUCK DRIVING SCHOOL, BRAMPTON",BRAMPTON,L6T 5P8,CLASS A 103.5-HOUR MELT PROGRAM,Tractor-Trailer / Driver Licensing,A Class Truck Driver,Y,98.5%,80.4%,66.1%,91.8%,ND,ND
317159,2691713 ONTARIO INC.,+,+,,,+,,,Y,100.0%,92.0%,84.0%,100.0%,ND,ND
317159,2691713 ONTARIO INC.,204861,"SUNRISE TRUCK & FORKLIFT DRIVING SCHOOL, BRAMPTON",BRAMPTON,L7C 0Z7,+,,,Y,100.0%,92.0%,84.0%,100.0%,ND,ND
317159,2691713 ONTARIO INC.,204861,"SUNRISE TRUCK & FORKLIFT DRIVING SCHOOL, BRAMPTON",BRAMPTON,L7C 0Z7,AZ TRACTOR-TRAILER (MELT),Tractor-Trailer / Driver Licensing,AZ Class Truck Driver,Y,100.0%,92.0%,84.0%,100.0%,ND,ND
317260,SUPREME TRUCK DRIVING & FORKLIFT SCHOOL INC.,204951,"SUPREME TRUCK DRIVING & FORKLIFT SCHOOL INC., WINDSOR",WINDSOR,N8W 5C9,+,,,Y,100.0%,81.3%,56.3%,100.0%,100.0%,ND
317260,SUPREME TRUCK DRIVING & FORKLIFT SCHOOL INC.,204951,"SUPREME TRUCK DRIVING & FORKLIFT SCHOOL INC., WINDSOR",WINDSOR,N8W 5C9,AZ TRACTOR-TRAILER (MELT),Tractor-Trailer / Driver Licensing,AZ Class Truck Driver,Y,100.0%,81.3%,56.3%,100.0%,100.0%,ND
317284,2768440 ONTARIO INC.,+,+,,,+,,,Y,100.0%,66.7%,66.7%,100.0%,ND,ND
317284,2768440 ONTARIO INC.,205009,"T.DOT TRUCK DRIVING SCHOOL, BRAMPTON",BRAMPTON,L6T 4L9,+,,,Y,100.0%,66.7%,66.7%,100.0%,ND,ND
317284,2768440 ONTARIO INC.,205009,"T.DOT TRUCK DRIVING SCHOOL, BRAMPTON",BRAMPTON,L6T 4L9,COMMERCIAL TRUCK DRIVER TRAINING - MELT,Tractor-Trailer / Driver Licensing,A Class Truck Driver,Y,100.0%,66.7%,66.7%,100.0%,ND,ND
317416,1088420 ONTARIO LIMITED,+,+,,,+,,,Y,60.0%,100.0%,100.0%,33.3%,ND,ND
317416,1088420 ONTARIO LIMITED,205128,"ASTAS HAIRSTYLING SCHOOL, PETERBOROUGH",PETERBOROUGH,K9H 5Z8,+,,,Y,60.0%,100.0%,100.0%,33.3%,ND,ND
317416,1088420 ONTARIO LIMITED,205128,"ASTAS HAIRSTYLING SCHOOL, PETERBOROUGH",PETERBOROUGH,K9H 5Z8,HAIRSTYLING,Service Trade,Hairstylist,Y,60.0%,100.0%,100.0%,33.3%,ND,ND
,,,,,,,,,,,,,,,
SS = sample size of fewer than five (5) individuals,,,,,,,,,,,,,,,
ND = no applicable entrants or no survey respondents,,,,,,,,,,,,,,,
The Overall Survey Population scores exclude the closed CCs,,,,,,,,,,,,,,,
Default Rates are only calculated at the Overall Survey Population and Campus level.,,,,,,,,,,,,,,,
"Overall Survey Population Default Rates include all institutions, including the closed CCs",,,,,,,,,,,,,,,
"* For the Employment Statistics, Graduate Satisfaction, and Employer Satisfaction, see the combined program results below.",,,,,,,,,,,,,,,
"** For the OSAP Statistics and Graduation Rate results, see the individual program results above.",,,,,,,,,,,,,,,